Date,Open,High,Low,Close,Direction,Extension,Counter
2008-12-11,1416.299899,1431.70078,1319.245289,1339.586076,Bear,97.05461000000014,15.4008809999998
2008-12-12,1341.038989,1414.26582,1323.313447,1412.231742,Bull,73.22683100000017,17.725541999999905
2008-12-14,1411.069411,1423.273883,1402.351931,1420.077473,Bull,12.204472000000123,8.717480000000023
2008-12-15,1419.496308,1423.855048,1357.892784,1385.498137,Bear,61.60352400000011,4.358739999999898
2008-12-16,1386.079302,1451.460401,1382.301727,1430.538449,Bull,65.38109899999995,3.77757500000007
2008-12-17,1428.504371,1446.811078,1400.899018,1430.829032,Bull,18.30670699999996,27.605352999999923
2008-12-18,1429.666701,1438.093599,1387.241633,1411.069411,Bear,42.42506800000001,8.426897999999937
2008-12-19,1411.069411,1438.674764,1405.257758,1407.582419,Bear,5.811652999999978,27.60535300000015
2008-12-21,1408.163584,1422.111552,1406.710671,1415.428151,Bull,13.947968000000174,1.4529129999998531
2008-12-22,1416.299899,1418.62456,1359.345697,1388.985128,Bear,56.95420200000012,2.324660999999878
2008-12-23,1389.566294,1402.351931,1367.191429,1379.977066,Bear,22.374865,12.785636999999952
2008-12-24,1377.942987,1382.59231,1370.097255,1371.550169,Bear,7.845731999999998,4.649323000000095
2008-12-26,1377.071239,1384.335806,1370.097255,1381.429979,Bull,7.264566999999943,6.9739840000002005
2008-12-28,1380.848814,1381.429979,1367.191429,1373.293665,Bear,13.657384999999977,0.5811650000000554
2008-12-29,1373.584247,1392.47212,1343.944816,1372.712499,Bear,29.63943100000006,18.8878729999999
2008-12-30,1372.712499,1405.54834,1367.191429,1401.1896,Bull,32.83584100000007,5.521070000000009
2008-12-31,1401.1896,1423.564465,1391.019207,1409.325915,Bull,22.374865,10.170392999999876
2009-01-02,1407.582419,1474.125849,1399.446104,1456.400306,Bull,66.54342999999994,8.136314999999968
2009-01-04,1454.947393,1456.400306,1446.229913,1452.913314,Bear,8.717480000000023,1.4529130000000805
2009-01-05,1452.041566,1481.971581,1446.229913,1471.801187,Bull,29.930014999999912,5.811653000000206
2009-01-06,1472.672935,1495.919548,1465.408369,1473.544683,Bull,23.246613000000025,7.264566000000059
2009-01-07,1473.254101,1474.707014,1426.760875,1436.640685,Bear,46.49322600000005,1.4529130000000805
2009-01-08,1436.640685,1458.143802,1421.530387,1456.109724,Bull,21.503116999999975,15.110298000000057
2009-01-09,1455.237976,1460.177881,1413.394072,1419.786891,Bear,41.84390399999984,4.939905000000181
2009-01-11,1419.205725,1419.205725,1410.778828,1414.846985,Bear,8.426897000000054,0.0
2009-01-12,1415.137568,1425.017379,1378.814735,1408.163584,Bear,36.32283300000017,9.87981099999979
2009-01-13,1407.582419,1416.299899,1377.361822,1405.838923,Bear,30.220596999999998,8.717480000000023
2009-01-14,1404.095427,1406.129506,1326.509856,1334.646171,Bear,77.58557100000007,2.0340790000000197
2009-01-15,1334.646171,1384.335806,1323.313447,1382.882893,Bull,49.68963499999995,11.332724000000098
2009-01-16,1382.882893,1395.959112,1353.534044,1391.30979,Bull,13.076219000000037,29.348848999999973
2009-01-18,1393.634451,1420.658639,1393.634451,1407.582419,Bull,27.024188000000095,0.0
2009-01-19,1407.582419,1411.650576,1372.131334,1375.037161,Bear,35.45108500000015,4.068156999999928
2009-01-20,1375.618326,1388.694546,1315.758297,1337.551997,Bear,59.86002899999994,13.076219999999921
2009-01-21,1337.551997,1397.412026,1325.347525,1396.540278,Bull,59.86002899999994,12.204472000000123
2009-01-22,1395.959112,1396.249695,1332.030927,1354.696374,Bear,63.928184999999985,0.2905829999999696
2009-01-23,1353.534044,1384.335806,1326.800439,1353.243461,Bear,26.733604999999898,30.801762000000053
2009-01-25,1354.115209,1354.115209,1341.329572,1343.073068,Bear,12.785636999999952,0.0
2009-01-26,1342.20132,1396.249695,1332.902675,1384.045223,Bull,54.04837500000008,9.298644999999851
2009-01-27,1384.335806,1404.095427,1367.191429,1402.642514,Bull,19.759620999999925,17.144377000000077
2009-01-28,1402.642514,1446.811078,1400.317852,1424.145631,Bull,44.16856400000006,2.3246619999999893
2009-01-29,1423.855048,1429.666701,1390.147459,1405.838923,Bear,33.70758899999987,5.811653000000206
2009-01-30,1405.838923,1411.359994,1364.285602,1370.678421,Bear,41.553321000000096,5.521070999999893
2009-02-01,1372.712499,1374.746578,1364.285602,1367.482011,Bear,8.426897000000054,2.0340790000000197
2009-02-02,1366.029098,1397.121443,1340.748406,1382.011145,Bull,31.092345000000023,25.280692000000045
2009-02-03,1381.720562,1415.428151,1368.644342,1405.838923,Bull,33.7075890000001,13.076219999999921
2009-02-04,1405.838923,1444.486417,1377.652405,1377.942987,Bear,28.186517999999978,38.64749400000005
2009-02-05,1379.105318,1452.041566,1377.361822,1435.478355,Bull,72.9362480000002,1.7434959999998227
2009-02-06,1435.478355,1487.202069,1430.829032,1482.843329,Bull,51.72371399999997,4.6493229999998675
2009-02-08,1479.646919,1482.552746,1462.793125,1462.793125,Bear,16.853794000000107,2.905827000000045
2009-02-09,1462.793125,1494.176052,1462.21196,1472.09177,Bull,31.38292700000011,0.5811649999998281
2009-02-10,1471.510605,1494.757218,1419.786891,1436.350103,Bear,51.72371399999997,23.246613000000025
2009-02-11,1436.350103,1440.999425,1402.351931,1417.462229,Bear,33.99817200000007,4.649321999999984
2009-02-12,1417.462229,1454.65681,1397.702608,1449.426322,Bull,37.19458099999997,19.759620999999925
2009-02-13,1449.426322,1458.724968,1425.017379,1428.794953,Bear,24.408943000000136,9.298645999999962
2009-02-15,1422.9833,1423.855048,1409.90708,1419.496308,Bear,13.076220000000149,0.8717479999997977
2009-02-16,1418.915143,1426.179709,1400.317852,1402.642514,Bear,18.59729100000004,7.264566000000059
2009-02-17,1402.933096,1404.676592,1370.387838,1380.558231,Bear,32.545257999999876,1.7434960000000501
2009-02-18,1380.558231,1399.446104,1361.670358,1370.387838,Bear,18.8878729999999,18.887873000000127
2009-02-19,1370.387838,1396.540278,1348.594138,1351.499965,Bear,21.79370000000017,26.152439999999842
2009-02-20,1349.756469,1375.618326,1336.680249,1361.960941,Bull,25.8618570000001,13.076219999999921
2009-02-22,1365.15735,1379.977066,1352.08113,1378.23357,Bull,14.819715999999971,13.076219999999921
2009-02-23,1378.23357,1390.147459,1308.203148,1327.091021,Bear,70.03042200000004,11.913888999999926
2009-02-24,1326.800439,1367.772594,1317.792376,1348.594138,Bull,40.97215499999993,9.008062999999993
2009-02-25,1350.047052,1376.490074,1327.381604,1344.235398,Bear,22.66544799999997,26.443022000000155
2009-02-26,1344.816564,1365.738515,1309.074896,1313.433636,Bear,35.74166799999989,20.921951000000035
2009-02-27,1313.433636,1322.732281,1286.990614,1298.323338,Bear,26.443021999999928,9.298645000000079
2009-03-01,1295.126928,1295.998676,1273.042646,1278.273134,Bear,22.084281999999803,0.8717480000000251
2009-03-02,1278.273134,1297.161007,1248.633702,1272.461481,Bear,29.639431999999942,18.8878729999999
2009-03-03,1271.880315,1281.178961,1234.395152,1258.22293,Bear,37.48516300000006,9.298645999999962
2009-03-04,1258.22293,1307.621983,1257.0606,1275.65789,Bull,49.399053000000094,1.1623299999998835
2009-03-05,1274.495559,1284.665953,1246.018458,1258.22293,Bear,28.477100999999948,10.170393999999987
2009-03-06,1258.22293,1266.359245,1212.310869,1251.248946,Bear,45.912060999999994,8.136315000000195
2009-03-08,1251.539529,1260.547591,1246.018458,1251.830112,Bull,9.008062000000109,5.521070999999893
2009-03-09,1251.539529,1264.325166,1209.11446,1227.711751,Bear,42.425068999999894,12.785637000000179
2009-03-10,1228.583499,1297.45159,1224.805924,1295.126928,Bull,68.86809099999982,3.77757500000007
2009-03-11,1294.836346,1320.117037,1284.37537,1297.45159,Bull,25.280690999999933,10.460976000000073
2009-03-12,1295.708094,1355.27754,1290.768188,1349.756469,Bull,59.56944599999997,4.9399060000000645
2009-03-13,1349.465699,1366.039615,1334.636405,1358.479583,Bull,16.573915999999826,14.829294000000118
2009-03-15,1353.536485,1355.862649,1345.394912,1346.848764,Bear,8.141573000000108,2.326163999999835
2009-03-16,1346.848764,1372.436565,1328.530226,1349.465699,Bull,25.5878009999999,18.31853799999999
2009-03-17,1349.465699,1386.393547,1333.764094,1380.287367,Bull,36.92784799999981,15.7016050000002
2009-03-18,1381.159679,1424.484477,1371.273483,1397.733595,Bull,43.32479799999987,9.886196000000155
2009-03-19,1397.442824,1422.158313,1387.556629,1389.592022,Bear,9.886195000000043,24.715488999999934
2009-03-20,1387.847399,1418.959838,1369.23809,1381.741219,Bear,18.60930899999994,31.112438999999995
2009-03-22,1379.996597,1406.165938,1379.996597,1403.839774,Bull,26.16934100000003,0.0
2009-03-23,1404.130545,1463.156948,1399.187447,1453.852293,Bull,59.02640300000007,4.943097999999964
2009-03-24,1453.270752,1459.376932,1430.881427,1442.221475,Bear,22.38932499999987,6.106179999999995
2009-03-25,1441.639934,1467.227734,1401.804381,1451.52613,Bull,25.587800000000016,39.83555300000012
2009-03-26,1451.8169,1490.780141,1446.873802,1472.461603,Bull,38.963240999999925,4.943097999999964
2009-03-27,1472.752373,1478.567782,1451.52613,1460.830784,Bear,21.226243000000068,5.815409000000045
2009-03-29,1453.852293,1459.086161,1437.278377,1438.441459,Bear,16.573915999999826,5.2338680000000295
2009-03-30,1439.023,1439.31377,1399.768988,1429.427575,Bear,39.254011999999875,0.2907700000000659
2009-03-31,1429.136804,1462.866177,1413.144429,1416.342904,Bear,15.992375000000038,33.72937300000012
2009-04-01,1416.052134,1475.950848,1407.32902,1475.369307,Bull,59.89871399999993,8.723114000000123
2009-04-02,1475.369307,1524.509515,1468.972357,1509.680221,Bull,49.14020800000003,6.396949999999833
2009-04-03,1509.680221,1532.941858,1504.155583,1530.906465,Bull,23.261636999999837,5.524638000000095
2009-04-05,1530.034153,1543.991135,1527.70799,1540.50189,Bull,13.956981999999925,2.3261629999999514
2009-04-06,1540.211119,1542.828054,1495.141698,1531.778776,Bear,45.06942100000015,2.6169350000000122
2009-04-07,1531.778776,1532.069547,1473.333914,1478.277012,Bear,58.44486200000006,0.2907709999999497
2009-04-08,1478.277012,1525.672596,1473.624684,1524.218744,Bull,47.3955840000001,4.652328000000125
2009-04-09,1524.218744,1559.983511,1512.878696,1553.877331,Bull,35.76476699999989,11.340048000000024
2009-04-12,1549.225004,1557.366576,1547.18961,1548.643463,Bear,2.0353939999999966,8.141571999999996
2009-04-13,1549.225004,1562.600445,1534.977251,1537.012644,Bear,14.247752999999875,13.375441000000137
2009-04-14,1537.303415,1559.69274,1516.949483,1519.857187,Bear,20.353931999999986,22.38932499999987
2009-04-15,1519.566417,1548.934233,1504.446353,1528.580301,Bull,29.367815999999948,15.120063999999957
2009-04-16,1529.452612,1579.755902,1520.438728,1558.238888,Bull,50.30329000000006,9.013883999999962
2009-04-17,1558.529658,1582.663606,1554.749642,1572.48664,Bull,24.133948000000146,3.7800159999999323
2009-04-19,1569.578936,1569.578936,1557.657347,1559.69274,Bear,11.92158900000004,0.0
2009-04-20,1561.728133,1568.125083,1513.751008,1534.977251,Bear,47.977125000000115,6.396949999999833
2009-04-21,1534.977251,1546.89884,1511.715614,1541.083431,Bull,11.92158900000004,23.261637000000064
2009-04-22,1541.083431,1584.117459,1529.161842,1550.388085,Bull,43.034028000000035,11.92158900000004
2009-04-23,1549.225004,1577.138968,1534.10494,1554.458872,Bull,27.913964000000078,15.120063999999957
2009-04-24,1554.458872,1603.308309,1553.29579,1599.237523,Bull,48.84943700000008,1.1630820000000313
2009-04-26,1591.09595,1592.549802,1570.451247,1577.138968,Bear,20.644702999999936,1.4538520000000972
2009-04-27,1577.429738,1609.123718,1570.742018,1578.302049,Bull,31.69398000000001,6.687720000000127
2009-04-28,1578.59282,1602.145227,1571.323558,1586.152852,Bull,23.552406999999903,7.269262000000026
2009-04-29,1586.443622,1625.116093,1584.699,1611.159111,Bull,38.67247100000009,1.7446219999999357
2009-04-30,1611.449882,1648.37773,1607.669866,1617.265291,Bull,36.92784800000004,3.7800159999999323
2009-05-01,1617.846832,1631.513043,1606.216014,1626.569946,Bull,13.666210999999976,11.630817999999863
2009-05-03,1625.406864,1637.328453,1625.406864,1632.385355,Bull,11.92158900000004,0.0
2009-05-04,1632.385355,1659.427007,1630.640732,1654.193139,Bull,27.041652000000113,1.7446229999998195
2009-05-05,1653.902369,1661.17163,1635.58383,1642.27155,Bear,18.318538999999873,7.269261000000142
2009-05-06,1642.27155,1669.603973,1627.151487,1650.122353,Bull,27.332423000000063,15.120062999999845
2009-05-07,1650.413123,1672.220908,1599.528293,1628.605339,Bear,50.884829999999965,21.807784999999967
2009-05-08,1629.18688,1640.236157,1600.109834,1616.102209,Bear,29.077045999999882,11.049277000000075
2009-05-10,1613.194505,1613.194505,1600.400604,1609.123718,Bear,12.793901000000005,0.0
2009-05-11,1609.123718,1639.654616,1588.769786,1618.719143,Bull,30.53089799999998,20.353931999999986
2009-05-12,1617.846832,1635.8746,1582.663606,1612.903734,Bear,35.18322599999988,18.02776800000015
2009-05-13,1613.485275,1614.939127,1556.494265,1562.309674,Bear,56.99100999999996,1.4538520000000972
2009-05-14,1561.728133,1591.968261,1554.458872,1576.266656,Bull,30.240127999999913,7.269261000000142
2009-05-15,1576.266656,1596.911359,1559.983511,1575.103574,Bear,16.283145000000104,20.644702999999936
2009-05-17,1572.777411,1575.394345,1561.437363,1567.252772,Bear,11.340048000000024,2.616933999999901
2009-05-18,1567.834313,1619.591455,1564.635838,1612.031423,Bull,51.75714199999993,3.198475000000144
2009-05-19,1612.322193,1640.526928,1603.88985,1617.265291,Bull,28.204735000000028,8.432342999999946
2009-05-20,1616.68375,1655.065451,1611.159111,1614.066816,Bear,5.524638999999979,38.38170100000002
2009-05-21,1613.194505,1620.463766,1572.48664,1594.585195,Bear,40.707864999999856,7.269261000000142
2009-05-22,1594.875966,1604.18062,1572.777411,1582.663606,Bear,22.098555000000033,9.304654000000028
2009-05-24,1581.500525,1590.514409,1568.997395,1582.954377,Bull,9.013883999999962,12.503129999999828
2009-05-25,1582.954377,1589.932868,1571.032788,1574.812804,Bear,11.92158900000004,6.978491000000076
2009-05-26,1574.812804,1645.760796,1561.728133,1641.108469,Bull,70.94799200000011,13.084670999999844
2009-05-27,1641.399239,1661.753171,1625.697634,1637.619223,Bear,15.701604999999972,20.353931999999986
2009-05-28,1637.909994,1656.519303,1615.811439,1648.37773,Bull,18.60930899999994,22.098555000000033
2009-05-29,1648.6685,1678.036317,1641.108469,1671.348596,Bull,29.36781700000006,7.560030999999981
2009-05-31,1667.859351,1678.036317,1663.207023,1675.128612,Bull,10.176965999999993,4.652328000000125
2009-06-01,1675.419383,1723.978049,1675.419383,1706.822592,Bull,48.55866600000013,0.0
2009-06-02,1707.404133,1738.225802,1703.333347,1722.814967,Bull,30.82166899999993,4.070785999999998
2009-06-03,1722.814967,1726.594983,1696.645626,1714.964165,Bear,26.16934100000003,3.7800159999999323
2009-06-04,1715.545706,1740.842736,1714.091854,1737.35349,Bull,25.29702999999995,1.4538520000000972
2009-06-05,1737.35349,1759.742816,1719.616492,1738.516572,Bull,22.389325999999983,17.736997999999858
2009-06-07,1735.027327,1737.06272,1727.176524,1732.410393,Bear,7.850803000000042,2.0353929999998854
2009-06-08,1732.701163,1744.913522,1705.950281,1732.410393,Bear,26.750882000000047,12.212359000000106
2009-06-09,1732.119622,1755.672029,1729.502688,1752.764325,Bull,23.55240700000013,2.616933999999901
2009-06-10,1752.473554,1765.267454,1713.510313,1747.530456,Bear,38.963240999999925,12.793900000000122
2009-06-11,1745.785834,1758.879032,1730.946462,1737.63864,Bear,14.839371999999912,13.09319800000003
2009-06-12,1737.929604,1741.71214,1709.124141,1728.327783,Bear,28.805462999999918,3.7825360000001638
2009-06-14,1726.000069,1726.000069,1718.434998,1719.598855,Bear,7.565070999999989,0.0
2009-06-15,1719.307891,1721.635605,1680.027714,1690.211464,Bear,39.28017699999987,2.3277140000000145
2009-06-16,1690.502428,1708.833177,1677.409036,1685.556035,Bear,13.093391999999994,18.33074899999997
2009-06-17,1686.719892,1710.287998,1673.335536,1689.047607,Bull,23.568105999999943,13.384356000000025
2009-06-18,1689.338571,1702.431963,1679.445786,1692.539178,Bull,13.093391999999994,9.892785000000003
2009-06-19,1698.940392,1718.725962,1695.448821,1706.214499,Bull,19.785570000000007,3.4915710000000217
2009-06-21,1705.63257,1711.451856,1701.268106,1710.869927,Bull,5.81928599999992,4.364463999999998
2009-06-22,1710.287998,1711.451856,1654.131894,1661.987929,Bear,56.156103999999914,1.163857999999891
2009-06-23,1661.696965,1669.262036,1643.366216,1659.951179,Bear,18.330749000000196,7.565070999999989
2009-06-24,1661.115036,1702.722927,1653.549965,1698.358463,Bull,41.60789100000011,7.565070999999989
2009-06-25,1697.48557,1718.725962,1667.51625,1709.124141,Bull,21.24039199999993,29.969320000000153
2009-06-26,1708.251249,1724.836212,1703.59582,1718.725962,Bull,16.584963000000016,4.655428999999913
2009-06-28,1717.85307,1717.85307,1711.451856,1711.74282,Bear,6.401213999999982,0.0
2009-06-29,1711.74282,1737.056712,1707.087391,1723.381391,Bull,25.313892000000124,4.655428999999913
2009-06-30,1723.381391,1736.183819,1705.923534,1724.545248,Bull,12.80242800000019,17.457856999999876
2009-07-01,1724.254284,1741.421176,1716.689213,1716.980177,Bear,7.565070999999989,17.16689199999996
2009-07-02,1716.980177,1719.88982,1674.208429,1684.392178,Bear,42.77174799999989,2.9096430000001874
2009-07-03,1684.392178,1687.883749,1676.827107,1679.73675,Bear,7.565070999999989,3.4915710000000217
2009-07-05,1679.154821,1680.900607,1664.315643,1665.188536,Bear,14.839178000000175,1.7457859999999528
2009-07-06,1665.770465,1679.154821,1655.295751,1674.790357,Bull,13.384356000000025,10.474713999999949
2009-07-07,1675.081321,1683.81025,1630.854752,1637.255966,Bear,44.22656899999993,8.728929000000107
2009-07-08,1637.255966,1647.439715,1620.671002,1641.62043,Bull,10.183749000000034,16.5849639999999
2009-07-09,1642.202359,1654.131894,1636.965002,1640.747537,Bear,5.2373569999999745,11.929535000000214
2009-07-10,1640.165609,1660.242143,1632.600538,1647.73068,Bull,20.076534000000038,7.565070999999989
2009-07-12,1650.931287,1654.422858,1635.219216,1636.383073,Bear,15.712071000000151,3.4915709999997944
2009-07-13,1636.674037,1683.81025,1628.818002,1680.900607,Bull,47.136213,7.85603500000002
2009-07-14,1680.900607,1716.107284,1672.753607,1711.74282,Bull,35.2066769999999,8.146999999999935
2009-07-15,1712.033784,1745.203711,1706.505463,1734.147069,Bull,33.16992700000014,5.528321000000005
2009-07-16,1734.147069,1769.353746,1732.983212,1754.223604,Bull,35.2066769999999,1.1638570000000072
2009-07-17,1754.805532,1779.537496,1752.477818,1779.537496,Bull,24.731963999999834,2.3277140000000145
2009-07-19,1778.082674,1789.430281,1773.136282,1785.647745,Bull,11.347606999999925,4.94639200000006
2009-07-20,1785.647745,1796.995352,1777.209781,1787.684495,Bull,11.347606999999925,8.437963999999965
2009-07-21,1787.684495,1816.198994,1778.664603,1812.416458,Bull,28.514499000000114,9.019892000000027
2009-07-22,1812.416458,1828.710458,1798.450173,1818.526708,Bull,16.294000000000096,13.96628499999997
2009-07-23,1818.235744,1866.535813,1813.580316,1830.747208,Bull,48.300068999999894,4.655428000000029
2009-07-24,1830.747208,1862.462313,1830.456243,1860.716528,Bull,31.715104999999994,0.29096499999991465
2009-07-26,1858.970742,1872.646063,1853.151457,1872.064134,Bull,13.67532099999994,5.819285000000036
2009-07-27,1872.355099,1872.646063,1837.148422,1860.425564,Bear,35.20667700000013,0.2909639999998035
2009-07-28,1859.843635,1871.482206,1840.639993,1860.716528,Bull,11.638570999999956,19.203641999999945
2009-07-29,1860.716528,1870.027385,1843.258671,1866.535813,Bull,9.31085700000017,17.457856999999876
2009-07-30,1866.826778,1899.414776,1866.244849,1875.555706,Bull,32.58799799999997,0.5819290000001729
2009-07-31,1875.555706,1883.99367,1860.425564,1863.335206,Bear,15.130142000000205,8.437963999999965
2009-08-02,1863.626171,1872.937027,1862.753278,1869.73642,Bull,9.31085599999983,0.8728930000002038
2009-08-03,1869.154492,1895.050312,1867.117742,1887.485241,Bull,25.895820000000185,2.0367499999999836
2009-08-04,1887.485241,1899.996705,1877.010527,1893.595491,Bull,12.511463999999933,10.474714000000176
2009-08-05,1893.595491,1898.541883,1864.499063,1872.646063,Bear,29.09642800000006,4.94639200000006
2009-08-06,1872.646063,1890.685848,1854.606278,1863.335206,Bear,18.039784999999938,18.039785000000165
2009-08-07,1862.753278,1894.468384,1856.643028,1884.575598,Bull,31.715106000000105,6.110249999999951
2009-08-09,1884.284634,1885.157527,1878.756313,1881.084027,Bear,5.528321000000005,0.8728929999999764
2009-08-10,1880.793063,1883.99367,1859.552671,1874.682813,Bear,21.240392000000156,3.200606999999991
2009-08-11,1874.391849,1882.829813,1845.586386,1860.716528,Bear,28.805463000000145,8.437963999999965
2009-08-12,1860.425564,1901.451526,1847.332171,1888.940062,Bull,41.02596200000016,13.093392999999878
2009-08-13,1888.649098,1906.979847,1873.80992,1896.796098,Bull,18.33074899999997,14.839178000000175
2009-08-14,1896.796098,1901.74249,1856.352064,1880.211134,Bear,40.4440340000001,4.94639200000006
2009-08-16,1876.428599,1876.719563,1865.080992,1865.953885,Bear,11.347607000000153,0.29096400000003086
2009-08-17,1865.953885,1865.953885,1817.071887,1823.764065,Bear,48.88199799999984,0.0
2009-08-18,1824.055029,1848.496028,1824.055029,1842.676743,Bull,24.44099899999992,0.0
2009-08-19,1842.967707,1870.318349,1820.854422,1867.990635,Bull,27.35064199999988,22.113284999999905
2009-08-20,1867.69967,1885.739455,1851.696635,1863.917135,Bear,16.003034999999954,18.039784999999938
2009-08-21,1863.917135,1908.434669,1863.335206,1903.77924,Bull,44.51753400000007,0.5819289999999455
2009-08-23,1902.906347,1918.327454,1900.869598,1913.381061,Bull,15.421106999999893,2.0367490000001
2009-08-24,1913.672026,1918.03649,1893.595491,1897.668991,Bear,20.07653499999992,4.364463999999998
2009-08-25,1897.378026,1926.765418,1891.558741,1911.344311,Bull,29.387391999999863,5.819285000000036
2009-08-26,1911.92624,1919.491311,1894.177419,1901.451526,Bear,17.748820999999907,7.565070999999989
2009-08-27,1901.74249,1912.799133,1874.391849,1908.143704,Bull,11.056642999999895,27.350640999999996
2009-08-28,1908.143704,1941.89556,1897.668991,1911.92624,Bull,33.75185599999986,10.474713000000065
2009-08-30,1910.180454,1914.544918,1896.505133,1898.541883,Bear,13.675321000000167,4.364463999999998
2009-08-31,1898.250919,1900.287669,1880.502098,1897.087062,Bear,17.748821000000135,2.0367499999999836
2009-09-01,1897.087062,1919.200347,1850.823743,1858.388814,Bear,46.26331900000014,22.113284999999905
2009-09-02,1858.679778,1865.66292,1845.004457,1856.933992,Bear,13.67532099999994,6.9831420000000435
2009-09-03,1856.352064,1872.064134,1844.131564,1867.69967,Bull,15.71207000000004,12.220499999999902
2009-09-04,1867.69967,1909.307561,1862.753278,1904.652133,Bull,41.60789100000011,4.94639200000006
2009-09-06,1903.488276,1907.561776,1901.451526,1906.397919,Bull,4.073499999999967,2.0367499999999836
2009-09-07,1906.688883,1917.745525,1904.361169,1914.253954,Bull,11.05664200000001,2.3277140000000145
2009-09-08,1913.96299,1928.220239,1912.217204,1918.03649,Bull,14.257249000000002,1.7457859999999528
2009-09-09,1917.745525,1951.788345,1914.544918,1946.841953,Bull,34.04281999999989,3.200606999999991
2009-09-10,1946.841953,1961.985675,1933.445583,1957.034842,Bull,15.143721999999798,13.39637000000016
2009-09-11,1957.617293,1967.518958,1947.715629,1961.694449,Bull,9.901665000000094,9.901663999999982
2009-09-13,1958.782195,1960.529548,1941.30867,1943.347248,Bear,17.47352500000011,1.7473529999999755
2009-09-14,1943.347248,1970.722437,1939.852543,1959.947097,Bull,27.375188999999864,3.4947050000000672
2009-09-15,1960.238322,1982.66268,1956.743617,1975.382044,Bull,22.424357999999984,3.49470499999984
2009-09-16,1975.382044,2007.708066,1974.217142,1999.553754,Bull,32.326021999999966,1.1649019999999837
2009-09-17,1999.84498,2015.862378,1994.602922,2000.718656,Bull,16.017397999999957,5.242058000000043
2009-09-18,2000.718656,2015.862378,1995.185373,2004.213361,Bull,15.143722000000025,5.533282999999983
2009-09-20,2000.427431,2003.922136,1997.515176,2000.427431,Bear,2.912254999999959,3.49470499999984
2009-09-21,2000.718656,2019.648308,1988.195963,2017.900956,Bull,18.929652000000033,12.522693000000118
2009-09-22,2017.900956,2028.385071,2010.037869,2021.978112,Bull,10.484114999999974,7.86308699999995
2009-09-23,2021.978112,2042.363891,1997.806402,1998.971303,Bear,24.171710000000076,20.385778999999957
2009-09-24,1999.262529,2023.143014,1971.887339,1985.866159,Bear,27.375189999999975,23.880484999999908
2009-09-25,1985.866159,1990.816992,1967.227732,1976.838171,Bear,18.638426999999865,4.950833000000102
2009-09-27,1976.838171,1981.497778,1966.354056,1970.722437,Bear,10.484115000000202,4.6596069999998235
2009-09-28,1971.013663,2018.192181,1968.101409,2007.125615,Bull,47.17851799999994,2.912253999999848
2009-09-29,2007.125615,2016.153603,1988.195963,2000.136205,Bear,18.929652000000033,9.02798800000005
2009-09-30,1999.84498,2015.279927,1967.227732,1995.767824,Bear,32.61724800000002,15.434946999999966
2009-10-01,1996.059049,2002.466008,1938.10519,1940.143768,Bear,57.953858999999966,6.406959000000143
2009-10-02,1940.143768,1950.919109,1921.796566,1936.066612,Bear,18.347201999999925,10.775341000000026
2009-10-04,1936.649063,1945.385826,1933.445583,1941.017444,Bull,8.736762999999883,3.203480000000127
2009-10-05,1941.017444,1958.49097,1931.407005,1952.375236,Bull,17.473525999999993,9.610439000000042
2009-10-06,1952.375236,1993.43802,1952.375236,1979.750425,Bull,41.062783999999965,0.0
2009-10-07,1985.574934,2007.708066,1975.67327,2005.087037,Bull,22.133131999999932,9.901663999999982
2009-10-08,2004.795812,2016.153603,1992.85557,1993.146795,Bear,11.940242000000126,11.357790999999906
2009-10-11,2011.202771,2015.571153,2008.290517,2010.911546,Bear,2.9122540000000754,4.368382000000111
2009-10-12,2010.911546,2027.511395,1999.553754,2012.658898,Bull,16.59984899999995,11.357792000000018
2009-10-13,2012.950124,2033.918354,2003.922136,2033.044678,Bull,20.96822999999995,9.02798800000005
2009-10-14,2033.044678,2043.820019,2026.637719,2034.20958,Bull,10.775341000000026,6.406958999999915
2009-10-15,2034.20958,2043.528793,2023.434239,2040.616539,Bull,9.31921299999999,10.775341000000026
2009-10-16,2040.616539,2047.897174,2009.164193,2018.483407,Bear,31.452346000000034,7.280634999999847
2009-10-18,2015.279927,2016.444829,2007.416841,2015.279927,Bear,7.863086000000067,1.1649019999999837
2009-10-19,2015.571153,2065.953151,2014.697476,2060.419868,Bull,50.38199800000007,0.8736770000000433
2009-10-20,2059.837417,2063.914573,2031.0061,2046.732273,Bear,28.831317000000126,4.077155999999832
2009-10-21,2046.732273,2072.651335,2032.462227,2035.665707,Bear,14.270046000000093,25.91906199999994
2009-10-22,2035.665707,2060.128642,2024.01669,2059.837417,Bull,24.462935000000016,11.649017000000185
2009-10-23,2059.546191,2071.486434,2034.79203,2041.490215,Bear,24.75416099999984,11.94024300000001
2009-10-25,2039.742863,2048.1884,2036.248158,2043.820019,Bull,8.445537000000058,3.49470499999984
2009-10-26,2043.528793,2070.321532,2024.01669,2029.258747,Bear,19.512103000000025,26.792738999999983
2009-10-27,2029.549973,2040.616539,1995.476598,1998.680078,Bear,34.07337499999994,11.066566000000194
2009-10-28,1998.388853,2005.378263,1953.831363,1959.947097,Bear,44.557489999999916,6.9894100000001345
2009-10-29,1960.238322,1995.476598,1957.034842,1989.943315,Bull,35.23827600000004,3.2034799999998995
2009-10-30,1990.234541,1994.020471,1933.736809,1936.649063,Bear,56.49773200000004,3.7859300000000076
2009-11-01,1934.90171,1947.133178,1925.291271,1946.259502,Bull,12.23146799999995,9.610439000000042
2009-11-02,1946.259502,1966.062831,1922.379017,1945.968276,Bear,23.880485000000135,19.80332899999985
2009-11-03,1945.968276,1957.908519,1923.252693,1957.908519,Bull,11.94024300000001,22.71558300000015
2009-11-04,1957.908519,1980.332876,1952.08401,1957.034842,Bear,5.824509000000035,22.424356999999873
2009-11-05,1957.034842,2005.960714,1947.133178,2000.427431,Bull,48.92587200000003,9.901663999999982
2009-11-06,2001.009881,2024.01669,1986.157385,2014.988702,Bull,23.006808999999976,14.852495999999974
2009-11-08,2012.950124,2023.434239,2012.367673,2020.521985,Bull,10.484114999999974,0.5824509999999918
2009-11-09,2020.230759,2058.963741,2018.774632,2050.809429,Bull,38.73298199999999,1.456126999999924
2009-11-10,2050.809429,2070.612757,2049.062076,2067.700503,Bull,19.803327999999965,1.7473529999997481
2009-11-11,2067.118052,2088.086283,2062.749671,2072.651335,Bull,20.968231000000287,4.368380999999772
2009-11-12,2072.36011,2089.251185,2060.128642,2069.447856,Bear,12.23146799999995,16.891075
2009-11-13,2069.15663,2088.086283,2064.205798,2081.970549,Bull,18.929653000000144,4.950831999999991
2009-11-15,2084.591578,2096.240595,2081.970549,2095.366918,Bull,11.649017000000185,2.6210289999999077
2009-11-16,2095.366918,2112.840444,2086.921381,2092.163439,Bear,8.445537000000058,17.473525999999765
2009-11-17,2091.872213,2112.257993,2091.289762,2104.977357,Bull,20.385780000000068,0.5824510000002192
2009-11-18,2104.686132,2111.093091,2083.717902,2091.580988,Bear,20.96822999999995,6.40695900000037
2009-11-19,2091.289762,2094.784468,2049.935752,2064.788249,Bear,41.35401000000002,3.494705999999951
2009-11-20,2064.788249,2066.244376,2044.402469,2054.886585,Bear,20.385780000000068,1.456126999999924
2009-11-22,2053.721683,2063.623347,2052.848007,2062.16722,Bull,9.901663999999982,0.8736760000001595
2009-11-23,2061.584769,2098.861623,2059.837417,2080.514422,Bull,37.27685399999973,1.7473519999998643
2009-11-24,2080.223196,2089.54241,2068.57418,2085.465254,Bull,9.319214000000102,11.649015999999847
2009-11-25,2085.465254,2096.53182,2079.640746,2079.931971,Bear,5.824508000000151,11.066565999999966
2009-11-26,2079.931971,2081.970549,2021.686886,2026.928944,Bear,58.24508500000002,2.038578000000143
2009-11-27,2026.928944,2073.233786,2006.251939,2049.062076,Bull,46.30484199999978,20.67700500000001
2009-11-29,2053.721683,2067.700503,2053.721683,2059.837417,Bull,13.978819999999814,0.0
2009-11-30,2059.254966,2066.826827,2038.869186,2063.332122,Bull,7.571860999999899,20.385780000000068
2009-12-01,2063.040896,2095.658144,2059.546191,2086.630156,Bull,32.61724800000002,3.4947050000000672
2009-12-02,2086.33893,2104.394907,2080.514422,2096.240595,Bull,18.055976999999984,5.824507999999696
2009-12-03,2095.949369,2104.686132,2069.15663,2071.486434,Bear,26.792738999999983,8.736762999999883
2009-12-04,2071.486434,2115.752698,2065.079474,2090.707312,Bull,44.266263999999865,6.406959999999799
2009-12-06,2090.998537,2095.658144,2085.756479,2086.33893,Bear,5.242057999999815,4.659607000000051
2009-12-07,2086.630156,2094.493242,2072.36011,2079.640746,Bear,14.270046000000093,7.863085999999839
2009-12-08,2079.34952,2084.882803,2050.226978,2070.030307,Bear,29.122542000000067,5.533282999999756
2009-12-09,2070.321532,2094.202017,2048.770851,2084.300352,Bull,23.880485000000135,21.550680999999713
2009-12-10,2084.591578,2106.72471,2080.805647,2101.191144,Bull,22.133131999999932,3.7859309999998914
2009-12-11,2101.482652,2112.268456,2078.453504,2090.696849,Bear,23.029148000000077,10.785803999999644
2009-12-13,2087.781767,2108.478849,2082.826127,2105.272259,Bull,20.697082000000137,4.95564000000013
2009-12-14,2105.855275,2111.393931,2090.113832,2108.187341,Bull,5.538656000000174,15.74144299999989
2009-12-15,2108.478849,2112.851472,2088.947799,2094.194947,Bear,19.53105000000005,4.372622999999749
2009-12-16,2093.903439,2114.309013,2089.822324,2090.696849,Bear,4.081114999999954,20.405573999999888
2009-12-17,2090.405341,2095.36098,2068.542225,2088.364783,Bear,21.86311599999999,4.955638999999792
2009-12-18,2088.656291,2107.604325,2083.99216,2105.855275,Bull,18.948034000000007,4.664130999999998
2009-12-20,2105.855275,2117.515604,2102.357177,2111.685439,Bull,11.660329000000274,3.4980980000000272
2009-12-21,2111.393931,2138.212686,2107.021308,2135.589112,Bull,26.818754999999783,4.372623000000203
2009-12-22,2135.880621,2149.581506,2133.257047,2148.706982,Bull,13.700885000000198,2.623573999999735
2009-12-23,2148.99849,2162.990884,2142.002293,2162.407867,Bull,13.992393999999877,6.996196999999938
2009-12-24,2162.407867,2179.89836,2160.658818,2178.732327,Bull,17.490493000000242,1.7490490000000136
2009-12-27,2177.566294,2184.853999,2172.027638,2183.687966,Bull,7.2877049999997325,5.538656000000174
2009-12-28,2183.979474,2193.890753,2177.274786,2186.31154,Bull,9.911278999999922,6.70468800000026
2009-12-29,2186.31154,2193.599245,2177.857802,2178.732327,Bear,8.453738000000158,7.2877049999997325
2009-12-30,2178.732327,2194.47377,2171.444622,2191.850196,Bull,15.74144299999989,7.287705000000187
2009-12-31,2191.850196,2193.890753,2167.363507,2176.983277,Bear,24.486688999999842,2.0405570000002626
2010-01-03,2175.234228,2182.813442,2175.234228,2179.315343,Bull,7.57921400000032,0.0
2010-01-04,2179.315343,2202.636,2177.566294,2198.263376,Bull,23.320656999999755,1.7490490000000136
2010-01-05,2198.263376,2204.093541,2187.477573,2195.639803,Bear,10.78580299999976,5.8301650000003065
2010-01-06,2195.348294,2205.84259,2183.10495,2187.186065,Bear,12.24334399999998,10.494296000000304
2010-01-07,2186.894556,2192.141704,2175.525736,2189.51813,Bull,5.247147999999925,11.368820000000142
2010-01-08,2189.51813,2206.717114,2174.651212,2203.802032,Bull,17.19898400000011,14.866917999999714
2010-01-10,2206.425606,2215.462361,2203.219016,2212.838787,Bull,9.036755000000085,3.2065899999997782
2010-01-11,2212.838787,2215.170852,2185.437015,2193.307737,Bear,27.401772000000165,2.332065000000057
2010-01-12,2193.890753,2196.514327,2157.16072,2175.234228,Bear,36.730033000000276,2.623573999999735
2010-01-13,2174.94272,2203.219016,2160.950326,2198.846393,Bull,28.276296000000002,13.992393999999877
2010-01-14,2198.846393,2208.466164,2187.477573,2197.971868,Bear,11.368819999999687,9.619771000000128
2010-01-15,2198.554885,2205.259573,2162.699375,2172.610654,Bear,35.85550999999987,6.7046879999998055
2010-01-17,2170.861605,2174.359704,2167.071999,2173.485179,Bull,3.498098999999911,3.7896060000002763
2010-01-18,2173.193671,2186.31154,2171.153113,2182.521933,Bull,13.117869000000155,2.0405580000001464
2010-01-19,2182.230425,2210.506721,2165.905966,2197.388852,Bull,28.276296000000002,16.324459000000388
2010-01-20,2197.388852,2199.137901,2151.913572,2186.894556,Bear,45.47528000000011,1.7490490000000136
2010-01-21,2186.894556,2196.222819,2141.419276,2148.415473,Bear,45.47528000000011,9.328262999999879
2010-01-22,2148.415473,2156.286195,2086.615734,2095.36098,Bear,61.799739000000045,7.870722000000114
2010-01-24,2092.737406,2105.563767,2092.737406,2102.648685,Bull,12.826360999999906,0.0
2010-01-25,2102.940193,2114.309013,2079.911045,2086.907242,Bear,23.029148000000077,11.368820000000142
2010-01-26,2086.615734,2126.552358,2081.660094,2096.527013,Bull,39.93662399999994,4.95564000000013
2010-01-27,2096.235505,2123.928784,2084.575176,2121.013702,Bull,27.693279000000075,11.660329000000274
2010-01-28,2121.30521,2121.596718,2051.343241,2055.132848,Bear,69.96196899999995,0.29150799999979427
2010-01-29,2055.715864,2086.324226,2019.277338,2027.439568,Bear,36.43852599999968,30.608362000000398
2010-01-31,2028.897109,2035.31029,2025.399011,2032.686716,Bull,6.413180999999895,3.4980980000000272
2010-02-01,2032.395208,2051.051733,2030.937667,2043.764028,Bull,18.656524999999874,1.457540999999992
2010-02-02,2043.764028,2073.206356,2037.933864,2064.169602,Bull,29.44232800000009,5.830163999999968
2010-02-03,2064.169602,2089.530816,2056.29888,2082.243111,Bull,25.361214000000018,7.870722000000114
2010-02-04,2082.534619,2083.409144,2018.98583,2028.022585,Bear,63.54878899999994,0.8745250000001761
2010-02-05,2028.022585,2037.933864,1994.790649,2034.144257,Bull,9.91127900000015,33.231935999999905
2010-02-07,2037.350847,2040.265929,2030.937667,2033.852749,Bear,6.413180000000011,2.915081999999984
2010-02-08,2033.852749,2044.93006,2017.819797,2028.314093,Bear,16.032951999999796,11.077311000000009
2010-02-09,2028.022585,2060.671504,2025.107503,2039.974421,Bull,32.64891899999998,2.915081999999984
2010-02-10,2039.682913,2055.424356,2024.232978,2043.764028,Bull,15.74144299999989,15.449935000000096
2010-02-11,2044.055536,2074.080881,2025.107503,2069.708258,Bull,30.02534499999979,18.948033000000123
2010-02-12,2069.708258,2079.619537,2045.221569,2079.328029,Bull,9.911278999999922,24.48668900000007
2010-02-14,2077.287471,2077.287471,2072.331832,2072.62334,Bear,4.955639000000247,0.0
2010-02-15,2072.331832,2080.78557,2069.999766,2077.578979,Bull,8.453738000000158,2.3320659999999407
2010-02-16,2077.287471,2102.357177,2076.412947,2101.482652,Bull,25.06970599999977,0.8745240000002923
2010-02-17,2101.482652,2114.600522,2095.943996,2110.227898,Bull,13.117870000000039,5.538656000000174
2010-02-18,2110.227898,2127.718391,2100.025111,2103.52321,Bear,10.202787000000171,17.490492999999788
2010-02-19,2103.231702,2133.840063,2100.899636,2120.139177,Bull,30.60836100000006,2.3320659999999407
2010-02-21,2120.722194,2130.633473,2120.430686,2128.009899,Bull,9.911278999999922,0.29150799999979427
2010-02-22,2128.009899,2137.338162,2110.810915,2125.386325,Bear,17.19898400000011,9.328262999999879
2010-02-23,2125.094817,2132.67403,2081.660094,2101.482652,Bear,43.434723000000304,7.5792129999999815
2010-02-24,2101.774161,2121.888227,2094.777964,2099.442095,Bear,6.996196999999938,20.114066000000093
2010-02-25,2099.442095,2124.803309,2076.121438,2116.641079,Bull,25.361214000000018,23.320656999999755
2010-02-26,2116.932587,2124.803309,2102.940193,2124.220292,Bull,7.870722000000114,13.992393999999877
2010-02-28,2123.637276,2133.548555,2123.637276,2131.799506,Bull,9.911278999999922,0.0
2010-03-01,2132.091014,2155.41167,2124.511801,2151.622064,Bull,23.32065599999987,7.5792129999999815
2010-03-02,2151.622064,2171.444622,2148.415473,2158.035244,Bull,19.822557999999844,3.2065910000001168
2010-03-03,2158.035244,2170.278589,2152.20508,2153.079605,Bear,5.830163999999968,12.243344999999863
2010-03-04,2152.788096,2170.570097,2150.456031,2170.570097,Bull,17.782000999999582,2.332065000000057
2010-03-05,2170.861605,2203.219016,2169.987081,2197.68036,Bull,32.357410999999956,0.8745239999998375
2010-03-07,2196.805835,2202.636,2196.805835,2200.303934,Bull,5.830164999999852,0.0
2010-03-08,2200.012426,2209.340688,2195.931311,2199.720918,Bear,4.081114999999954,9.328261999999995
2010-03-09,2199.429409,2229.454754,2193.307737,2217.794426,Bull,30.025345000000016,6.121671999999762
2010-03-10,2218.085934,2240.240558,2215.462361,2230.329279,Bull,22.154623999999785,2.623573000000306
2010-03-11,2230.329279,2246.679382,2226.241753,2243.759721,Bull,16.350102999999763,4.087526000000253
2010-03-12,2243.467755,2253.68657,2235.000737,2246.679382,Bull,10.218814999999722,8.46701800000028
2010-03-14,2243.467755,2245.219552,2236.752534,2238.796297,Bear,6.715220999999929,1.7517969999998968
2010-03-15,2238.504331,2245.219552,2223.322092,2241.132026,Bull,6.715220999999929,15.182239000000209
2010-03-16,2241.132026,2256.606231,2238.796297,2254.854434,Bull,15.474204999999984,2.335729000000356
2010-03-17,2255.1464,2270.036673,2252.518705,2257.482129,Bull,14.89027299999998,2.6276950000001307
2010-03-18,2257.482129,2268.868808,2252.518705,2267.408978,Bull,11.386679000000186,4.963424000000032
2010-03-19,2267.117012,2275.292063,2244.927586,2254.854434,Bear,22.189426000000367,8.175050999999712
2010-03-21,2250.766908,2253.102637,2242.883823,2245.803484,Bear,7.883084999999937,2.335728999999901
2010-03-22,2246.09545,2282.29925,2241.132026,2274.124199,Bull,36.20380000000023,4.963423999999577
2010-03-23,2273.832233,2291.350201,2266.241113,2288.722505,Bull,17.51796800000011,7.591120000000046
2010-03-24,2288.722505,2290.766268,2272.664368,2279.671555,Bear,16.058136999999988,2.0437629999996716
2010-03-25,2279.963521,2305.656541,2268.284876,2278.211725,Bear,11.67864499999996,25.693019999999706
2010-03-26,2278.211725,2292.518065,2264.781283,2278.211725,Bear,13.430442000000312,14.306340000000091
2010-03-28,2279.671555,2285.510878,2279.379589,2283.759081,Bull,5.8393230000001495,0.2919659999997748
2010-03-29,2283.467115,2296.313625,2282.007284,2292.226099,Bull,12.846509999999853,1.459831000000122
2010-03-30,2292.226099,2303.028846,2279.963521,2292.518065,Bull,10.802747000000181,12.262577999999849
2010-03-31,2292.226099,2297.773455,2280.255488,2289.598404,Bear,11.97061100000019,5.547356000000036
2010-04-01,2289.598404,2309.160135,2266.533079,2279.671555,Bear,23.06532500000003,19.561731000000236
2010-04-02,2279.963521,2291.934133,2275.875996,2290.766268,Bull,11.970612000000074,4.087524999999914
2010-04-04,2293.68593,2296.021659,2291.934133,2292.226099,Bear,1.7517969999998968,2.335728999999901
2010-04-05,2291.934133,2310.911931,2283.467115,2301.277049,Bull,18.977797999999893,8.46701800000028
2010-04-06,2301.277049,2319.086983,2295.14576,2308.284236,Bull,17.80993400000034,6.131288999999924
2010-04-07,2308.284236,2317.627152,2293.977896,2303.028846,Bear,14.306340000000091,9.34291600000006
2010-04-08,2303.028846,2315.291423,2288.138573,2311.203898,Bull,12.262576999999965,14.89027299999998
2010-04-09,2311.203898,2327.262035,2306.532439,2326.970069,Bull,16.058136999999988,4.671459000000141
2010-04-11,2336.896917,2337.772815,2333.68529,2334.853154,Bear,3.211627000000135,0.8758979999997791
2010-04-12,2334.853154,2334.853154,2319.378949,2319.670915,Bear,15.474204999999984,0.0
2010-04-13,2319.670915,2348.575562,2317.335186,2346.823766,Bull,28.90464699999984,2.335729000000356
2010-04-14,2346.531799,2368.137293,2344.780003,2363.173869,Bull,21.605494000000363,1.751796000000013
2010-04-15,2363.465835,2379.815938,2356.458648,2366.385496,Bull,16.350103000000217,7.007187000000158
2010-04-16,2366.09353,2376.896277,2333.101357,2346.823766,Bear,32.99217300000009,10.802746999999727
2010-04-18,2340.984443,2345.071969,2337.480849,2338.648714,Bear,3.5035939999997936,4.087526000000253
2010-04-19,2338.94068,2354.998817,2319.086983,2350.911291,Bull,16.058136999999988,19.85369700000001
2010-04-20,2350.619325,2383.027566,2343.904104,2380.983803,Bull,32.40824100000009,6.715220999999929
2010-04-21,2380.691837,2381.567735,2356.166682,2360.83814,Bear,24.525154999999813,0.8758980000002339
2010-04-22,2360.83814,2388.282956,2336.312985,2374.560548,Bull,27.444816000000174,24.525154999999813
2010-04-23,2374.560548,2398.209805,2369.88909,2396.458008,Bull,23.649257000000034,4.671457999999802
2010-04-25,2394.122279,2401.421432,2392.662448,2398.209805,Bull,7.299152999999933,1.459831000000122
2010-04-26,2398.209805,2404.341093,2385.947227,2394.414245,Bear,12.262577999999849,6.1312880000000405
2010-04-27,2394.414245,2394.414245,2333.977256,2347.407698,Bear,60.43698899999981,0.0
2010-04-28,2347.407698,2362.297971,2323.466475,2343.028206,Bear,23.94122299999981,14.89027299999998
2010-04-29,2342.73624,2387.115092,2341.276409,2382.151667,Bull,44.378851999999824,1.459831000000122
2010-04-30,2382.443634,2390.618685,2333.393324,2340.400511,Bear,49.05031000000008,8.175050999999712
2010-05-02,2338.356748,2345.363935,2335.729053,2339.816578,Bull,7.007186999999703,2.6276950000001307
2010-05-03,2340.108545,2380.107905,2334.853154,2365.217632,Bull,39.9993599999998,5.255391000000145
2010-05-04,2365.217632,2366.677463,2279.963521,2298.94132,Bear,85.25411099999974,1.459831000000122
2010-05-05,2299.233286,2303.028846,2259.233926,2288.430539,Bear,39.99936000000025,3.795560000000023
2010-05-06,2288.138573,2292.518065,2020.697597,2210.475582,Bear,267.4409760000001,4.3794920000000275
2010-05-07,2210.767548,2229.745347,2108.871368,2159.673475,Bear,101.89617999999973,18.977799000000232
2010-05-09,2188.286156,2218.358668,2186.534359,2216.022939,Bull,30.072511999999733,1.7517969999998968
2010-05-10,2216.314905,2269.452741,2214.563108,2251.934773,Bull,53.13783599999988,1.7517970000003515
2010-05-11,2251.934773,2294.853794,2236.460568,2240.84006,Bear,15.474204999999984,42.91902100000016
2010-05-12,2240.548094,2307.99227,2239.088263,2300.985083,Bull,67.44417599999997,1.459831000000122
2010-05-13,2300.401151,2314.123559,2263.905384,2276.459928,Bear,36.49576699999989,13.722408000000087
2010-05-14,2275.875996,2277.919759,2199.088903,2230.329279,Bear,76.78709300000037,2.0437629999996716
2010-05-16,2227.99355,2232.665008,2201.716598,2209.015751,Bear,26.276952000000165,4.671457999999802
2010-05-17,2209.307718,2241.715958,2184.490596,2229.745347,Bull,32.40823999999975,24.817121999999927
2010-05-18,2229.745347,2256.314265,2182.154867,2192.665648,Bear,47.59047999999984,26.56891799999994
2010-05-19,2192.081716,2211.643447,2159.965441,2178.359308,Bear,32.116275000000314,19.56173099999978
2010-05-20,2178.651274,2186.534359,2090.769468,2113.542826,Bear,87.88180599999987,7.883085000000392
2010-05-21,2113.834793,2141.863541,2061.864821,2122.885743,Bull,28.028748000000178,51.96997199999987
2010-05-23,2126.973268,2127.849167,2103.615978,2117.338386,Bear,23.357290000000376,0.8758989999996629
2010-05-24,2117.338386,2148.870728,2083.178349,2085.806044,Bear,34.1600370000001,31.53234199999997
2010-05-25,2085.514078,2142.155507,2048.726345,2133.104557,Bull,56.64142899999979,36.78773300000012
2010-05-26,2132.520625,2160.257407,2080.84262,2117.04642,Bear,51.67800500000021,27.73678199999995
2010-05-27,2116.462488,2184.490596,2114.126759,2169.600324,Bull,68.02810799999997,2.335728999999901
2010-05-28,2169.016391,2188.870088,2143.615338,2162.009204,Bear,25.401053000000047,19.85369700000001
2010-05-30,2162.885103,2179.235206,2160.549374,2178.651274,Bull,16.350102999999763,2.335728999999901
2010-05-31,2178.651274,2179.235206,2152.374322,2157.337746,Bear,26.27695199999971,0.5839320000000043
2010-06-01,2157.337746,2193.24958,2130.476862,2141.279609,Bear,26.86088400000017,35.911834
2010-06-02,2141.279609,2202.592497,2139.527812,2201.132666,Bull,61.31288799999993,1.7517970000003515
2010-06-03,2201.132666,2218.066702,2185.074529,2213.103277,Bull,16.934036000000106,16.058136999999988
2010-06-04,2213.395243,2224.19799,2130.476862,2142.155507,Bear,82.91838099999995,10.802747000000181
2010-06-06,2139.235846,2139.819778,2115.586589,2129.308998,Bear,23.649257000000034,0.5839320000000043
2010-06-07,2129.017031,2155.293983,2094.856994,2109.455301,Bear,34.16003699999965,26.276952000000165
2010-06-08,2109.747267,2122.885743,2067.120212,2088.433739,Bear,42.62705500000038,13.138475999999628
2010-06-09,2088.433739,2129.600964,2071.499703,2092.229299,Bull,41.167225000000144,16.934036000000106
2010-06-10,2092.229299,2139.235846,2086.09801,2124.052645,Bull,47.006546999999955,6.131288999999924
2010-06-11,2124.928904,2158.518845,2110.324582,2152.38503,Bull,33.58994100000018,14.604321999999684
2010-06-13,2159.395105,2166.697266,2152.677116,2159.979278,Bull,7.302161000000069,6.717989000000216
2010-06-14,2160.563451,2191.8167,2152.969203,2162.315969,Bull,31.25324899999987,7.5942479999998795
2010-06-15,2162.315969,2217.812394,2155.597981,2207.589369,Bull,55.49642499999982,6.717988000000332
2010-06-16,2207.005196,2234.753408,2195.321738,2217.228221,Bull,27.748211999999967,11.683457999999973
2010-06-17,2217.228221,2241.17931,2211.386492,2230.372111,Bull,23.951089000000138,5.841728999999759
2010-06-18,2230.372111,2248.773558,2225.698728,2230.372111,Bear,4.673383000000285,18.401446999999735
2010-06-20,2252.278595,2264.546226,2244.976434,2257.828238,Bull,12.26763099999971,7.302161000000069
2010-06-21,2257.828238,2267.759177,2200.87138,2220.441172,Bear,56.95685800000001,9.930938999999853
2010-06-22,2220.149086,2239.426791,2192.400873,2199.995121,Bear,27.74821299999985,19.27770499999997
2010-06-23,2199.995121,2208.173541,2170.49439,2188.311663,Bear,29.500731000000087,8.178420000000187
2010-06-24,2188.311663,2190.940441,2146.543301,2157.058413,Bear,41.7683619999998,2.6287780000002385
2010-06-25,2157.3505,2169.033958,2134.859843,2148.879993,Bear,22.49065699999983,11.683457999999973
2010-06-27,2148.587906,2156.766327,2146.835388,2153.845462,Bull,8.178420999999616,1.7525180000002365
2010-06-28,2153.553376,2163.192229,2127.849768,2131.646892,Bear,25.703607999999804,9.638853000000381
2010-06-29,2131.646892,2131.646892,2042.268439,2066.511615,Bear,89.37845300000026,0.0
2010-06-30,2066.803701,2076.73464,2010.13893,2018.609437,Bear,56.664770999999746,9.930939000000308
2010-07-01,2019.19361,2039.639661,1983.85115,2027.079944,Bull,20.446050999999898,35.342460000000074
2010-07-02,2027.079944,2039.639661,1998.163386,2010.13893,Bear,28.916558000000123,12.559716999999864
2010-07-04,2011.891449,2018.609437,2008.094325,2013.643968,Bull,6.717988000000105,3.7971239999999398
2010-07-05,2015.1044,2019.485697,1992.90583,2014.520227,Bear,22.198570000000018,4.3812970000001314
2010-07-06,2014.520227,2059.209453,2005.757633,2018.901524,Bull,44.68922599999996,8.762594000000036
2010-07-07,2019.777783,2097.180691,2011.599362,2089.002271,Bull,77.40290800000002,8.178421000000071
2010-07-08,2089.002271,2106.819544,2073.229603,2099.80947,Bull,17.817273000000114,15.772667999999612
2010-07-09,2099.225297,2120.839694,2090.462703,2116.750483,Bull,21.614396999999826,8.762593999999808
2010-07-11,2114.705878,2116.458397,2110.616668,2112.0771,Bear,4.089210000000094,1.7525189999996655
2010-07-12,2112.0771,2137.780708,2104.482853,2126.389336,Bull,25.703607999999804,7.594246999999996
2010-07-13,2126.389336,2178.964897,2124.052645,2178.088637,Bull,52.57556099999965,2.3366909999999734
2010-07-14,2178.088637,2180.425329,2147.41956,2166.989352,Bear,30.669077000000016,2.336692000000312
2010-07-15,2166.989352,2178.088637,2136.320275,2153.553376,Bear,30.669077000000016,11.099284999999782
2010-07-16,2153.553376,2168.157698,2103.02242,2105.359112,Bear,50.53095600000006,14.604322000000138
2010-07-18,2103.606593,2110.032495,2082.576369,2108.279976,Bull,6.425901999999951,21.03022400000009
2010-07-19,2108.572063,2127.849768,2094.259827,2110.324582,Bull,19.27770499999997,14.312236000000212
2010-07-20,2110.324582,2170.202303,2081.70011,2156.182154,Bull,59.87772099999984,28.62447199999997
2010-07-21,2156.182154,2173.123168,2115.874224,2119.379261,Bear,40.30792999999994,16.941013999999996
2010-07-22,2119.379261,2183.930366,2118.503002,2166.697266,Bull,64.551105,0.8762590000001182
2010-07-23,2166.989352,2192.108787,2154.721722,2190.064182,Bull,25.119435000000067,12.267629999999826
2010-07-25,2189.772095,2200.287207,2187.435404,2195.905911,Bull,10.515112000000045,2.3366909999999734
2010-07-26,2196.197997,2207.297282,2180.133243,2202.623899,Bull,11.099284999999782,16.064753999999994
2010-07-27,2202.331813,2220.733259,2194.445478,2205.252677,Bull,18.401446000000306,7.88633499999969
2010-07-28,2205.544763,2213.723184,2178.67281,2186.267058,Bear,26.87195299999985,8.178421000000071
2010-07-29,2186.267058,2204.084331,2148.003733,2161.43971,Bear,38.263324999999895,17.817273000000114
2010-07-30,2161.43971,2188.895836,2139.825313,2177.504464,Bull,27.45612600000004,21.61439700000028
2010-08-01,2183.346193,2192.69296,2178.380724,2190.648355,Bull,9.346767,4.965468999999757
2010-08-02,2190.356268,2221.901604,2186.851231,2209.633974,Bull,31.545336000000134,3.505036999999902
2010-08-03,2209.633974,2217.812394,2196.197997,2208.173541,Bear,13.435976999999639,8.178420000000187
2010-08-04,2208.173541,2231.540457,2200.287207,2225.698728,Bull,23.366915999999947,7.886334000000261
2010-08-05,2225.114555,2234.753408,2209.341887,2224.530383,Bear,15.772668000000067,9.638852999999926
2010-08-06,2224.530383,2228.911679,2186.267058,2226.282901,Bull,4.38129600000002,38.263324999999895
2010-08-08,2223.362037,2227.451247,2218.104481,2223.654123,Bull,4.089210000000094,5.257556000000022
2010-08-09,2223.362037,2240.887224,2221.901604,2228.327506,Bull,17.525187000000187,1.460432999999739
2010-08-10,2228.327506,2230.664198,2197.366343,2200.87138,Bear,30.961162999999942,2.336691999999857
2010-08-11,2201.163467,2201.163467,2117.918829,2135.444016,Bear,83.24463799999967,0.0
2010-08-12,2135.15193,2147.711647,2110.324582,2145.667042,Bull,12.559717000000092,24.8273479999998
2010-08-13,2145.959128,2152.969203,2120.839694,2122.300126,Bear,25.119434000000183,7.010075000000143
2010-08-15,2123.760558,2125.22099,2108.864149,2122.592212,Bear,14.896408999999949,1.4604319999998552
2010-08-16,2123.176385,2141.869918,2103.02242,2133.399411,Bull,18.69353299999966,20.153965000000426
2010-08-17,2133.983584,2173.707341,2129.310201,2147.41956,Bull,39.72375699999975,4.673383000000285
2010-08-18,2147.41956,2175.751946,2139.24114,2150.924598,Bull,28.332386000000042,8.178419999999733
2010-08-19,2150.924598,2162.023883,2114.997965,2123.468472,Bear,35.92663300000004,11.099284999999782
2010-08-20,2123.468472,2137.780708,2112.95336,2133.983584,Bull,14.312235999999757,10.515112000000045
2010-08-22,2131.938979,2141.577831,2131.646892,2138.656967,Bull,9.638852000000043,0.29208699999981036
2010-08-23,2138.364881,2152.969203,2104.190766,2105.651198,Bear,34.1741149999998,14.604322000000138
2010-08-24,2105.943285,2109.156236,2063.298664,2075.274208,Bear,42.644620999999916,3.2129509999999755
2010-08-25,2074.982122,2101.269902,2052.491465,2094.844,Bull,26.28778000000011,22.49065699999983
2010-08-26,2094.259827,2106.235371,2058.917367,2069.432479,Bear,35.342459999999846,11.975544000000355
2010-08-27,2069.724565,2096.596519,2037.595056,2091.923135,Bull,26.871954000000187,32.12950899999987
2010-08-29,2092.215222,2109.448322,2091.631049,2101.269902,Bull,17.233100000000377,0.5841729999997369
2010-08-30,2100.101556,2100.977815,2063.59075,2065.927442,Bear,36.51080600000023,0.8762590000001182
2010-08-31,2065.343269,2088.710185,2049.862687,2084.036801,Bull,23.366915999999947,15.48058200000014
2010-09-01,2083.744715,2132.231065,2071.769171,2119.671348,Bull,48.48635000000013,11.9755439999999
2010-09-02,2119.379261,2151.216684,2118.795089,2145.374955,Bull,31.837422999999944,0.5841719999998531
2010-09-03,2145.959128,2186.267058,2143.33035,2181.885761,Bull,40.30792999999994,2.628777999999784
2010-09-05,2181.885761,2189.480009,2179.841156,2187.143317,Bull,7.5942479999998795,2.044605000000047
2010-09-06,2187.72749,2194.153392,2180.425329,2182.762021,Bear,7.302161000000069,6.425901999999951
2010-09-07,2183.054107,2185.390799,2165.821007,2167.281439,Bear,17.233099999999922,2.336691999999857
2010-09-08,2167.281439,2205.83685,2164.068488,2191.8167,Bull,38.55541100000028,3.2129509999999755
2010-09-09,2191.8167,2217.228221,2190.356268,2202.039726,Bull,25.411520999999993,1.4604319999998552
2010-09-10,2202.039726,2216.078497,2196.482713,2210.521484,Bull,14.038770999999997,5.557013000000097
2010-09-12,2217.833343,2230.117268,2217.248395,2229.824794,Bull,12.283925000000181,0.5849479999997129
2010-09-13,2229.532319,2249.420578,2223.682831,2240.353872,Bull,19.88825900000029,5.8494879999998375
2010-09-14,2240.646346,2264.921721,2234.21191,2255.270066,Bull,24.275375000000167,6.434436000000005
2010-09-15,2255.270066,2271.063683,2239.476449,2262.8744,Bull,15.793616999999813,15.793617000000268
2010-09-16,2262.8744,2295.631533,2257.317387,2294.75411,Bull,32.75713300000007,5.557013000000097
2010-09-17,2295.339058,2304.698239,2272.526055,2283.640083,Bear,22.813003000000208,9.359180999999808
2010-09-19,2281.885236,2291.244417,2278.083069,2288.027198,Bull,9.359180999999808,3.8021670000002814
2010-09-20,2288.319673,2328.973614,2285.687403,2314.642368,Bull,40.65394100000003,2.6322700000000623
2010-09-21,2314.642368,2340.087641,2312.887522,2330.72846,Bull,25.44527300000027,1.7548459999998158
2010-09-22,2330.435986,2333.653204,2305.283188,2323.709075,Bear,25.152798000000075,3.21721800000023
2010-09-23,2323.709075,2340.087641,2295.924007,2326.341344,Bull,16.378565999999864,27.785068000000138
2010-09-24,2326.633819,2365.532913,2319.321959,2362.023221,Bull,38.89909399999988,7.311860000000252
2010-09-26,2361.730746,2377.231889,2361.438272,2369.627555,Bull,15.501142999999956,0.2924740000003112
2010-09-27,2369.627555,2370.212504,2347.691975,2352.371566,Bear,21.935579999999845,0.5849490000000515
2010-09-28,2352.371566,2368.457657,2313.179996,2352.956514,Bull,16.086091000000124,39.191569999999956
2010-09-29,2352.956514,2361.438272,2338.04032,2345.644654,Bear,14.916193999999905,8.4817579999999
2010-09-30,2345.35218,2372.844773,2320.199382,2340.380115,Bear,25.152798000000075,27.492592999999943
2010-10-01,2340.67259,2357.928579,2322.246703,2332.775781,Bear,18.42588700000033,17.255988999999772
2010-10-03,2337.162897,2337.162897,2325.756396,2331.605883,Bear,11.406500999999935,0.0
2010-10-04,2331.313409,2335.115576,2294.169161,2316.689689,Bear,37.14424800000006,3.8021670000002814
2010-10-05,2316.689689,2369.042606,2312.302573,2363.778067,Bull,52.35291700000016,4.387115999999878
2010-10-06,2363.778067,2368.457657,2328.388665,2343.597334,Bear,35.389402000000246,4.679589999999735
2010-10-07,2343.597334,2362.900644,2332.483307,2360.268374,Bull,19.303309999999783,11.114027000000078
2010-10-08,2359.9759,2374.014671,2318.73701,2365.532913,Bull,14.038770999999997,41.23889000000008
2010-10-10,2366.702811,2374.307145,2366.117862,2368.165183,Bull,7.604334000000108,0.5849490000000515
2010-10-11,2367.872708,2380.741582,2352.371566,2354.126412,Bear,15.501142000000073,12.868874000000233
2010-10-12,2354.126412,2391.855609,2344.767231,2387.760967,Bull,37.72919700000011,9.359181000000262
2010-10-13,2386.883544,2416.130984,2384.543749,2413.20624,Bull,29.247440000000097,2.3397949999998673
2010-10-14,2413.20624,2423.442844,2388.053442,2419.640677,Bull,10.23660400000017,25.152798000000075
2010-10-15,2419.640677,2454.152655,2410.281496,2452.105334,Bull,34.511978,9.359180999999808
2010-10-17,2450.935437,2452.982758,2437.18914,2442.453679,Bear,13.74629700000014,2.047321000000011
2010-10-18,2442.453679,2462.341938,2406.771803,2417.593356,Bear,35.6818760000001,19.888258999999834
2010-10-19,2417.88583,2438.943987,2400.044892,2428.999857,Bull,21.058156999999937,17.84093800000028
2010-10-20,2429.292332,2455.030078,2421.980472,2438.943987,Bull,25.737745999999788,7.311859999999797
2010-10-21,2438.651512,2462.049464,2417.88583,2439.82141,Bull,23.39795200000026,20.765681999999742
2010-10-22,2439.82141,2462.049464,2429.87728,2462.049464,Bull,22.228054000000157,9.94412999999986
2010-10-24,2461.464515,2483.692569,2459.12472,2480.475351,Bull,22.2280539999997,2.339795000000322
2010-10-25,2480.182876,2486.617313,2463.219362,2466.729054,Bear,16.963514000000032,6.434437000000344
2010-10-26,2466.729054,2485.73989,2448.010693,2469.068849,Bull,19.010835999999927,18.71836099999973
2010-10-27,2468.776375,2486.617313,2459.417194,2485.447416,Bull,17.84093800000028,9.359180999999808
2010-10-28,2485.447416,2499.778661,2467.606477,2480.767825,Bear,17.840939000000162,14.331244999999853
2010-10-29,2481.0603,2498.316289,2476.380709,2484.277518,Bull,17.255988999999772,4.679591000000073
2010-10-31,2486.032364,2498.608763,2486.032364,2498.316289,Bull,12.576399000000038,0.0
2010-11-01,2498.023815,2511.185162,2474.333389,2494.806596,Bear,23.690426000000116,13.161347000000205
2010-11-02,2495.099071,2523.176613,2494.221647,2517.03465,Bull,28.077541999999994,0.8774240000002465
2010-11-03,2517.03465,2535.460537,2491.881852,2531.950845,Bull,18.425886999999875,25.152798000000075
2010-11-04,2531.950845,2563.245605,2530.195998,2551.546629,Bull,31.294760000000224,1.7548469999996996
2010-11-05,2551.839103,2563.245605,2546.28209,2557.103643,Bull,11.406502000000273,5.5570129999996425
2010-11-07,2550.96168,2555.056322,2544.819718,2550.376731,Bear,6.141961999999694,4.094642000000022
2010-11-08,2550.669206,2561.198284,2542.772397,2549.206834,Bear,7.896808999999848,10.529078000000027
2010-11-09,2549.206834,2571.434888,2531.950845,2547.744462,Bear,17.255989000000227,22.2280539999997
2010-11-10,2547.159513,2558.858489,2517.912074,2528.441152,Bear,29.247439000000213,11.69897600000013
2010-11-11,2528.148677,2545.112192,2506.213098,2518.497022,Bear,21.93557899999996,16.963514999999916
2010-11-12,2518.204548,2537.507858,2479.305453,2496.561443,Bear,38.899095000000216,19.303309999999783
2010-11-14,2496.561443,2506.213098,2495.391545,2502.995879,Bull,9.651655000000119,1.169898000000103
2010-11-15,2502.703405,2516.449702,2471.701119,2475.503286,Bear,31.002286000000367,13.746296999999686
2010-11-16,2475.795761,2485.447416,2437.481615,2454.737604,Bear,38.31414599999971,9.651655000000119
2010-11-17,2455.322553,2473.163491,2442.746154,2472.578542,Bull,17.840937999999824,12.576399000000038
2010-11-18,2472.871017,2511.477637,2470.238747,2490.41948,Bull,38.60662000000002,2.6322700000000623
2010-11-19,2490.41948,2502.118456,2479.890402,2496.561443,Bull,11.69897600000013,10.529078000000027
2010-11-21,2502.410931,2513.817432,2501.825982,2509.430316,Bull,11.406500999999935,0.5849490000000515
2010-11-22,2509.430316,2521.714241,2481.0603,2513.524958,Bull,12.283925000000181,28.37001599999985
2010-11-23,2513.524958,2513.524958,2462.341938,2487.494736,Bear,51.18301999999994,0.0
2010-11-24,2487.202262,2533.413217,2472.286068,2521.714241,Bull,46.21095500000001,14.916193999999905
2010-11-25,2521.421766,2530.780947,2518.497022,2518.497022,Bear,2.9247439999999187,9.359181000000262
2010-11-26,2519.081971,2527.271254,2497.438866,2509.72279,Bear,21.643105000000105,8.18928300000016
2010-11-28,2515.279804,2525.516408,2507.090521,2520.836818,Bull,10.23660400000017,8.189282999999705
2010-11-29,2520.544343,2527.271254,2477.550607,2499.486187,Bear,42.9937359999999,6.7269110000002
2010-11-30,2499.193712,2511.477637,2467.606477,2483.692569,Bear,31.587234999999964,12.283925000000181
2010-12-01,2483.400095,2543.357346,2481.645248,2528.148677,Bull,59.957250999999815,1.7548470000001544
2010-12-02,2528.148677,2561.490759,2523.469087,2557.688591,Bull,33.342081999999664,4.679590000000189
2010-12-03,2557.981066,2567.925195,2536.045486,2559.443438,Bull,9.944128999999975,21.935579999999845
2010-12-05,2559.735912,2566.462823,2556.226219,2556.811168,Bear,3.50969299999997,6.726910999999745
2010-12-06,2556.811168,2569.387567,2546.867039,2566.755298,Bull,12.576399000000038,9.944128999999975
2010-12-07,2566.755298,2593.662942,2554.178899,2554.471373,Bear,12.576399000000038,26.90764399999989
2010-12-08,2554.178899,2590.153249,2550.376731,2588.105929,Bull,35.97434999999996,3.802168000000165
2010-12-09,2588.398403,2591.030673,2566.462823,2581.086543,Bear,21.9355800000003,2.6322700000000623
2010-12-10,2581.086543,2595.134865,2573.184362,2594.256845,Bull,14.048322000000098,7.902180999999928
2010-12-12,2595.427539,2596.890906,2587.525357,2595.134865,Bear,7.9021819999998115,1.4633670000002894
2010-12-13,2595.134865,2605.378434,2581.964563,2587.232684,Bear,13.170301999999992,10.243569000000207
2010-12-14,2587.232684,2598.646946,2580.501196,2590.159418,Bull,11.41426199999978,6.731487999999899
2010-12-15,2590.159418,2603.037047,2570.842975,2577.867136,Bear,19.316443000000163,12.877628999999615
2010-12-16,2578.159809,2604.500413,2572.891688,2598.061599,Bull,26.340603999999985,5.268121000000065
2010-12-17,2598.061599,2606.549127,2589.866744,2590.744765,Bear,8.194855000000189,8.487528000000111
2010-12-19,2594.256845,2596.012885,2583.135257,2585.18397,Bear,11.121587999999974,1.7560400000002119
2010-12-20,2585.18397,2610.646554,2581.964563,2606.256454,Bull,25.46258399999988,3.2194070000000465
2010-12-21,2606.841801,2618.841409,2603.915067,2612.109921,Bull,11.99960800000008,2.926734000000124
2010-12-22,2612.109921,2621.182796,2611.817248,2619.719429,Bull,9.07287499999984,0.2926730000003772
2010-12-23,2619.134083,2620.597449,2603.32972,2612.402595,Bear,15.80436299999974,1.4633659999999509
2010-12-26,2607.427147,2608.890514,2598.354272,2608.305167,Bull,1.4633670000002894,9.07287499999984
2010-12-27,2608.597841,2616.500022,2584.013277,2613.280615,Bull,7.9021810000003825,24.584563999999773
2010-12-28,2613.573288,2618.841409,2600.402986,2609.183188,Bear,13.170301999999992,5.268121000000065
2010-12-29,2608.890514,2617.378042,2608.597841,2612.695268,Bull,8.487527999999656,0.2926730000003772
2010-12-30,2612.402595,2612.987942,2600.69566,2607.719821,Bear,11.706935000000158,0.5853470000001835
2010-12-31,2608.012494,2608.890514,2584.30595,2603.622393,Bear,23.70654400000012,0.8780200000001059
2011-01-02,2598.939619,2608.890514,2598.061599,2607.427147,Bull,9.950894999999946,0.8780200000001059
2011-01-03,2607.719821,2654.840235,2605.96378,2636.987159,Bull,47.12041399999998,1.7560410000000957
2011-01-04,2637.279832,2648.694094,2618.256062,2624.402203,Bear,19.02377000000024,11.41426199999978
2011-01-05,2624.10953,2659.815682,2610.061208,2658.059642,Bull,35.70615199999975,14.048322000000098
2011-01-06,2658.059642,2668.30321,2654.254888,2665.66915,Bull,10.243567999999868,3.80475400000023
2011-01-07,2665.66915,2671.815291,2636.694485,2660.986376,Bear,28.974665000000186,6.146140999999716
2011-01-09,2660.108356,2664.205783,2654.254888,2660.693703,Bull,4.097426999999698,5.853468000000248
2011-01-10,2660.401029,2677.376085,2646.64538,2676.498065,Bull,16.975055999999768,13.755649000000176
2011-01-11,2676.498065,2687.034307,2666.839844,2677.961432,Bull,10.536241999999675,9.65822100000014
2011-01-12,2677.961432,2700.497282,2676.498065,2697.277875,Bull,22.535849999999755,1.4633669999998347
2011-01-13,2696.985202,2705.180056,2688.790347,2701.375302,Bull,8.194854000000305,8.194854999999734
2011-01-14,2701.082629,2719.521052,2689.668367,2718.057685,Bull,18.438423000000057,11.41426199999978
2011-01-16,2717.472338,2721.862439,2712.204218,2713.374911,Bear,5.268120000000181,4.390100999999959
2011-01-17,2713.667584,2719.813725,2675.327372,2689.668367,Bear,38.34021199999961,6.146141000000171
2011-01-18,2689.668367,2747.03235,2688.205,2732.984028,Bull,57.363982999999735,1.4633670000002894
2011-01-19,2732.984028,2737.959475,2683.229553,2685.57094,Bear,49.75447499999973,4.975447000000258
2011-01-20,2685.57094,2692.009754,2653.962215,2667.132517,Bear,31.60872500000005,6.438814000000093
2011-01-21,2667.132517,2692.887774,2652.498848,2655.718255,Bear,14.633668999999827,25.7552569999998
2011-01-23,2656.010928,2664.498457,2651.035481,2663.620436,Bull,8.487528999999995,4.975447000000258
2011-01-24,2664.205783,2693.473121,2653.084195,2691.424408,Bull,29.26733800000011,11.121587999999974
2011-01-25,2691.131734,2702.838669,2670.644597,2701.375302,Bull,11.706935000000158,20.487137000000075
2011-01-26,2701.082629,2716.008971,2690.546387,2712.789564,Bull,14.926342000000204,10.53624200000013
2011-01-27,2713.082238,2732.984028,2708.10679,2716.008971,Bull,19.90178999999989,4.975448000000142
2011-01-28,2715.423625,2728.8866,2643.425973,2653.669541,Bear,71.99765200000002,13.462974999999915
2011-01-30,2652.206175,2662.449743,2632.304385,2660.108356,Bull,10.243568000000323,19.90178999999989
2011-01-31,2659.815682,2682.058859,2639.621219,2681.473513,Bull,22.243177000000287,20.194462999999814
2011-02-01,2681.766186,2725.667193,2677.961432,2715.130951,Bull,43.90100700000039,3.8047539999997753
2011-02-02,2715.423625,2725.081846,2706.643423,2710.740851,Bear,8.780201999999917,9.65822100000014
2011-02-03,2711.033524,2723.325806,2687.619654,2720.691746,Bull,12.292281999999886,23.41386999999986
2011-02-04,2720.691746,2738.837495,2711.911544,2735.032741,Bull,18.14574900000025,8.780201999999917
2011-02-06,2736.788781,2738.544822,2732.984028,2735.618088,Bear,3.804753000000346,1.756040999999641
2011-02-07,2735.618088,2762.544039,2733.569374,2745.27631,Bull,26.925950999999714,2.048714000000018
2011-02-08,2745.861656,2767.519486,2741.178882,2760.495325,Bull,21.657830000000104,4.682773999999881
2011-02-09,2761.080672,2769.275527,2750.251757,2751.715124,Bear,10.828915000000052,8.194854999999734
2011-02-10,2752.007797,2768.69018,2737.374128,2754.349184,Bull,16.682382999999845,14.633669000000282
2011-02-11,2754.056511,2786.83593,2748.495717,2783.616522,Bull,32.779419000000416,5.560793999999987
2011-02-13,2781.860482,2787.128603,2780.982462,2784.494543,Bull,5.268121000000065,0.8780200000001059
2011-02-14,2784.201869,2795.030784,2781.567809,2787.128603,Bull,10.828915000000052,2.634059999999863
2011-02-15,2786.83593,2798.835538,2775.421668,2793.860091,Bull,11.999607999999625,11.414262000000235
2011-02-16,2793.860091,2813.176534,2792.689397,2796.201478,Bull,19.316443000000163,1.1706939999999122
2011-02-17,2796.494151,2810.542473,2790.34801,2803.225639,Bull,14.048322000000098,6.146140999999716
2011-02-18,2803.225639,2810.2498,2788.59197,2804.396332,Bull,7.0241610000002765,14.633668999999827
2011-02-20,2802.054945,2802.640292,2793.274744,2796.201478,Bear,8.780201000000034,0.5853470000001835
2011-02-21,2796.201478,2801.469599,2762.544039,2765.178099,Bear,33.65743900000007,5.268121000000065
2011-02-22,2765.178099,2770.153547,2710.740851,2724.4965,Bear,54.43724800000018,4.9754479999996875
2011-02-23,2724.203826,2733.276701,2675.034698,2698.741242,Bear,49.169128,9.07287499999984
2011-02-24,2698.448569,2717.179665,2669.473904,2715.716298,Bull,18.73109599999998,28.974665000000186
2011-02-25,2716.008971,2751.422451,2711.326197,2745.568983,Bull,35.41347999999971,4.682774000000336
2011-02-27,2745.568983,2747.03235,2733.276701,2741.764229,Bear,12.292282000000341,1.4633669999998347
2011-02-28,2741.764229,2766.348793,2736.788781,2756.397898,Bull,24.584564000000228,4.9754479999996875
2011-03-01,2756.983245,2776.592361,2694.643815,2700.497282,Bear,62.33942999999999,19.609116000000085
2011-03-02,2699.911936,2740.593535,2697.570549,2732.691354,Bull,40.681599000000006,2.3413869999999406
2011-03-03,2732.691354,2784.787216,2725.081846,2778.641075,Bull,52.095862000000125,7.609508000000005
2011-03-04,2778.933748,2784.494543,2744.398289,2763.714733,Bear,34.53545899999972,5.560794999999871
2011-03-06,2763.129386,2769.5682,2747.91037,2751.129777,Bear,15.21901600000001,6.438814000000093
2011-03-07,2751.129777,2779.519095,2699.911936,2728.00858,Bear,51.217841000000135,28.389318000000003
2011-03-08,2728.301253,2748.78839,2704.887383,2725.37452,Bear,23.41386999999986,20.487137000000075
2011-03-09,2725.37452,2740.008189,2686.741633,2692.302428,Bear,38.632886999999755,14.633669000000282
2011-03-10,2692.009754,2699.619262,2663.91311,2674.742025,Bear,28.096644000000197,7.609508000000005
2011-03-11,2674.742025,2700.824203,2652.469603,2699.065854,Bull,26.082178000000113,22.272422000000006
2011-03-13,2693.790807,2695.549156,2666.829454,2686.464352,Bear,26.96135299999969,1.7583490000001802
2011-03-14,2686.464352,2697.014447,2608.510876,2623.749901,Bear,77.95347600000014,10.550095000000056
2011-03-15,2623.749901,2660.382174,2595.323258,2628.73189,Bull,36.632272999999714,28.42664300000024
2011-03-16,2628.73189,2648.952905,2562.207683,2599.133014,Bear,66.52420699999993,20.22101500000008
2011-03-17,2599.426072,2636.351403,2594.151025,2630.490239,Bull,36.925330999999915,5.275047000000086
2011-03-18,2630.197181,2641.919508,2597.081607,2602.063596,Bear,33.115573999999924,11.72232699999995
2011-03-20,2605.873352,2623.163785,2601.184421,2618.181796,Bull,17.29043300000012,4.688931000000139
2011-03-21,2617.888738,2662.726639,2617.595679,2639.281985,Bull,44.837900999999874,0.2930590000000848
2011-03-22,2639.575043,2654.227952,2634.593054,2640.161159,Bull,14.652909000000363,4.981988999999885
2011-03-23,2640.161159,2666.536396,2616.423447,2653.641836,Bull,26.375236999999743,23.7377120000001
2011-03-24,2653.641836,2737.163418,2653.055719,2716.356287,Bull,83.52158200000031,0.586116999999831
2011-03-25,2716.063228,2731.009196,2709.32289,2716.063228,Bear,6.740338000000065,14.945967999999993
2011-03-27,2715.184054,2725.44109,2712.253472,2716.356287,Bull,10.257035999999971,2.9305819999999585
2011-03-28,2716.649345,2729.543905,2687.636585,2695.256098,Bear,29.012759999999616,12.894560000000183
2011-03-29,2695.256098,2735.991185,2683.826828,2733.646719,Bull,40.73508700000002,11.429269999999633
2011-03-30,2733.939778,2746.834338,2724.268858,2734.232836,Bull,12.894560000000183,9.670920000000024
2011-03-31,2733.939778,2752.109385,2728.371672,2743.610698,Bull,18.16960700000027,5.568105999999716
2011-04-01,2743.317639,2764.12477,2735.11201,2740.387058,Bear,8.205629000000044,20.807131000000027
2011-04-03,2739.800941,2749.178803,2738.628708,2739.507883,Bear,1.1722329999997783,9.377861999999823
2011-04-04,2739.507883,2754.45385,2721.924392,2734.525894,Bear,17.583491000000322,14.945966999999655
2011-04-05,2734.525894,2743.024581,2717.528519,2731.302254,Bear,16.99737499999992,8.498687000000245
2011-04-06,2731.302254,2754.746908,2715.77017,2722.803567,Bear,15.532084000000395,23.4446539999999
2011-04-07,2722.803567,2748.00657,2709.909007,2729.836963,Bull,25.20300300000008,12.894559999999728
2011-04-08,2730.130021,2746.248221,2701.703378,2718.407694,Bear,28.426642999999785,16.118199999999888
2011-04-10,2722.803567,2735.991185,2721.924392,2728.957788,Bull,13.18761799999993,0.879175000000032
2011-04-11,2728.66473,2733.060603,2687.929643,2694.669981,Bear,40.73508700000002,4.395872999999938
2011-04-12,2694.963039,2701.703378,2678.551781,2698.479738,Bull,6.740338999999949,16.41125800000009
2011-04-13,2697.893621,2718.99381,2689.687992,2706.392308,Bull,21.100188999999773,8.205629000000044
2011-04-14,2706.09925,2710.202065,2681.482363,2693.790807,Bear,24.616887000000133,4.102814999999737
2011-04-15,2693.790807,2712.253472,2683.53377,2707.857599,Bull,18.462665000000015,10.257036999999855
2011-04-17,2705.513134,2707.857599,2701.117261,2705.806192,Bull,2.3444650000001275,4.395872999999938
2011-04-18,2705.220076,2706.685367,2637.816694,2675.035083,Bear,67.40338199999997,1.4652909999999792
2011-04-19,2675.035083,2729.543905,2675.035083,2727.492498,Bull,54.50882199999978,0.0
2011-04-20,2727.785556,2789.91389,2716.063228,2786.983308,Bull,62.128333999999995,11.722327999999834
2011-04-21,2786.983308,2793.13753,2774.381807,2782.294378,Bear,12.601500999999644,6.154222000000118
2011-04-24,2781.708261,2789.327774,2780.24297,2786.983308,Bull,7.6195129999996425,1.465291000000434
2011-04-25,2786.104134,2792.551414,2780.24297,2785.224959,Bear,5.861164000000372,6.447279999999864
2011-04-26,2785.224959,2815.70301,2783.46661,2806.325148,Bull,30.47805100000005,1.7583490000001802
2011-04-27,2805.739032,2831.82121,2798.412578,2827.718396,Bull,26.082178000000113,7.3264540000000125
2011-04-28,2827.718396,2829.183687,2808.962672,2810.721021,Bear,18.7557240000001,1.4652909999999792
2011-04-29,2811.014079,2828.011454,2811.014079,2821.857232,Bull,16.99737499999992,0.0
2011-05-01,2822.736407,2846.181061,2817.461359,2838.26849,Bull,23.444654000000355,5.27504799999997
2011-05-02,2837.682374,2838.854607,2806.03209,2809.841847,Bear,31.65028399999983,1.172233000000233
2011-05-03,2809.841847,2816.875243,2782.880494,2794.895879,Bear,26.961353000000145,7.0333959999998115
2011-05-04,2795.188938,2808.669614,2772.037341,2805.152916,Bull,13.48067600000013,23.151596999999583
2011-05-05,2804.859858,2813.065487,2770.57205,2783.46661,Bear,34.287807999999586,8.205629000000044
2011-05-06,2783.759668,2824.787814,2781.415203,2782.001319,Bear,2.3444650000001275,41.02814599999965
2011-05-08,2787.569425,2797.533403,2787.569425,2796.654228,Bull,9.96397799999977,0.0
2011-05-09,2796.068112,2811.014079,2782.880494,2794.602821,Bear,13.18761799999993,14.94596700000011
2011-05-10,2794.602821,2831.235094,2793.723647,2825.960047,Bull,36.63227300000017,0.8791740000001482
2011-05-11,2826.253105,2830.648978,2782.880494,2801.050101,Bear,43.37261099999978,4.3958730000003925
2011-05-12,2800.757043,2824.201698,2777.01933,2815.70301,Bull,23.444654999999784,23.737712999999985
2011-05-13,2816.289127,2830.062861,2777.01933,2779.363796,Bear,39.269796999999926,13.773733999999877
2011-05-15,2773.502632,2776.433214,2765.883119,2770.278992,Bear,7.619513000000097,2.9305819999999585
2011-05-16,2770.278992,2781.415203,2726.027207,2736.577301,Bear,44.25178499999993,11.136211000000003
2011-05-17,2736.284243,2752.988559,2717.528519,2752.109385,Bull,16.704315999999835,18.7557240000001
2011-05-18,2752.109385,2774.088748,2735.405068,2769.399818,Bull,21.97936299999992,16.704317000000174
2011-05-19,2769.692876,2782.001319,2758.849723,2774.967923,Bull,12.308442999999897,10.843153000000257
2011-05-20,2775.554039,2781.415203,2745.662105,2748.299628,Bear,29.89193400000022,5.861163999999917
2011-05-22,2744.78293,2746.248221,2730.130021,2731.595312,Bear,14.652908999999909,1.4652909999999792
2011-05-23,2731.595312,2733.646719,2701.410319,2719.286868,Bear,30.18499299999985,2.0514069999999265
2011-05-24,2719.286868,2724.561916,2673.86285,2679.430956,Bear,45.42401800000016,5.27504799999997
2011-05-25,2679.724014,2720.459101,2675.035083,2711.374298,Bull,40.73508700000002,4.688930999999684
2011-05-26,2711.374298,2734.818952,2698.479738,2732.767545,Bull,23.4446539999999,12.894560000000183
2011-05-27,2732.181428,2741.266232,2722.21745,2734.818952,Bull,9.084804000000076,9.96397799999977
2011-05-29,2732.767545,2736.870359,2732.767545,2733.939778,Bull,4.102813999999853,0.0
2011-05-30,2733.646719,2754.746908,2732.181428,2752.109385,Bull,21.100189000000228,1.4652909999999792
2011-05-31,2752.109385,2790.793065,2750.351036,2789.620832,Bull,38.68367999999964,1.7583490000001802
2011-06-01,2789.327774,2789.620832,2712.253472,2716.649345,Bear,77.07430199999999,0.293058000000201
2011-06-02,2716.649345,2737.749534,2713.132647,2723.682741,Bull,21.100189000000228,3.5166979999999057
2011-06-03,2723.682741,2725.734148,2678.258723,2680.896247,Bear,45.42401800000016,2.0514069999999265
2011-06-05,2682.654596,2687.636585,2677.379548,2682.361538,Bear,5.27504799999997,4.98198900000034
2011-06-06,2682.361538,2695.256098,2661.847465,2669.173919,Bear,20.51407300000028,12.894559999999728
2011-06-07,2669.173919,2682.361538,2655.107127,2657.451592,Bear,14.066791999999623,13.187619000000268
2011-06-08,2657.74465,2661.847465,2632.248588,2638.988927,Bear,25.496062000000165,4.102814999999737
2011-06-09,2639.281985,2658.037708,2632.541647,2633.127763,Bear,6.740338000000065,18.75572299999976
2011-06-10,2633.127763,2641.640662,2600.837456,2605.534228,Bear,32.29030699999976,8.512898999999834
2011-06-12,2604.653583,2610.524548,2602.011649,2605.24068,Bull,5.870965000000069,2.6419339999997646
2011-06-13,2605.534228,2622.853574,2596.140684,2621.97293,Bull,17.319346000000223,9.39354400000002
2011-06-14,2621.679381,2645.163241,2617.276158,2630.779377,Bull,23.483860000000277,4.403222999999798
2011-06-15,2631.072925,2632.247118,2582.931013,2590.563267,Bear,48.14191200000005,1.174192999999832
2011-06-16,2590.856816,2598.48907,2555.631026,2576.7665,Bear,35.22578999999996,7.632254000000103
2011-06-17,2576.7665,2605.24068,2562.676184,2572.363276,Bear,14.090316000000257,28.474179999999706
2011-06-19,2570.895535,2572.950373,2559.447153,2561.208443,Bear,11.448382000000038,2.054838000000018
2011-06-20,2561.208443,2591.443912,2552.695544,2584.398754,Bull,30.235469000000194,8.512898999999834
2011-06-21,2584.398754,2641.640662,2581.463272,2628.724539,Bull,57.24190799999997,2.9354819999998654
2011-06-22,2628.724539,2642.814855,2607.295517,2609.056807,Bear,21.429021999999804,14.090316000000257
2011-06-23,2609.350355,2646.043886,2582.637465,2641.347114,Bull,36.69353099999989,26.712890000000243
2011-06-24,2641.640662,2651.914851,2591.150364,2593.49875,Bear,50.49029799999971,10.274189000000206
2011-06-26,2593.49875,2600.837456,2573.243921,2584.692302,Bear,20.254829000000427,7.338706000000002
2011-06-27,2584.985851,2653.67614,2583.811658,2641.640662,Bull,68.69028900000012,1.174192999999832
2011-06-28,2641.93421,2683.911609,2631.95357,2677.16,Bull,41.97739900000033,9.980639999999767
2011-06-29,2677.453548,2701.230956,2670.995487,2696.240636,Bull,23.777407999999923,6.458060999999816
2011-06-30,2696.534184,2728.237395,2693.598702,2723.540623,Bull,31.70321100000001,2.93548200000032
2011-07-01,2723.834171,2771.976083,2720.311592,2764.930925,Bull,48.14191200000005,3.5225789999999506
2011-07-03,2765.224474,2770.214794,2763.756732,2769.627697,Bull,4.990319999999883,1.4677420000002712
2011-07-04,2769.334149,2780.782531,2761.114798,2772.269631,Bull,11.448382000000038,8.219350999999733
2011-07-05,2771.095438,2793.698653,2764.050281,2791.937364,Bull,22.60321500000009,7.045157000000017
2011-07-06,2791.937364,2805.147035,2769.334149,2803.679294,Bull,13.209671000000071,22.60321500000009
2011-07-07,2803.385745,2838.611535,2793.111557,2836.263149,Bull,35.22578999999996,10.274187999999867
2011-07-08,2836.850245,2843.601855,2789.588978,2828.043798,Bear,47.26126699999986,6.7516099999998005
2011-07-10,2823.053478,2823.053478,2806.908324,2811.605096,Bear,16.14515399999982,0.0
2011-07-11,2811.311548,2811.605096,2754.06964,2761.701895,Bear,57.24190799999997,0.293547999999646
2011-07-12,2762.288991,2778.727693,2736.456745,2756.124478,Bear,25.83224599999994,16.43870199999992
2011-07-13,2755.83093,2788.708333,2733.814811,2745.556741,Bear,22.01611899999989,32.87740299999996
2011-07-14,2745.850289,2780.782531,2717.669658,2750.547061,Bull,34.93224199999986,28.180631000000176
2011-07-15,2750.547061,2769.627697,2737.630938,2765.81157,Bull,19.080635999999686,12.916123000000425
2011-07-17,2764.637377,2765.224474,2744.089,2754.363188,Bear,20.548377000000073,0.5870970000000852
2011-07-18,2754.656737,2761.408346,2722.659978,2756.711574,Bull,6.7516090000003715,31.996758999999656
2011-07-19,2756.711574,2830.979281,2751.427706,2824.814767,Bull,74.26770699999997,5.283867999999984
2011-07-20,2824.521219,2833.914763,2776.966403,2792.230912,Bear,47.5548160000003,9.39354400000002
2011-07-21,2791.937364,2835.088956,2779.608338,2834.208311,Bull,43.151592000000164,12.329025999999885
2011-07-22,2834.208311,2852.995399,2813.659934,2850.940561,Bull,18.78708800000004,20.548377000000073
2011-07-24,2838.905083,2838.905083,2794.579298,2819.824447,Bear,44.325784999999996,0.0
2011-07-25,2820.117995,2858.572816,2816.00832,2852.408302,Bull,38.45482099999981,4.109675000000152
2011-07-26,2852.408302,2859.747009,2835.088956,2845.950241,Bear,17.31934599999977,7.3387070000003405
2011-07-27,2845.656693,2847.711531,2766.692215,2773.443824,Bear,78.96447799999987,2.054838000000018
2011-07-28,2773.150276,2816.595417,2753.482544,2770.508342,Bear,19.667731999999887,43.44514100000015
2011-07-29,2769.921245,2800.743811,2745.263193,2775.498662,Bull,30.822565999999824,24.658052000000225
2011-07-31,2801.624456,2811.018,2797.514781,2806.321228,Bull,9.39354400000002,4.109675000000152
2011-08-01,2805.734131,2812.192193,2725.008364,2742.32771,Bear,80.72576700000036,6.4580619999997
2011-08-02,2742.914807,2758.472864,2678.627741,2688.021285,Bear,64.28706600000032,15.558056999999735
2011-08-03,2688.021285,2723.540623,2645.456789,2708.86321,Bull,35.51933800000006,42.56449599999996
2011-08-04,2708.86321,2717.376109,2577.353596,2588.801978,Bear,131.50961400000006,8.512898999999834
2011-08-05,2589.389074,2629.311636,2499.563311,2572.363276,Bear,89.82576300000028,39.92256199999974
2011-08-07,2518.643947,2531.56007,2496.040732,2511.892338,Bear,22.60321500000009,12.91612299999997
2011-08-08,2511.892338,2548.879417,2315.80211,2363.063377,Bear,196.09022800000002,36.987078999999994
2011-08-09,2363.944022,2545.943934,2355.431123,2522.753623,Bull,181.99991199999977,8.512899000000289
2011-08-10,2522.460074,2538.31168,2425.589153,2481.656868,Bear,96.87092100000018,15.85160599999972
2011-08-11,2481.36332,2565.02457,2415.902061,2507.782662,Bull,83.66125000000011,65.46125900000015
2011-08-12,2508.07621,2574.418114,2482.243965,2557.392316,Bull,66.34190399999989,25.832245000000057
2011-08-14,2564.143925,2577.353596,2556.218123,2576.179403,Bull,13.209671000000071,7.925801999999749
2011-08-15,2575.885855,2596.727781,2555.631026,2579.995531,Bull,20.841926000000058,20.254828999999972
2011-08-16,2580.876175,2596.434232,2540.366517,2579.995531,Bear,40.509657999999945,15.55805700000019
2011-08-17,2579.701982,2599.663263,2525.102009,2529.505232,Bear,54.59997299999986,19.96128099999987
2011-08-18,2530.679425,2537.431035,2410.618193,2431.460118,Bear,120.06123200000002,6.751610000000255
2011-08-19,2432.047215,2468.153649,2388.014978,2399.756908,Bear,44.032236999999895,36.10643399999981
2011-08-21,2396.527877,2415.902061,2374.511759,2391.537557,Bear,22.016118000000006,19.374183999999786
2011-08-22,2391.244009,2448.779465,2382.144013,2421.773026,Bull,57.53545600000007,9.09999599999992
2011-08-23,2422.066574,2500.150408,2404.747228,2483.711706,Bull,78.08383400000002,17.31934599999977
2011-08-24,2483.418158,2521.57943,2461.402039,2488.11493,Bull,38.161271999999826,22.01611899999989
2011-08-25,2487.234285,2526.863298,2466.979456,2490.463316,Bull,39.629013000000214,20.254828999999972
2011-08-26,2489.289123,2546.824579,2443.202048,2542.421355,Bull,57.53545600000007,46.08707499999991
2011-08-28,2540.953614,2565.611667,2533.908456,2562.676184,Bull,24.65805300000011,7.045157999999901
2011-08-29,2562.089088,2612.579386,2559.740702,2605.827776,Bull,50.49029799999971,2.3483860000001187
2011-08-30,2605.827776,2641.347114,2584.985851,2617.569706,Bull,35.51933800000006,20.841925000000174
2011-08-31,2618.156802,2663.363232,2608.46971,2637.824535,Bull,45.20643000000018,9.68709200000012
2011-09-01,2638.118083,2658.079364,2587.627785,2594.379395,Bear,50.49029799999971,19.961281000000326
2011-09-02,2594.966491,2603.47939,2531.56007,2542.714903,Bear,63.40642100000014,8.512898999999834
2011-09-04,2535.669745,2535.669745,2524.514912,2526.56975,Bear,11.154833000000053,0.0
2011-09-05,2526.863298,2527.743943,2475.492355,2480.189127,Bear,51.37094300000035,0.8806449999997312
2011-09-06,2480.189127,2559.740702,2479.308482,2556.218123,Bull,79.55157499999996,0.880645000000186
2011-09-07,2556.511671,2616.98261,2556.218123,2605.534228,Bull,60.47093899999982,0.29354800000010073
2011-09-08,2605.534228,2634.889052,2587.040688,2607.001969,Bull,29.354824000000008,18.49353999999994
2011-09-09,2607.001969,2612.591344,2524.043883,2547.87227,Bear,82.9580860000001,5.589375000000018
2011-09-11,2518.160331,2537.576053,2512.865134,2526.98566,Bull,19.415721999999732,5.295196999999916
2011-09-12,2527.279837,2594.352332,2491.095991,2583.46776,Bull,67.07249499999989,36.1838459999999
2011-09-13,2583.761938,2612.297166,2543.459606,2583.173583,Bear,40.302332000000206,28.535227999999734
2011-09-14,2582.879405,2674.368642,2572.289011,2635.831375,Bull,91.48923699999978,10.590394000000288
2011-09-15,2636.125552,2694.666897,2634.948842,2689.3717,Bull,58.54134500000009,1.1767100000001847
2011-09-16,2689.960055,2716.141862,2670.250155,2714.376796,Bull,26.181806999999935,19.709899999999834
2011-09-18,2692.313476,2692.313476,2674.368642,2675.251174,Bear,17.9448339999999,0.0
2011-09-19,2675.251174,2723.496302,2652.599499,2693.784364,Bull,48.24512800000002,22.65167500000007
2011-09-20,2694.078541,2744.67709,2691.430943,2712.023375,Bull,50.598549000000276,2.6475980000000163
2011-09-21,2711.140843,2727.614789,2619.945784,2624.06427,Bear,91.19505900000013,16.47394600000007
2011-09-22,2624.652626,2634.654664,2523.455528,2580.231807,Bear,101.1970980000001,10.002038000000084
2011-09-23,2580.231807,2600.824239,2511.100069,2592.293089,Bull,20.592431999999917,69.13173800000004
2011-09-25,2577.584208,2620.534139,2573.759899,2586.115359,Bull,42.94993099999965,3.824309000000085
2011-09-26,2584.938648,2635.24302,2544.342138,2624.946803,Bull,50.30437200000006,40.59650999999985
2011-09-27,2625.829336,2689.077522,2625.829336,2643.185815,Bull,63.24818600000026,0.0
2011-09-28,2642.891637,2677.898773,2595.529042,2626.711869,Bear,47.362595000000056,35.00713599999972
2011-09-29,2625.829336,2659.071406,2532.869212,2567.58217,Bear,92.96012399999972,33.24207000000024
2011-09-30,2567.58217,2578.172563,2497.273721,2498.450432,Bear,70.30844900000011,10.590392999999949
2011-10-02,2500.215497,2511.982602,2486.38915,2492.566879,Bear,13.826347000000169,11.767104999999901
2011-10-03,2492.861057,2527.574015,2424.023496,2435.790601,Bear,68.83756100000028,34.71295800000007
2011-10-04,2434.908068,2502.568918,2395.488268,2484.624084,Bull,67.66084999999975,39.41980000000012
2011-10-05,2484.329906,2567.58217,2470.209381,2544.636316,Bull,83.2522640000002,14.120524999999816
2011-10-06,2544.636316,2604.942726,2536.693521,2595.82322,Bull,60.30641000000014,7.942794999999933
2011-10-07,2595.82322,2620.534139,2569.641413,2594.058154,Bear,26.18180700000039,24.71091899999965
2011-10-09,2595.82322,2629.947823,2592.293089,2624.06427,Bull,34.12460299999975,3.530131000000438
2011-10-10,2624.06427,2680.840549,2612.885521,2672.603576,Bull,56.77627900000016,11.178748999999698
2011-10-11,2672.897754,2702.021337,2662.013182,2687.900812,Bull,29.123583000000053,10.884571999999935
2011-10-12,2687.606634,2739.381893,2685.253213,2705.845646,Bull,51.775259000000005,2.353421000000253
2011-10-13,2705.845646,2749.089754,2693.490186,2743.50038,Bull,43.24410799999987,12.355460000000221
2011-10-14,2743.206202,2787.627021,2734.675051,2785.567778,Bull,44.42081899999994,8.531150999999682
2011-10-16,2785.567778,2800.276658,2782.920179,2798.80577,Bull,14.708880000000136,2.6475989999999
2011-10-17,2798.217415,2810.572874,2720.260349,2736.734295,Bear,77.95706599999994,12.355458999999883
2011-10-18,2736.734295,2790.568797,2712.023375,2756.738372,Bull,53.8345019999997,24.710919999999987
2011-10-19,2756.738372,2772.623963,2713.200086,2722.613769,Bear,43.53828599999997,15.885591000000204
2011-10-20,2722.319592,2744.971268,2669.367622,2712.611731,Bear,52.95196999999962,22.651675999999952
2011-10-21,2712.905908,2759.974326,2705.845646,2748.795577,Bull,47.06841799999984,7.060261999999966
2011-10-23,2737.911005,2758.797615,2730.262387,2755.561662,Bull,20.88661000000002,7.648617999999715
2011-10-24,2755.855839,2807.336921,2745.559623,2788.509554,Bull,51.48108200000024,10.296215999999731
2011-10-25,2788.803731,2808.513631,2725.261368,2745.265445,Bear,63.54236300000002,19.709899999999834
2011-10-26,2745.265445,2777.036627,2691.136765,2771.447252,Bull,31.771181999999953,54.128679999999804
2011-10-27,2771.447252,2834.401261,2771.447252,2807.631098,Bull,62.95400900000004,0.0
2011-10-28,2807.925276,2826.164288,2798.80577,2823.810867,Bull,18.239012000000002,9.119506000000001
2011-10-30,2821.457446,2821.751624,2796.452349,2799.099948,Bear,25.00509699999975,0.29417800000010175
2011-10-31,2799.099948,2807.925276,2754.679129,2755.267484,Bear,44.42081899999994,8.8253279999999
2011-11-01,2755.267484,2757.620905,2686.135746,2719.377816,Bear,69.13173800000004,2.353421000000253
2011-11-02,2719.377816,2741.441136,2695.843607,2702.90387,Bear,23.534209000000374,22.06331999999975
2011-11-03,2702.90387,2784.685245,2681.723082,2778.213337,Bull,81.78137500000003,21.18078800000012
2011-11-04,2778.213337,2782.331824,2738.205183,2768.799654,Bear,40.008154000000104,4.118486999999732
2011-11-06,2772.918141,2784.09689,2760.268503,2766.152056,Bear,12.649638000000323,11.178748999999698
2011-11-07,2766.446233,2800.276658,2729.379854,2777.91916,Bull,33.830425000000105,37.066379000000325
2011-11-08,2777.624982,2823.516689,2771.447252,2815.573894,Bull,45.891707000000224,6.177729999999883
2011-11-09,2815.573894,2820.280736,2709.375777,2725.849723,Bear,106.19811699999991,4.7068420000000515
2011-11-10,2725.261368,2758.20926,2690.54841,2731.733275,Bull,32.94789200000014,34.71295800000007
2011-11-11,2731.439098,2777.330805,2709.964132,2768.799654,Bull,45.891707000000224,21.474965999999768
2011-11-13,2771.153075,2784.685245,2770.56472,2772.918141,Bull,13.532169999999951,0.5883550000003197
2011-11-14,2772.035608,2777.91916,2741.441136,2750.266465,Bear,30.594472000000223,5.883551999999781
2011-11-15,2751.148997,2793.510573,2718.201105,2755.267484,Bull,42.36157600000024,32.94789199999968
2011-11-16,2755.561662,2790.568797,2712.023375,2738.49936,Bear,43.538286999999855,35.007134999999835
2011-11-17,2737.911005,2744.971268,2654.658742,2664.366603,Bear,83.25226299999986,7.06026299999985
2011-11-18,2664.66078,2694.666897,2646.421769,2648.77519,Bear,18.23901100000012,30.006116999999904
2011-11-20,2640.538217,2640.538217,2625.240981,2631.418711,Bear,15.297235999999884,0.0
2011-11-21,2631.712888,2638.773151,2573.465722,2614.944765,Bear,58.24716600000011,7.06026299999985
2011-11-22,2614.650587,2616.70983,2573.465722,2579.937629,Bear,41.18486500000017,2.0592429999996966
2011-11-23,2580.231807,2597.294108,2543.753783,2552.284934,Bear,36.478024000000005,17.062300999999934
2011-11-24,2552.284934,2570.523946,2530.515791,2530.809968,Bear,21.769142999999985,18.239012000000002
2011-11-25,2530.515791,2568.170525,2513.159312,2529.633258,Bear,17.35647899999958,37.65473400000019
2011-11-27,2568.75888,2580.231807,2563.169505,2574.642432,Bull,11.472927000000254,5.589375000000018
2011-11-28,2574.93661,2629.06529,2565.817104,2628.182757,Bull,54.128679999999804,9.119506000000001
2011-11-29,2628.182757,2641.714927,2587.586247,2592.293089,Bear,40.59650999999985,13.532169999999951
2011-11-30,2592.293089,2713.200086,2584.350293,2702.90387,Bull,120.90699700000005,7.942795999999817
2011-12-01,2702.90387,2733.792519,2687.606634,2730.262387,Bull,30.888648999999987,15.297235999999884
2011-12-02,2730.850742,2759.091793,2707.316534,2711.43502,Bear,23.534208000000035,28.24105099999997
2011-12-04,2717.024395,2730.850742,2717.024395,2727.614789,Bull,13.826347000000169,0.0
2011-12-05,2727.614789,2757.915082,2721.437059,2728.203144,Bull,30.300292999999783,6.177730000000338
2011-12-06,2727.908966,2755.267484,2722.907947,2742.912024,Bull,27.358518000000004,5.001018999999815
2011-12-07,2742.912024,2757.915082,2696.431962,2733.204163,Bear,46.48006200000009,15.003057999999783
2011-12-08,2733.204163,2754.679129,2674.662819,2679.958016,Bear,58.541343999999754,21.474966000000222
2011-12-09,2679.958016,2737.705572,2669.351322,2735.053899,Bull,57.747555999999804,10.606694000000061
2011-12-11,2729.455921,2736.527051,2724.741835,2728.866661,Bear,4.714086000000407,7.071129999999812
2011-12-12,2728.866661,2730.339813,2675.53856,2700.582143,Bear,53.32810100000006,1.4731520000000273
2011-12-13,2700.582143,2727.98277,2657.566107,2677.895603,Bear,43.016035999999986,27.400626999999986
2011-12-14,2677.600973,2682.90432,2610.425244,2616.612483,Bear,67.17572900000005,5.303347000000031
2011-12-15,2616.907113,2654.030542,2614.8447,2627.808437,Bull,37.12342899999976,2.062413000000106
2011-12-16,2627.808437,2668.467431,2627.219177,2632.227893,Bull,40.65899399999989,0.5892600000001949
2011-12-18,2633.995675,2638.120501,2613.076918,2614.55007,Bear,20.918756999999914,4.124825999999757
2011-12-19,2614.55007,2652.85202,2597.756138,2620.148047,Bull,38.30195000000003,16.793931999999586
2011-12-20,2621.031938,2690.859341,2613.960809,2677.895603,Bull,69.82740299999978,7.071128999999928
2011-12-21,2678.190234,2700.287513,2613.666179,2635.468827,Bear,64.52405500000032,22.09727900000007
2011-12-22,2635.468827,2679.958016,2634.879567,2677.011712,Bull,44.4891889999999,0.5892600000001949
2011-12-23,2677.306343,2690.859341,2665.815757,2686.439885,Bull,13.552997999999661,11.490586000000349
2011-12-27,2687.029145,2706.474751,2681.136538,2686.145254,Bear,5.892606999999771,19.445606000000225
2011-12-28,2686.439885,2701.466035,2659.039259,2672.297626,Bear,27.400625999999647,15.026150000000143
2011-12-29,2672.297626,2688.502297,2661.396302,2681.136538,Bull,16.204670999999962,10.901323999999931
2011-12-30,2681.136538,2692.332492,2675.53856,2680.841907,Bear,5.597978000000239,11.195953999999801
2012-01-03,2725.331096,2743.89281,2720.027749,2726.509618,Bull,18.561713999999938,5.303347000000031
2012-01-04,2734.759268,2745.365962,2713.54588,2740.651876,Bull,10.606694000000061,21.213387999999668
2012-01-05,2740.651876,2766.57935,2721.500901,2752.731722,Bull,25.927474000000075,19.150975000000017
2012-01-06,2753.026353,2779.837718,2752.731722,2774.239741,Bull,26.811365000000023,0.2946310000002086
2012-01-08,2773.355849,2776.007523,2760.097482,2763.927677,Bear,13.258366999999907,2.6516740000001846
2012-01-09,2763.633047,2785.435695,2755.972656,2780.426979,Bull,21.802648000000318,7.6603909999998905
2012-01-10,2780.426979,2802.818888,2772.471958,2778.364566,Bear,7.9550209999997605,22.39190899999994
2012-01-11,2778.364566,2796.92628,2772.471958,2787.792738,Bull,18.561713999999938,5.892608000000109
2012-01-12,2788.087369,2809.595387,2776.302153,2808.416866,Bull,21.508017999999993,11.785215999999764
2012-01-13,2808.711496,2812.836321,2767.757872,2798.694063,Bear,40.95362399999976,4.124825000000328
2012-01-15,2789.855151,2795.453129,2783.373283,2786.024956,Bear,6.481868000000304,5.5979779999997845
2012-01-16,2786.319586,2821.675233,2783.078652,2820.496712,Bull,35.35564699999986,3.2409339999999247
2012-01-17,2820.791342,2829.630254,2806.943714,2824.621537,Bull,8.838912000000164,13.847627999999986
2012-01-18,2824.621537,2866.164422,2814.014843,2855.263097,Bull,41.54288499999984,10.606694000000061
2012-01-19,2855.557728,2878.538898,2850.254381,2864.69127,Bull,22.981169999999565,5.303347000000031
2012-01-20,2864.9859,2872.05703,2855.263097,2870.878508,Bull,7.071129999999812,9.722803000000113
2012-01-22,2863.807379,2866.164422,2858.504032,2863.807379,Bear,5.303347000000031,2.357042999999976
2012-01-23,2863.807379,2890.029483,2852.906054,2862.923488,Bear,10.901324999999815,26.222103999999945
2012-01-24,2863.218118,2909.769719,2851.432902,2902.99322,Bull,46.55160100000012,11.785215999999764
2012-01-25,2902.99322,2907.707307,2871.762399,2896.216721,Bear,31.23082099999965,4.714087000000291
2012-01-26,2896.511352,2918.01937,2876.476485,2885.610027,Bear,20.03486699999985,21.508017999999993
2012-01-27,2885.610027,2904.466372,2881.190572,2894.154309,Bull,18.856344999999692,4.419455000000198
2012-01-29,2899.163025,2899.752286,2872.940921,2877.949637,Bear,26.222103999999945,0.5892610000000786
2012-01-30,2877.949637,2911.832132,2863.218118,2907.707307,Bull,33.882494999999835,14.73151900000039
2012-01-31,2907.707307,2920.965674,2885.904658,2895.0382,Bear,21.8026490000002,13.258366999999907
2012-02-01,2895.33283,2940.70591,2891.502635,2935.991824,Bull,45.3730800000003,3.8301950000000033
2012-02-02,2935.991824,2947.187779,2922.144196,2938.643497,Bull,11.195954999999685,13.847627999999986
2012-02-03,2938.938128,2981.659534,2934.813302,2973.409883,Bull,42.721406000000115,4.124825999999757
2012-02-05,2969.579688,2971.05284,2958.678364,2967.517276,Bear,10.901323999999931,1.4731520000000273
2012-02-06,2967.517276,2981.954165,2958.678364,2975.766926,Bull,14.436889000000065,8.838912000000164
2012-02-07,2975.766926,2987.257512,2960.151516,2985.78436,Bull,11.490586000000349,15.615409999999883
2012-02-08,2985.78436,3002.283661,2971.05284,2997.569575,Bull,16.499300999999832,14.731520000000273
2012-02-09,2997.569575,3022.907789,2990.203815,3009.06016,Bull,25.33821399999988,7.365760000000137
2012-02-10,3009.06016,3009.944052,2987.846772,3003.756813,Bear,21.213388000000123,0.8838919999998325
2012-02-12,3013.184986,3020.256115,3009.06016,3017.015181,Bull,7.071128999999928,4.124826000000212
2012-02-13,3017.015181,3030.273548,3007.292378,3021.729267,Bull,13.258366999999907,9.722803000000113
2012-02-14,3022.023897,3052.370828,3009.06016,3052.370828,Bull,30.34693100000004,12.963737000000037
2012-02-15,3051.781567,3064.745304,2996.685684,3000.221249,Bear,55.09588299999996,12.963737000000037
2012-02-16,3000.221249,3061.209739,2997.864206,3055.317131,Bull,60.98848999999973,2.357042999999976
2012-02-17,3055.317131,3060.915109,3031.15744,3043.237285,Bear,24.15969099999984,5.597978000000239
2012-02-19,3056.790283,3062.977522,3056.495653,3060.915109,Bull,6.187239000000318,0.29462999999987005
2012-02-20,3060.915109,3063.861413,3044.710437,3052.960088,Bear,16.204671999999846,2.9463040000000547
2012-02-21,3053.254719,3066.218456,3033.809113,3060.031218,Bull,12.963737000000037,19.445606000000225
2012-02-22,3060.031218,3064.745304,3034.987635,3040.880242,Bear,25.043583000000126,4.714085999999952
2012-02-23,3040.585612,3073.289585,3027.916505,3070.343281,Bull,32.70397300000013,12.669106999999713
2012-02-24,3070.637912,3075.351998,3061.799,3066.513086,Bear,8.838912000000164,4.714085999999952
2012-02-26,3067.102347,3070.932542,3061.799,3062.388261,Bear,5.303347000000031,3.8301950000000033
2012-02-27,3062.977522,3087.137213,3039.11246,3084.48554,Bull,24.15969099999984,23.865062000000307
2012-02-28,3084.48554,3106.288189,3072.994955,3100.690211,Bull,21.802648999999747,11.49058500000001
2012-02-29,3100.690211,3117.484143,3080.949975,3089.788887,Bear,19.740236000000095,16.79393200000004
2012-03-01,3089.494257,3122.19823,3083.601649,3116.600252,Bull,32.70397300000013,5.892607999999655
2012-03-02,3116.305622,3123.082121,3102.752624,3115.421731,Bear,13.552997999999661,6.776499000000058
2012-03-04,3111.002275,3117.189513,3103.636515,3104.815037,Bear,7.365759999999682,6.187237999999979
2012-03-05,3104.815037,3114.83247,3070.343281,3074.468107,Bear,34.471755999999914,10.017432999999983
2012-03-06,3074.173476,3075.351998,3034.693004,3059.441957,Bear,39.480471999999736,1.1785220000001573
2012-03-07,3059.147326,3081.539236,3056.495653,3076.530519,Bull,22.39191000000028,2.651672999999846
2012-03-08,3076.235889,3116.305622,3074.468107,3110.413014,Bull,40.069732999999815,1.7677819999998974
2012-03-09,3104.812915,3121.613213,3098.033847,3116.307855,Bull,16.80029800000011,6.779067999999825
2012-03-11,3116.013113,3117.192082,3106.876109,3107.170851,Bear,9.13700400000016,1.178969000000052
2012-03-12,3107.170851,3136.645058,3101.570752,3135.171348,Bull,29.474207000000206,5.600098999999773
2012-03-13,3135.171348,3180.856368,3128.39228,3172.60359,Bull,45.68502000000035,6.779067999999825
2012-03-14,3172.308848,3199.425118,3167.298233,3195.888213,Bull,27.116269999999986,5.0106150000001435
2012-03-15,3195.888213,3203.551507,3181.15111,3195.593471,Bear,14.737103000000388,7.663293999999951
2012-03-16,3195.593471,3206.793669,3186.456467,3196.182955,Bull,11.200198,9.13700400000016
2012-03-18,3193.235534,3207.972638,3192.056566,3205.025217,Bull,14.737104000000272,1.1789679999997134
2012-03-19,3204.730475,3224.478193,3183.509046,3212.099027,Bull,19.747718000000077,21.221428999999716
2012-03-20,3212.099027,3235.38365,3191.761824,3230.962519,Bull,23.28462300000001,20.337203000000045
2012-03-21,3230.962519,3240.394265,3216.520158,3221.825515,Bear,14.442361000000346,9.431745999999748
2012-03-22,3222.414999,3227.720356,3201.488312,3225.951904,Bull,5.305356999999731,20.92668700000013
2012-03-23,3225.657162,3238.036328,3195.888213,3219.172836,Bear,29.768948999999793,12.379166000000168
2012-03-25,3218.28861,3228.604582,3217.404384,3224.772935,Bull,10.315971999999874,0.8842260000001261
2012-03-26,3224.478193,3279.300217,3220.057062,3275.173829,Bull,54.822024000000056,4.421131000000059
2012-03-27,3275.173829,3288.731964,3268.100019,3271.931666,Bear,7.073809999999867,13.55813500000022
2012-03-28,3271.931666,3289.61619,3242.457459,3263.384146,Bear,29.47420699999975,17.684524000000238
2012-03-29,3262.794662,3269.573729,3226.83613,3258.078789,Bear,35.95853199999965,6.779067000000396
2012-03-30,3257.489305,3269.573729,3230.667777,3246.583848,Bear,26.821527999999944,12.084424000000126
2012-04-01,3251.594463,3259.552499,3251.594463,3254.836626,Bull,7.958035999999993,0.0
2012-04-02,3254.541884,3281.952896,3234.499424,3274.879086,Bull,27.411011999999573,20.04246000000012
2012-04-03,3274.879086,3291.0899,3257.489305,3263.678888,Bear,17.389780999999857,16.210814000000028
2012-04-04,3263.97363,3267.510535,3212.393769,3233.909939,Bear,51.579861000000164,3.5369049999999334
2012-04-05,3234.204681,3255.42611,3209.74109,3252.773432,Bull,21.221428999999716,24.46359100000018
2012-04-06,3252.47869,3254.247142,3205.614701,3212.393769,Bear,46.86398899999995,1.7684520000002522
2012-04-08,3213.572737,3215.930673,3205.614701,3213.572737,Bear,7.958035999999993,2.3579359999998815
2012-04-09,3213.572737,3239.804781,3205.319959,3223.004483,Bull,26.23204399999986,8.252778000000035
2012-04-10,3223.593967,3237.446844,3164.645554,3189.69863,Bear,58.94841299999962,13.852877000000262
2012-04-11,3189.403888,3211.2148,3181.445852,3194.414503,Bull,21.81091200000037,7.958035999999993
2012-04-12,3194.709245,3233.615197,3190.877598,3220.941289,Bull,38.90595200000007,3.8316469999999754
2012-04-13,3220.941289,3226.83613,3172.60359,3173.193074,Bear,48.3376989999997,5.89484100000027
2012-04-15,3177.024721,3178.203689,3161.992876,3168.477201,Bear,15.03184500000043,1.1789679999997134
2012-04-16,3168.771943,3195.003987,3131.929185,3139.002994,Bear,36.84275800000023,26.23204399999986
2012-04-17,3139.002994,3216.520158,3129.276506,3204.140991,Bull,77.51716399999987,9.72648799999979
2012-04-18,3203.846249,3216.520158,3176.729979,3189.993372,Bear,27.116269999999986,12.67390899999964
2012-04-19,3190.288114,3224.478193,3149.613709,3166.414006,Bear,40.67440499999975,34.19007899999997
2012-04-20,3166.708749,3192.64605,3147.550514,3152.561129,Bear,19.158234999999877,25.937300999999934
2012-04-22,3149.024225,3153.740098,3143.718867,3148.434741,Bear,5.305358000000069,4.7158730000001015
2012-04-23,3148.729483,3149.613709,3094.791685,3132.813411,Bear,53.93779799999993,0.8842260000001261
2012-04-24,3132.223927,3153.740098,3094.496943,3147.550514,Bull,21.516171000000213,37.7269839999999
2012-04-25,3147.845256,3194.414503,3142.245157,3187.930177,Bull,46.569246999999905,5.6000990000002275
2012-04-26,3187.930177,3218.28861,3177.319463,3204.435733,Bull,30.358432999999877,10.610714000000371
2012-04-27,3204.730475,3237.446844,3193.530276,3228.015098,Bull,32.71636900000021,11.200198999999884
2012-04-29,3231.552003,3235.38365,3226.83613,3230.962519,Bear,4.715872999999647,3.83164700000043
2012-04-30,3230.962519,3235.088908,3201.488312,3209.151606,Bear,29.474207000000206,4.126389000000017
2012-05-01,3208.856864,3245.699622,3195.593471,3212.983253,Bull,36.84275800000023,13.263392999999724
2012-05-02,3212.983253,3220.941289,3186.161725,3213.572737,Bull,7.958035999999993,26.821527999999944
2012-05-03,3213.867479,3228.30984,3174.0773,3177.319463,Bear,39.79017900000008,14.442360999999892
2012-05-04,3177.024721,3183.803788,3095.086427,3096.560137,Bear,81.93829400000004,6.779066999999941
2012-05-06,3077.401903,3079.465097,3049.401407,3064.433252,Bear,28.000496000000112,2.0631939999998394
2012-05-07,3064.727994,3122.202697,3060.012121,3107.170851,Bull,57.47470300000032,4.715872999999647
2012-05-08,3107.170851,3114.244661,3045.56976,3079.170355,Bear,61.601091,7.0738100000003215
2012-05-09,3079.465097,3103.339205,3046.748728,3088.602101,Bull,23.874108000000433,32.71636899999976
2012-05-10,3088.307359,3108.34982,3065.61222,3072.391288,Bear,22.695138999999926,20.042461000000003
2012-05-11,3072.980772,3112.770951,3062.370057,3080.054581,Bull,39.79017900000008,10.6107149999998
2012-05-13,3067.675415,3080.644066,3059.127895,3070.917577,Bull,12.968650999999682,8.547520000000077
2012-05-14,3071.212319,3075.338708,3043.506565,3052.348827,Bear,27.70575400000007,4.126389000000017
2012-05-15,3053.233053,3084.475712,3030.832657,3033.190593,Bear,22.400396,31.242659000000003
2012-05-16,3032.895851,3060.601605,3012.558648,3029.064204,Bear,20.337203000000045,27.705753999999615
2012-05-17,3029.358946,3031.127399,2947.420652,2949.483847,Bear,81.93829400000004,1.768453000000136
2012-05-18,2949.189104,2973.063212,2909.693668,2912.051604,Bear,39.495436000000154,23.87410799999998
2012-05-20,2914.999025,2930.915096,2906.156763,2927.967676,Bull,15.916071000000102,8.842262000000119
2012-05-21,2928.262418,3002.537418,2918.53593,2998.411029,Bull,74.27500000000009,9.72648799999979
2012-05-22,2998.411029,3019.9272,2973.652696,2977.484343,Bear,24.758332999999766,21.516171000000213
2012-05-23,2977.484343,3009.021744,2944.473231,2985.147636,Bull,31.537401000000045,33.01111200000014
2012-05-24,2985.442378,3013.737617,2959.505077,2979.547537,Bear,25.93730100000039,28.295238999999583
2012-05-25,2980.137021,3008.137517,2968.936823,2977.779085,Bear,11.200198,28.000496000000112
2012-05-27,2986.621347,2999.295256,2986.621347,2999.000513,Bull,12.673909000000094,0.0
2012-05-28,2998.411029,3006.369065,2984.558152,3000.768966,Bull,7.958035999999993,13.852876999999808
2012-05-29,3000.768966,3029.94843,2988.389799,3004.305871,Bull,29.179463999999825,12.379167000000052
2012-05-30,3004.600613,3008.727002,2971.294759,2984.558152,Bear,33.30585400000018,4.126389000000017
2012-05-31,2984.852894,2997.526803,2954.494462,2965.69466,Bear,30.358431999999993,12.673909000000094
2012-06-01,2965.69466,2968.642081,2893.188112,2894.072338,Bear,72.5065480000003,2.9474209999998493
2012-06-03,2900.261922,2901.44089,2869.314005,2874.619362,Bear,30.94791699999996,1.1789679999997134
2012-06-04,2874.914104,2927.672934,2873.440394,2924.725513,Bull,52.758830000000216,1.4737099999997554
2012-06-05,2924.430771,2958.326108,2899.672437,2953.904977,Bull,33.89533700000038,24.75833399999965
2012-06-06,2953.904977,3018.748232,2944.178489,3009.90597,Bull,64.84325499999977,9.726488000000245
2012-06-07,3010.200712,3030.537914,2974.536922,2983.673926,Bear,35.66379000000006,20.33720200000016
2012-06-08,2983.673926,3024.153558,2968.900338,3024.153558,Bull,40.47963200000004,14.773588000000018
2012-06-10,3046.018469,3070.542626,3046.018469,3058.723755,Bull,24.524156999999832,0.0
2012-06-11,3058.723755,3062.86036,2961.809015,2979.832793,Bear,96.91474000000017,4.136605000000145
2012-06-12,2979.832793,3009.970914,2960.627128,3003.470535,Bull,30.138120999999956,19.205664999999954
2012-06-13,3003.766006,3017.062236,2971.264112,2997.561099,Bear,32.50189399999999,13.296230000000378
2012-06-14,2997.856571,3005.243365,2965.354676,3001.697704,Bull,7.386794000000009,32.50189499999988
2012-06-15,3001.402232,3034.790542,2994.31091,3032.72224,Bull,33.388310000000274,7.091321999999764
2012-06-17,3049.564131,3056.359981,3039.222619,3045.722998,Bear,10.341511999999966,6.795849999999973
2012-06-18,3045.427526,3067.88338,3012.925631,3061.08753,Bull,22.455854000000272,32.50189499999988
2012-06-19,3061.08753,3103.635464,3055.178094,3086.20263,Bull,42.54793400000017,5.909435999999914
2012-06-20,3086.20263,3106.29471,3069.951683,3080.884138,Bear,16.25094700000045,20.092079999999896
2012-06-21,3080.884138,3097.135085,3012.334688,3020.607897,Bear,68.54944999999998,16.250946999999996
2012-06-22,3020.903369,3051.336961,3012.039216,3043.950167,Bull,30.433591999999862,8.864152999999988
2012-06-24,3041.881865,3046.018469,3029.176579,3033.017712,Bear,12.705285999999887,4.136604000000261
2012-06-25,3033.017712,3035.972429,2979.537321,2993.719966,Bear,53.480391000000054,2.9547170000000733
2012-06-26,2993.129023,3015.880349,2984.560341,3014.40299,Bull,22.751326000000063,8.56868200000008
2012-06-27,3014.107518,3039.222619,3007.311668,3027.108276,Bull,25.115101000000323,6.795849999999973
2012-06-28,3027.994691,3031.244881,2958.854297,3020.312425,Bear,69.14039400000001,3.2501900000002024
2012-06-29,3020.312425,3092.112065,3018.244123,3087.089045,Bull,71.79963999999973,2.0683020000001306
2012-07-01,3087.089045,3091.22565,3074.088287,3075.565646,Bear,13.000758000000133,4.13660499999969
2012-07-02,3075.861118,3099.49886,3072.315457,3096.544142,Bull,23.637742000000344,3.5456609999996545
2012-07-03,3096.24867,3125.795847,3089.748291,3122.545658,Bull,29.54717699999992,6.500379000000066
2012-07-04,3122.545658,3124.61396,3110.431315,3115.454335,Bear,12.11434300000019,2.0683020000001306
2012-07-05,3114.863392,3138.796605,3101.862634,3114.863392,Bear,13.000758000000133,23.933212999999796
2012-07-06,3115.158863,3122.250186,3061.678473,3085.020743,Bear,53.48039000000017,7.091323000000102
2012-07-08,3075.861118,3081.475082,3073.792816,3077.043005,Bull,5.613964000000124,2.068301999999676
2012-07-09,3077.043005,3091.22565,3062.86036,3069.360739,Bear,14.182644999999866,14.182644999999866
2012-07-10,3069.360739,3103.044521,3035.676957,3048.086772,Bear,33.683782000000065,33.68378199999961
2012-07-11,3048.677715,3060.201114,3005.538837,3020.607897,Bear,43.13887799999975,11.523399000000154
2012-07-12,3020.312425,3023.562615,2974.218829,3011.448272,Bear,46.09359600000016,3.2501899999997477
2012-07-13,3011.743744,3054.882622,3003.175063,3047.200356,Bull,43.138878000000204,8.568680999999742
2012-07-15,3046.018469,3046.609413,3036.858845,3039.222619,Bear,9.159623999999894,0.5909440000000359
2012-07-16,3039.51809,3056.950925,3027.108276,3054.882622,Bull,17.43283500000007,12.409814000000097
2012-07-17,3055.178094,3065.815078,3011.448272,3053.996207,Bear,43.729821999999785,10.636984000000211
2012-07-18,3053.996207,3116.045279,3045.427526,3113.090561,Bull,62.049071999999796,8.568681000000197
2012-07-19,3113.090561,3141.455851,3107.181126,3135.841887,Bull,28.365290000000186,5.90943500000003
2012-07-20,3135.841887,3140.864907,3087.975461,3090.634707,Bear,47.86642600000005,5.023020000000088
2012-07-22,3083.543384,3088.270932,3072.610929,3072.9064,Bear,10.932455000000118,4.727547999999842
2012-07-23,3073.201872,3074.383759,3005.834309,3053.109792,Bear,67.36756300000025,1.1818869999997332
2012-07-24,3053.405264,3061.08753,2974.514301,2986.333172,Bear,78.89096299999983,7.6822659999997995
2012-07-25,2986.924116,3026.517333,2981.901095,3006.720724,Bull,39.59321699999964,5.0230209999999715
2012-07-26,3006.425252,3065.224134,2990.174305,3051.632433,Bull,58.79888200000005,16.250946999999996
2012-07-27,3051.041489,3127.273206,3040.404506,3122.545658,Bull,76.23171699999966,10.636983000000328
2012-07-29,3120.181883,3122.250186,3112.795089,3116.34075,Bear,7.386794000000009,2.0683030000000144
2012-07-30,3116.34075,3141.160379,3106.29471,3127.568678,Bull,24.819629000000077,10.04603999999972
2012-07-31,3127.568678,3134.955472,3108.363013,3117.522638,Bear,19.205664999999954,7.386794000000009
2012-08-01,3117.522638,3139.387548,3094.771311,3110.726787,Bear,22.751326999999947,21.864910000000236
2012-08-02,3110.431315,3130.523395,3072.9064,3096.839614,Bear,37.524914999999964,20.09208000000035
2012-08-03,3097.135085,3168.934725,3095.657727,3159.479629,Bull,71.79964000000018,1.4773580000000948
2012-08-05,3161.547931,3167.752838,3157.706798,3163.02529,Bull,6.204906999999821,3.8411329999998998
2012-08-06,3163.02529,3193.16341,3161.547931,3184.299257,Bull,30.13812000000007,1.4773589999999786
2012-08-07,3184.299257,3218.278511,3181.640011,3204.391338,Bull,33.979253999999855,2.6592460000001665
2012-08-08,3204.095866,3216.801152,3191.981523,3215.619265,Bull,12.705285999999887,12.11434300000019
2012-08-09,3215.914737,3218.573983,3195.231713,3202.913979,Bear,20.683023999999932,2.6592460000001665
2012-08-10,3202.913979,3218.278511,3193.754354,3217.687567,Bull,15.364532000000054,9.159624999999778
2012-08-12,3214.73285,3217.096624,3205.573225,3208.527942,Bear,9.159624999999778,2.363773999999921
2012-08-13,3208.527942,3235.711345,3197.890959,3231.279269,Bull,27.183403,10.636983000000328
2012-08-14,3232.461156,3241.916252,3215.028321,3217.096624,Bear,17.43283500000007,9.45509600000014
2012-08-15,3216.801152,3247.530216,3212.960019,3244.87097,Bull,30.729064000000108,3.8411329999998998
2012-08-16,3244.575498,3278.554752,3236.302289,3267.917768,Bull,33.979253999999855,8.273208999999952
2012-08-17,3267.917768,3286.237018,3266.735881,3281.509469,Bull,18.31925000000001,1.1818869999997332
2012-08-19,3279.441167,3285.941546,3279.145695,3281.509469,Bull,6.500379000000066,0.29547199999979057
2012-08-20,3281.509469,3290.669094,3270.281542,3288.600792,Bull,9.159624999999778,11.227926999999909
2012-08-21,3288.896264,3312.238533,3263.781163,3273.827203,Bear,25.115100999999868,23.342269000000215
2012-08-22,3273.531732,3299.828719,3260.826446,3295.692114,Bull,26.296987000000172,12.705285999999887
2012-08-23,3295.692114,3300.419663,3254.91701,3264.96305,Bear,40.77510399999983,4.727549000000181
2012-08-24,3264.96305,3291.850981,3250.780405,3282.395885,Bull,26.887931000000208,14.182644999999866
2012-08-26,3290.373623,3296.283058,3287.714377,3291.55551,Bull,5.90943500000003,2.6592460000001665
2012-08-27,3291.260038,3304.260796,3280.623054,3282.986828,Bear,10.636983999999757,13.000758000000133
2012-08-28,3283.2823,3298.055889,3275.009091,3292.737397,Bull,14.773589000000356,8.273208999999952
2012-08-29,3293.032868,3298.055889,3275.304562,3277.372865,Bear,17.728305999999975,5.023021000000426
2012-08-30,3276.781921,3281.804941,3250.484934,3256.689841,Bear,26.296986999999717,5.023020000000088
2012-08-31,3256.985313,3291.850981,3244.575498,3274.122675,Bull,34.865667999999914,12.40981499999998
2012-09-02,3277.372865,3279.441167,3261.712861,3277.077393,Bear,15.660003999999844,2.0683020000001306
2012-09-03,3277.077393,3288.896264,3270.577014,3284.759659,Bull,11.818870999999945,6.500379000000066
2012-09-04,3285.350602,3288.30532,3241.620781,3270.577014,Bear,43.7298209999999,2.954717999999957
2012-09-05,3270.577014,3286.53249,3258.462671,3277.077393,Bull,15.95547600000009,12.11434300000019
2012-09-06,3277.372865,3344.740428,3276.190978,3341.78571,Bull,67.36756300000025,1.1818869999997332
2012-09-07,3341.490239,3352.127222,3329.375896,3337.353634,Bear,12.11434300000019,10.636982999999873
2012-09-09,3335.580803,3336.171747,3328.194009,3329.080424,Bear,7.386794000000009,0.5909440000000359
2012-09-10,3328.784953,3337.353634,3282.986828,3284.168715,Bear,45.7981249999998,8.568681000000197
2012-09-11,3284.168715,3308.988344,3282.986828,3296.874001,Bull,24.819629000000077,1.1818869999997332
2012-09-12,3296.57853,3309.579288,3280.032111,3301.306078,Bull,13.000758000000133,16.546418999999787
2012-09-13,3301.010606,3358.923073,3291.850981,3354.195525,Bull,57.912467000000106,9.159624999999778
2012-09-14,3354.195525,3387.068181,3347.384073,3377.887529,Bull,32.872656000000006,6.8114519999999175
2012-09-16,3378.775979,3378.775979,3365.745377,3367.226127,Bear,13.030601999999817,0.0
2012-09-17,3367.522277,3379.072129,3364.264627,3377.887529,Bull,11.5498520000001,3.2576500000000124
2012-09-18,3377.591379,3391.214282,3362.191576,3389.437381,Bull,13.622902999999951,15.399802999999793
2012-09-19,3389.437381,3395.360382,3369.891478,3373.445278,Bear,19.54590300000018,5.923000999999658
2012-09-20,3372.852978,3390.325831,3361.006976,3388.252781,Bull,17.472853000000214,11.846001999999771
2012-09-21,3388.845081,3401.875684,3378.775979,3380.25673,Bear,10.06910199999993,13.030603000000156
2012-09-23,3378.479829,3384.69898,3370.779928,3377.887529,Bear,7.699900999999954,6.219151000000238
2012-09-24,3377.887529,3379.96058,3347.976374,3370.483778,Bear,29.911155000000235,2.0730509999998503
2012-09-25,3370.779928,3379.664429,3314.807567,3320.730569,Bear,55.97236100000009,8.884501
2012-09-26,3320.434418,3323.395919,3272.161959,3297.630864,Bear,48.2724589999998,2.9615010000002258
2012-09-27,3297.630864,3342.053372,3290.819413,3334.057321,Bull,44.42250799999965,6.811451000000034
2012-09-28,3334.353471,3339.684172,3303.553865,3306.515366,Bear,30.79960600000004,5.330701000000317
2012-09-30,3303.850015,3305.923066,3291.411713,3293.484763,Bear,12.438302000000022,2.0730509999998503
2012-10-01,3293.780913,3343.534123,3290.523263,3302.665415,Bull,49.753209999999854,3.2576500000000124
2012-10-02,3302.369265,3326.061269,3284.304112,3307.996116,Bull,23.692003999999997,18.06515300000001
2012-10-03,3307.699966,3347.384073,3302.665415,3346.791773,Bull,39.68410700000004,5.034551000000192
2012-10-04,3346.199473,3352.418624,3326.061269,3347.087923,Bull,6.219150999999783,20.138204000000314
2012-10-05,3347.087923,3365.153077,3316.584468,3321.915169,Bear,30.50345500000003,18.065153999999893
2012-10-07,3324.284369,3326.35742,3313.622967,3314.511417,Bear,10.66140200000018,2.0730509999998503
2012-10-08,3314.511417,3319.249818,3286.673312,3295.557814,Bear,27.83810500000027,4.738400999999612
2012-10-09,3295.853964,3298.519314,3230.404802,3242.250804,Bear,65.44916199999989,2.665350000000217
2012-10-10,3242.546954,3250.246855,3215.597299,3228.035601,Bear,26.949654999999893,7.699900999999954
2012-10-11,3228.035601,3252.319906,3212.635798,3215.597299,Bear,15.399803000000247,24.28430500000013
2012-10-12,3215.301149,3231.885552,3207.008947,3212.635798,Bear,8.292202000000088,16.584403000000293
2012-10-14,3213.820399,3218.558799,3204.343597,3213.228098,Bear,9.476802000000134,4.738399999999729
2012-10-15,3213.228098,3241.954654,3206.416647,3241.066204,Bull,28.726556000000073,6.811451000000034
2012-10-16,3241.066204,3289.930963,3238.104703,3266.238958,Bull,48.864758999999594,2.9615010000002258
2012-10-17,3265.942808,3291.707863,3261.796708,3282.823361,Bull,25.765055000000302,4.146099999999933
2012-10-18,3282.823361,3283.119511,3230.997102,3236.623953,Bear,51.82625900000039,0.2961499999996704
2012-10-19,3236.623953,3241.362354,3155.774988,3158.440338,Bear,80.84896499999968,4.738401000000067
2012-10-21,3156.367288,3172.359391,3148.075086,3171.767091,Bull,15.992103000000043,8.292202000000088
2012-10-22,3172.063241,3192.793745,3156.663438,3182.132343,Bull,20.73050400000011,15.399802999999793
2012-10-23,3181.836193,3181.836193,3140.967485,3165.25179,Bear,40.86870799999997,0.0
2012-10-24,3165.25179,3175.320891,3134.748334,3150.444287,Bear,30.503455999999915,10.069101000000046
2012-10-25,3150.444287,3167.02869,3085.291275,3114.31398,Bear,65.15301199999976,16.584403000000293
2012-10-26,3114.61013,3161.994139,3108.094829,3150.740437,Bull,47.38400899999988,6.5153009999999085
2012-10-28,3144.521286,3149.259687,3136.229084,3136.525234,Bear,8.292202000000088,4.738401000000067
2012-10-29,3136.525234,3140.967485,3110.760179,3120.829281,Bear,25.765055000000302,4.442250999999942
2012-10-30,3121.421581,3153.701937,3116.979331,3143.040535,Bull,32.280355999999756,4.442250000000058
2012-10-31,3142.744385,3170.878641,3112.24093,3120.236981,Bear,30.50345500000003,28.134255999999823
2012-11-01,3120.236981,3185.389993,3117.275481,3177.986242,Bull,65.15301199999976,2.9614999999998872
2012-11-02,3177.690092,3191.312994,3129.121483,3130.306083,Bear,48.568608999999924,13.622902000000067
2012-11-04,3127.936883,3138.894435,3121.125431,3138.005984,Bull,10.957552000000305,6.8114519999999175
2012-11-05,3137.413684,3167.02869,3123.494632,3157.255738,Bull,29.615005999999994,13.919052000000192
2012-11-06,3157.255738,3188.647644,3143.632836,3165.54794,Bull,31.39190600000029,13.622901999999613
2012-11-07,3165.54794,3184.205393,3078.775973,3103.356428,Bear,86.77196700000013,18.65745300000026
2012-11-08,3103.060278,3107.502529,3042.645667,3058.93392,Bear,60.41461100000015,4.442250999999942
2012-11-09,3058.93392,3088.548925,3028.134314,3059.52622,Bull,29.61500500000011,30.79960600000004
2012-11-11,3058.04547,3065.449221,3052.122468,3063.672321,Bull,7.403750999999829,5.923001999999997
2012-11-12,3063.672321,3076.702923,3036.722666,3040.868766,Bear,26.949654999999893,13.030601999999817
2012-11-13,3040.868766,3063.080021,3024.284363,3053.899369,Bull,22.211255000000165,16.58440299999984
2012-11-14,3053.899369,3063.080021,2992.892457,3000.592359,Bear,61.006912000000284,9.18065200000001
2012-11-15,3000.000059,3010.069161,2976.604204,2985.192556,Bear,23.395854999999756,10.06910199999993
2012-11-16,2985.488706,3007.99611,2952.02375,3002.665409,Bull,22.50740399999995,33.46495600000026
2012-11-18,3002.961559,3014.215261,3002.369259,3007.10766,Bull,11.253701999999976,0.5922999999997955
2012-11-19,3007.40381,3073.149122,3005.92306,3062.78387,Bull,65.74531200000001,1.4807499999997162
2012-11-20,3062.19157,3076.406773,3042.053367,3059.52622,Bear,20.138202999999976,14.215203000000201
2012-11-21,3059.23007,3087.364325,3055.676269,3081.737474,Bull,28.13425499999994,3.5538010000000213
2012-11-22,3081.145174,3087.364325,3076.406773,3084.402824,Bull,6.219150999999783,4.738401000000067
2012-11-23,3084.402824,3125.863832,3075.518323,3120.829281,Bull,41.46100800000022,8.884501
2012-11-25,3119.052381,3119.940831,3109.279429,3110.167879,Bear,9.772951999999805,0.8884499999999207
2012-11-26,3109.871729,3145.113586,3107.206379,3143.632836,Bull,35.24185699999998,2.665349999999762
2012-11-27,3143.336685,3149.555837,3123.198482,3129.713783,Bear,20.13820300000043,6.219151999999667
2012-11-28,3129.121483,3167.62099,3093.583476,3164.363339,Bull,38.499506999999994,35.53800700000011
2012-11-29,3164.955639,3184.797693,3158.440338,3173.543991,Bull,19.84205400000019,6.5153009999999085
2012-11-30,3173.247841,3186.278443,3159.624938,3175.320891,Bull,13.030602000000272,13.622902999999951
2012-12-02,3169.99019,3185.093843,3169.69404,3179.170842,Bull,15.103653000000122,0.29615000000012515
2012-12-03,3178.874692,3196.643695,3153.701937,3156.071138,Bear,25.172755000000052,17.76900300000034
2012-12-04,3155.774988,3172.951691,3139.486735,3169.39789,Bull,17.17670300000009,16.288253000000168
2012-12-05,3169.39789,3173.840141,3107.206379,3122.013881,Bear,62.19151099999999,4.442250999999942
2012-12-06,3122.013881,3153.405787,3106.614079,3145.409736,Bull,31.39190600000029,15.399801999999909
2012-12-07,3145.409736,3166.73254,3114.90628,3124.383082,Bear,30.503455999999915,21.322803999999905
2012-12-09,3123.790782,3131.194533,3120.533131,3122.013881,Bear,3.257650999999896,7.403750999999829
2012-12-10,3122.310032,3151.925037,3110.464029,3137.709834,Bull,29.61500500000011,11.846002999999655
2012-12-11,3137.709834,3194.274495,3133.859884,3180.947742,Bull,56.56466100000034,3.849949999999808
2012-12-12,3180.947742,3193.682195,3160.513389,3171.174791,Bear,20.434352999999646,12.73445300000003
2012-12-13,3170.28634,3185.686143,3130.306083,3139.486735,Bear,39.980257000000165,15.399802999999793
2012-12-14,3139.782885,3150.152049,3099.491276,3113.415582,Bear,40.29160899999988,10.369163999999728
2012-12-16,3119.044557,3126.747364,3115.489415,3115.489415,Bear,3.55514200000016,7.702806999999666
2012-12-17,3115.489415,3169.409068,3092.08473,3164.372617,Bull,53.919652999999926,23.404684999999972
2012-12-18,3164.372617,3207.923106,3159.336166,3204.367964,Bull,43.5504890000002,5.036450999999943
2012-12-19,3204.367964,3215.922175,3182.444588,3183.333374,Bear,21.92337600000019,11.554211000000123
2012-12-20,3183.333374,3202.294131,3124.969793,3138.301576,Bear,58.36358099999961,18.960757000000285
2012-12-21,3138.005314,3159.632427,3124.081008,3159.039904,Bull,21.62711300000001,13.924305999999888
2012-12-23,3152.225882,3155.484762,3137.709052,3140.967932,Bear,14.516830000000027,3.2588799999998628
2012-12-24,3140.67167,3151.337096,3136.227743,3140.375408,Bear,4.443927000000258,10.665426000000025
2012-12-26,3144.523074,3150.744573,3107.194083,3117.563247,Bear,37.328991000000315,6.221498999999767
2012-12-27,3118.452033,3125.858579,3073.420235,3106.009036,Bear,45.03179799999998,7.406546000000162
2012-12-28,3106.009036,3113.711844,3060.384714,3063.051071,Bear,45.62432200000012,7.7028080000000045
2012-12-30,3069.568831,3074.012758,3057.422096,3065.717427,Bear,12.146735000000263,4.443926999999803
2012-12-31,3065.421165,3158.151118,3058.903405,3151.337096,Bull,92.72995300000002,6.51776000000018
2013-01-02,3183.333374,3250.288548,3183.333374,3238.141813,Bull,66.95517400000017,0.0
2013-01-03,3238.141813,3255.324999,3222.143674,3230.142743,Bear,15.998139000000265,17.18318599999975
2013-01-04,3229.55022,3242.289478,3212.959557,3217.996008,Bear,16.59066299999995,12.739258000000063
2013-01-06,3218.884794,3220.366103,3209.108153,3211.181986,Bear,9.776640999999927,1.4813089999997828
2013-01-07,3210.885724,3226.587601,3202.590393,3216.810961,Bull,15.701876999999968,8.29533100000026
2013-01-08,3216.514699,3228.957696,3197.850204,3218.588532,Bull,12.442997000000105,18.664494999999988
2013-01-09,3218.588532,3236.956765,3212.959557,3233.994147,Bull,18.36823299999969,5.628975000000082
2013-01-10,3233.994147,3252.362381,3215.922175,3243.770787,Bull,18.36823400000003,18.071971999999732
2013-01-11,3243.770787,3252.362381,3237.845551,3251.177333,Bull,8.591593999999986,5.925236000000041
2013-01-13,3251.769857,3259.176403,3247.325929,3251.769857,Bear,4.443927999999687,7.406546000000162
2013-01-14,3251.769857,3256.510046,3222.439936,3230.142743,Bear,29.32992099999956,4.7401890000001
2013-01-15,3229.846481,3235.475456,3205.849273,3217.996008,Bear,23.997208000000228,5.628975000000082
2013-01-16,3217.403485,3244.067049,3212.070772,3224.513768,Bull,26.663564000000406,5.332712999999785
2013-01-17,3224.81003,3261.250236,3223.328721,3244.659573,Bull,36.44020599999976,1.4813090000002376
2013-01-18,3244.955835,3249.1035,3226.291339,3242.289478,Bear,18.664496000000327,4.147664999999961
2013-01-20,3240.215646,3246.733406,3239.623122,3245.548358,Bull,6.5177599999997256,0.5925240000001395
2013-01-21,3245.548358,3255.028737,3238.141813,3250.288548,Bull,9.480379000000084,7.406544999999824
2013-01-22,3249.696024,3268.360519,3224.217507,3261.250236,Bull,18.664494999999988,25.47851700000001
2013-01-23,3261.546497,3281.099778,3208.811891,3219.477317,Bear,52.734605999999985,19.55328099999997
2013-01-24,3219.477317,3250.58481,3213.552081,3220.069841,Bull,31.107492999999977,5.925236000000041
2013-01-25,3219.773579,3246.437144,3219.477317,3233.994147,Bull,26.663564999999835,0.2962620000002971
2013-01-27,3234.586671,3238.734336,3230.735267,3238.141813,Bull,4.147664999999961,3.8514040000000023
2013-01-28,3238.141813,3255.917523,3231.624052,3245.548358,Bull,17.77570999999989,6.517761000000064
2013-01-29,3245.548358,3255.324999,3218.884794,3252.658642,Bull,9.776640999999927,26.66356399999995
2013-01-30,3252.362381,3260.953974,3230.735267,3237.845551,Bear,21.627113999999892,8.591593000000103
2013-01-31,3237.845551,3254.436213,3227.772649,3242.289478,Bull,16.590662000000066,10.072901999999885
2013-02-01,3241.993216,3275.470803,3235.771718,3266.286687,Bull,33.47758700000031,6.221497999999883
2013-02-03,3269.841829,3269.841829,3261.842759,3263.62033,Bear,7.999069999999847,0.0
2013-02-04,3263.324068,3268.953043,3210.293201,3216.514699,Bear,53.030866999999944,5.628975000000082
2013-02-05,3216.514699,3269.841829,3212.663295,3263.027806,Bull,53.327130000000125,3.8514040000000023
2013-02-06,3263.027806,3267.175472,3238.734336,3244.363311,Bear,24.29347000000007,4.147665999999845
2013-02-07,3244.363311,3257.991355,3214.737128,3254.139952,Bull,13.628044000000045,29.626182999999855
2013-02-08,3254.139952,3292.65399,3249.399762,3284.951182,Bull,38.5140379999998,4.740189999999984
2013-02-10,3284.062396,3290.580157,3283.766135,3286.136229,Bull,6.517761000000064,0.2962609999999586
2013-02-11,3286.136229,3295.320346,3274.87828,3277.840898,Bear,11.25794900000028,9.184116999999787
2013-02-12,3277.544636,3287.9138,3269.249305,3276.063327,Bear,8.29533100000026,10.369163999999728
2013-02-13,3275.470803,3296.505393,3273.989494,3281.099778,Bull,21.034589999999753,1.4813090000002376
2013-02-14,3281.099778,3288.506324,3265.990425,3276.655851,Bear,15.109352999999828,7.406546000000162
2013-02-15,3276.359589,3290.580157,3263.916592,3272.804447,Bear,12.442997000000105,14.22056799999973
2013-02-17,3270.434352,3274.285756,3268.656781,3273.396971,Bull,3.8514040000000023,1.77757100000008
2013-02-18,3273.100709,3276.655851,3269.249305,3275.174542,Bull,3.55514200000016,3.8514040000000023
2013-02-19,3274.87828,3302.134368,3271.026876,3300.356797,Bull,27.25608800000009,3.8514040000000023
2013-02-20,3300.356797,3302.134368,3229.253958,3238.734336,Bear,71.10283900000013,1.77757100000008
2013-02-21,3239.030598,3244.659573,3199.035251,3223.624983,Bear,39.99534700000004,5.628975000000082
2013-02-22,3223.328721,3245.84462,3216.514699,3241.696955,Bull,22.51589899999999,6.814022000000023
2013-02-24,3243.178264,3245.548358,3235.771718,3242.882002,Bear,7.406546000000162,2.370093999999881
2013-02-25,3242.882002,3276.063327,3189.851134,3205.256749,Bear,53.03086799999983,33.181325000000015
2013-02-26,3205.553011,3221.254888,3186.592254,3207.626844,Bull,15.701876999999968,18.96075699999983
2013-02-27,3207.626844,3268.064258,3203.479178,3253.251166,Bull,60.43741399999999,4.147665999999845
2013-02-28,3253.251166,3272.508185,3234.290409,3246.437144,Bear,18.96075699999983,19.257019000000128
2013-03-01,3246.140882,3260.657712,3213.552081,3257.695094,Bull,14.516830000000027,32.58880100000033
2013-03-03,3253.547428,3254.436213,3239.030598,3242.58574,Bear,14.516830000000027,0.8887850000000981
2013-03-04,3242.882002,3276.063327,3238.438075,3273.396971,Bull,33.181325000000015,4.443926999999803
2013-03-05,3273.396971,3322.576435,3272.508185,3317.836245,Bull,49.179463999999825,0.8887859999999819
2013-03-06,3318.132507,3329.094195,3304.504463,3305.393248,Bear,13.62804399999959,10.961688000000322
2013-03-07,3305.393248,3323.46522,3305.096986,3319.021293,Bull,18.071972000000187,0.2962619999998424
2013-03-08,3319.021293,3343.351683,3309.526506,3322.581837,Bull,24.33039000000008,9.494786999999633
2013-03-10,3321.988413,3322.581837,3313.680475,3321.394989,Bear,8.307937999999922,0.593424000000141
2013-03-11,3321.098277,3332.670048,3308.339658,3327.032519,Bull,11.571770999999899,12.75861900000018
2013-03-12,3326.439094,3329.109503,3302.702128,3320.801565,Bear,23.73696599999994,2.6704090000002907
2013-03-13,3321.098277,3327.329231,3302.405416,3316.054172,Bear,18.692860999999994,6.230954000000111
2013-03-14,3316.054172,3332.076624,3315.460748,3327.329231,Bull,16.022451999999703,0.593424000000141
2013-03-15,3327.625943,3329.406215,3305.372537,3313.383763,Bear,22.253405999999814,1.780271999999968
2013-03-17,3292.317206,3292.317206,3266.206543,3267.096679,Bear,26.110663000000386,0.0
2013-03-18,3267.393391,3319.911429,3261.755862,3313.977187,Bull,52.51803800000016,5.637529000000086
2013-03-19,3313.680475,3323.175262,3270.0638,3299.438295,Bear,43.616675000000214,9.494787000000088
2013-03-20,3299.735008,3330.889776,3297.954735,3303.592265,Bull,31.154767999999876,1.7802730000003066
2013-03-21,3303.295552,3308.933082,3277.18489,3289.943509,Bear,26.110662000000048,5.63752999999997
2013-03-22,3289.943509,3322.581837,3279.558586,3322.581837,Bull,32.638328,10.384923000000072
2013-03-24,3315.460748,3335.043745,3314.570611,3332.670048,Bull,19.582996999999978,0.8901369999998678
2013-03-25,3332.373336,3336.824017,3288.756661,3309.823218,Bear,43.616675000000214,4.450680999999804
2013-03-26,3309.526506,3327.922655,3308.339658,3326.439094,Bull,18.396148999999696,1.186848000000282
2013-03-27,3326.439094,3330.296351,3295.284326,3313.977187,Bear,31.154767999999876,3.857257000000118
2013-03-28,3314.273899,3340.681274,3313.087051,3338.901002,Bull,26.40737500000023,1.1868479999998272
2013-03-31,3336.230593,3340.977986,3332.076624,3334.450321,Bear,4.153969000000416,4.747392999999647
2013-04-01,3335.043745,3341.868122,3304.482401,3310.416642,Bear,30.561343999999735,6.824376999999913
2013-04-02,3310.713354,3350.472773,3308.933082,3340.384562,Bull,39.75941899999998,1.780271999999968
2013-04-03,3340.08785,3346.022092,3299.735008,3313.087051,Bear,40.35284199999978,5.934242000000268
2013-04-04,3313.087051,3324.955534,3290.536933,3297.658023,Bear,22.55011800000011,11.868483000000197
2013-04-05,3297.658023,3302.108704,3248.997242,3280.448723,Bear,48.66078100000004,4.450681000000259
2013-04-07,3279.558586,3284.899404,3279.261874,3284.899404,Bull,5.340817999999672,0.29671200000029785
2013-04-08,3284.602692,3311.306779,3272.140784,3306.262673,Bull,26.704087000000072,12.461907999999767
2013-04-09,3306.262673,3334.747033,3291.130357,3319.614717,Bull,28.484359999999924,15.132316000000174
2013-04-10,3319.614717,3391.419039,3319.318005,3381.330829,Bull,71.80432199999996,0.2967119999998431
2013-04-11,3381.627541,3392.605888,3374.506451,3381.627541,Bear,7.12108999999964,10.978347000000213
2013-04-12,3381.627541,3384.891374,3356.703726,3379.847268,Bear,24.92381499999965,3.263832999999977
2013-04-14,3378.363708,3383.704525,3362.341256,3369.462346,Bear,16.022451999999703,5.340817000000243
2013-04-15,3369.462346,3376.583435,3289.053373,3325.84567,Bear,80.4089729999996,7.121089000000211
2013-04-16,3325.548958,3363.824816,3315.164036,3351.956333,Bull,38.27585799999997,10.384921999999733
2013-04-17,3351.956333,3357.000438,3273.624345,3296.767887,Bear,78.33198799999991,5.044104999999945
2013-04-18,3296.471175,3308.933082,3232.97479,3265.909831,Bear,63.49638499999992,12.461906999999883
2013-04-19,3265.909831,3298.844871,3248.107106,3289.350085,Bull,32.935039999999844,17.80272500000001
2013-04-21,3290.536933,3307.746234,3288.459949,3302.99884,Bull,17.209301000000323,2.076983999999811
2013-04-22,3302.99884,3338.010865,3290.833645,3316.647596,Bull,35.012024999999994,12.16519500000004
2013-04-23,3316.054172,3374.803163,3305.372537,3352.549757,Bull,58.74899099999993,10.681634999999915
2013-04-24,3352.846469,3368.572209,3339.791138,3356.703726,Bull,15.72573999999986,13.055331000000024
2013-04-25,3357.000438,3387.858494,3352.846469,3367.682073,Bull,30.858056000000033,4.153968999999961
2013-04-26,3367.978785,3373.913027,3349.582636,3363.231392,Bear,18.396148999999696,5.934242000000268
2013-04-28,3363.231392,3364.714952,3355.81359,3361.747832,Bear,7.417801999999938,1.4835599999996703
2013-04-29,3361.747832,3408.331628,3361.154407,3393.792736,Bull,46.58379599999989,0.5934250000000247
2013-04-30,3393.792736,3423.167232,3386.374934,3419.606687,Bull,29.37449599999991,7.417801999999938
2013-05-01,3419.903399,3426.431064,3397.056569,3406.848067,Bear,22.846829999999954,6.52766500000007
2013-05-02,3407.144779,3454.322,3403.880947,3447.20091,Bull,47.17722099999992,3.263832000000093
2013-05-03,3446.904198,3498.532099,3442.156804,3486.366904,Bull,51.62790099999984,4.747393999999986
2013-05-05,3485.476768,3494.37813,3485.180056,3489.630737,Bull,8.901362000000063,0.2967119999998431
2013-05-06,3489.630737,3505.949901,3485.77348,3497.048539,Bull,16.319164,3.857257000000118
2013-05-07,3497.048539,3509.213734,3486.070192,3498.532099,Bull,12.16519500000004,10.978346999999758
2013-05-08,3498.235387,3521.972353,3491.411009,3516.334824,Bull,23.73696599999994,6.824378000000252
2013-05-09,3516.334824,3534.730972,3501.202508,3518.70852,Bull,18.396147999999812,15.132316000000174
2013-05-10,3518.411808,3535.324397,3511.58743,3533.247412,Bull,16.912589000000025,6.824377999999797
2013-05-12,3527.609883,3527.609883,3517.22496,3524.34605,Bear,10.384923000000072,0.0
2013-05-13,3524.34605,3545.709319,3513.664415,3540.665214,Bull,21.363268999999946,10.681634999999915
2013-05-14,3541.258638,3566.479165,3526.423034,3554.907394,Bull,25.220527000000402,14.835603999999876
2013-05-15,3554.907394,3570.336422,3539.775078,3565.292316,Bull,15.429028000000017,15.132315999999719
2013-05-16,3565.292316,3583.095041,3555.79753,3563.215332,Bear,9.494786000000204,17.80272500000001
2013-05-17,3562.91862,3594.073388,3559.061363,3591.106267,Bull,31.154767999999876,3.857257000000118
2013-05-19,3585.76545,3590.216131,3582.501617,3587.24901,Bull,4.450681000000259,3.263832999999977
2013-05-20,3587.24901,3598.524069,3572.413406,3585.76545,Bear,14.835603999999876,11.275059000000056
2013-05-21,3585.76545,3604.161598,3572.413406,3587.24901,Bull,18.396148000000267,13.35204399999975
2013-05-22,3587.24901,3624.041308,3541.258638,3553.127121,Bear,45.99037200000021,36.792297999999846
2013-05-23,3552.830409,3564.105468,3514.554551,3546.006031,Bear,38.27585799999997,11.275059000000056
2013-05-24,3546.006031,3559.951499,3517.22496,3552.236985,Bull,13.945467999999892,28.781070999999883
2013-05-26,3550.16,3566.182453,3546.302743,3558.467939,Bull,16.02245300000004,3.857256999999663
2013-05-27,3558.467939,3571.819982,3542.742199,3568.852861,Bull,13.352042999999867,15.725740000000314
2013-05-28,3568.556149,3604.161598,3560.841635,3570.03971,Bull,35.605449000000135,7.714513999999781
2013-05-29,3569.742998,3569.742998,3534.730972,3554.017257,Bear,35.01202600000033,0.0
2013-05-30,3554.017257,3590.809555,3538.884942,3574.490391,Bull,36.792297999999846,15.132314999999835
2013-05-31,3574.193679,3587.545722,3532.357276,3532.357276,Bear,41.83640299999979,13.352042999999867
2013-06-02,3537.994805,3548.67644,3533.840836,3543.929047,Bull,10.68163500000037,4.153968999999961
2013-06-03,3543.929047,3554.610682,3501.202508,3543.632335,Bear,42.72653900000023,10.681634999999915
2013-06-04,3543.632335,3568.852861,3514.257839,3529.686867,Bear,29.37449599999991,25.220526000000064
2013-06-05,3530.280291,3531.763852,3479.839238,3493.784706,Bear,50.44105300000001,1.4835610000000088
2013-06-06,3494.081418,3505.949901,3454.322,3500.609084,Bull,11.868482999999742,39.759418000000096
2013-06-07,3500.015659,3551.050137,3489.334025,3542.742199,Bull,51.034478000000036,10.681634000000031
2013-06-09,3537.994805,3547.786304,3532.357276,3544.819183,Bull,9.791499000000385,5.637528999999631
2013-06-10,3544.819183,3565.292316,3539.478366,3543.038911,Bear,5.340817000000243,20.47313299999996
2013-06-11,3543.038911,3544.819183,3500.609084,3526.126322,Bear,42.42982699999993,1.780271999999968
2013-06-12,3526.423034,3536.214533,3450.464743,3452.838439,Bear,75.95829099999992,9.79149899999993
2013-06-13,3452.838439,3524.34605,3439.189684,3518.115096,Bull,71.507611,13.648755000000165
2013-06-14,3518.115096,3522.574804,3488.978336,3491.356847,Bear,29.136759999999867,4.459707999999864
2013-06-16,3492.248789,3508.898366,3491.951475,3506.222541,Bull,16.64957699999968,0.29731400000036956
2013-06-17,3506.222541,3549.927681,3505.330599,3530.007651,Bull,43.70514000000003,0.8919420000001992
2013-06-18,3529.413023,3565.090689,3527.034512,3553.792761,Bull,35.677666000000045,2.3785109999998895
2013-06-19,3553.792761,3566.577258,3494.924614,3499.97895,Bear,58.868147000000135,12.784496999999647
2013-06-20,3499.97895,3505.033286,3420.001517,3432.786014,Bear,79.97743300000002,5.054335999999694
2013-06-21,3432.786014,3447.949021,3384.621166,3407.514334,Bear,48.16484799999989,15.163007000000107
2013-06-23,3409.000904,3414.05524,3389.378188,3400.081487,Bear,19.622715999999855,5.0543360000001485
2013-06-24,3400.081487,3405.730451,3351.024698,3375.404436,Bear,49.05678899999975,5.648963999999978
2013-06-25,3375.404436,3417.623006,3366.485019,3392.054013,Bull,42.21857,8.919416999999612
2013-06-26,3392.351327,3442.300058,3391.162071,3434.867211,Bull,49.94873099999995,1.1892559999996593
2013-06-27,3435.461839,3470.544876,3427.731678,3456.868438,Bull,35.08303699999988,7.730160999999953
2013-06-28,3456.868438,3475.004584,3430.110189,3447.651708,Bear,26.758248999999978,18.136145999999826
2013-06-30,3452.111416,3458.057693,3442.002744,3449.732905,Bear,10.108672000000297,5.946277000000009
2013-07-01,3449.435591,3504.438658,3449.138277,3478.275037,Bull,55.0030670000001,0.2973139999999148
2013-07-02,3478.275037,3497.897753,3457.463065,3470.247562,Bear,20.81197199999997,19.62271600000031
2013-07-03,3471.139504,3507.114483,3445.273197,3502.357461,Bull,35.97497899999962,25.866307000000234
2013-07-04,3502.060147,3529.710337,3498.49238,3527.034512,Bull,27.65018999999984,3.5677670000000035
2013-07-05,3527.331826,3533.575418,3481.842803,3523.169432,Bear,45.48902300000009,6.243591999999808
2013-07-07,3521.980177,3532.088848,3521.088235,3526.439885,Bull,10.108670999999958,0.8919419999997444
2013-07-08,3526.439885,3541.900206,3506.817169,3531.791534,Bull,15.460321000000022,19.622715999999855
2013-07-09,3531.791534,3549.927681,3520.493607,3535.359301,Bull,18.136147000000165,11.297927000000072
2013-07-10,3535.359301,3599.579098,3530.899593,3597.200587,Bull,64.2197970000002,4.459707999999864
2013-07-11,3596.903273,3636.743333,3591.848937,3631.986311,Bull,39.840059999999994,5.054335999999694
2013-07-12,3631.986311,3651.609027,3626.337347,3645.068121,Bull,19.622715999999855,5.648963999999978
2013-07-14,3642.392296,3653.987538,3642.392296,3652.798282,Bull,11.595241999999871,0.0
2013-07-15,3652.798282,3658.74456,3642.68961,3656.960676,Bull,5.946277999999893,10.108672000000297
2013-07-16,3656.663362,3663.204268,3643.581552,3657.555304,Bull,6.540906000000177,13.081809999999678
2013-07-17,3657.852618,3670.637115,3645.662749,3653.690224,Bear,12.189868999999817,12.784497000000101
2013-07-18,3653.39291,3671.231742,3619.201814,3621.877639,Bear,34.191096000000016,17.83883199999991
2013-07-19,3621.877639,3624.25615,3604.038806,3621.283011,Bear,17.838832999999795,2.378511000000344
2013-07-21,3619.796442,3629.905114,3619.796442,3624.553464,Bull,10.108672000000297,0.0
2013-07-22,3624.553464,3639.121844,3613.55285,3637.33796,Bull,14.568379999999706,11.000614000000041
2013-07-23,3637.635274,3638.82453,3595.714018,3614.444792,Bear,41.921256000000085,1.1892559999996593
2013-07-24,3614.444792,3635.851391,3601.957609,3628.715858,Bull,21.40659900000037,12.487182999999732
2013-07-25,3628.715858,3637.040647,3600.47104,3634.959449,Bull,8.324788999999782,28.244818000000123
2013-07-26,3635.256763,3655.176793,3612.363595,3654.879479,Bull,19.920030000000224,22.89316800000006
2013-07-28,3651.014399,3655.176793,3645.068121,3645.662749,Bear,5.946278000000348,4.162393999999949
2013-07-29,3645.365435,3661.123071,3635.256763,3653.690224,Bull,15.75763599999982,10.108672000000297
2013-07-30,3653.987538,3680.448473,3649.527829,3670.339801,Bull,26.460935000000063,4.459708999999748
2013-07-31,3670.637115,3692.638341,3662.015012,3682.232356,Bull,22.00122599999986,8.622103000000152
2013-08-01,3682.232356,3714.639568,3681.0431,3709.585232,Bull,32.40721200000007,1.189256000000114
2013-08-02,3709.882546,3731.883773,3701.260444,3729.505262,Bull,22.0012270000002,8.622101999999813
2013-08-04,3729.802576,3730.09989,3725.342868,3728.316007,Bear,4.459707999999864,0.2973139999999148
2013-08-05,3728.61332,3734.559598,3719.991218,3725.937496,Bear,8.622101999999813,5.946277999999893
2013-08-06,3725.640182,3733.667656,3694.124911,3703.044327,Bear,31.51527100000021,8.027473999999984
2013-08-07,3703.638955,3719.39659,3675.691451,3717.612707,Bull,15.757634999999937,27.947503999999753
2013-08-08,3717.315393,3730.09989,3696.800736,3717.910021,Bull,12.784497000000101,20.514656999999715
2013-08-09,3717.910021,3728.018693,3695.016852,3701.855072,Bear,22.893168999999943,10.108671999999842
2013-08-11,3702.747013,3705.125524,3697.395363,3703.638955,Bull,2.3785109999998895,5.351650000000063
2013-08-12,3703.638955,3721.775101,3679.853845,3720.288532,Bull,18.13614600000028,23.785109999999804
2013-08-13,3720.585846,3743.776328,3692.341028,3729.207948,Bull,23.190481999999975,28.244818000000123
2013-08-14,3729.505262,3738.721992,3694.124911,3700.071188,Bear,35.380351000000246,9.216729999999643
2013-08-15,3700.071188,3703.936269,3646.852005,3659.636501,Bear,53.2191829999997,3.8650809999999183
2013-08-16,3659.041873,3674.799509,3648.933202,3649.527829,Bear,10.108670999999958,15.75763599999982
2013-08-18,3649.230516,3655.474107,3639.419158,3649.825143,Bull,6.243590999999924,9.811357999999927
2013-08-19,3649.825143,3687.286692,3646.554691,3652.798282,Bull,37.461549000000105,3.270452000000205
2013-08-20,3652.500968,3683.124297,3643.284238,3660.528443,Bull,30.623329000000012,9.216729999999643
2013-08-21,3660.825757,3685.205495,3633.770194,3642.094983,Bear,27.055562999999893,24.37973800000009
2013-08-22,3642.68961,3698.287305,3638.229902,3697.989991,Bull,55.59769499999993,4.459707999999864
2013-08-23,3697.692677,3718.801963,3682.52967,3711.963743,Bull,21.109285999999884,15.163007000000107
2013-08-25,3710.774488,3725.640182,3709.882546,3720.585846,Bull,14.865694000000076,0.8919420000001992
2013-08-26,3720.585846,3742.884387,3706.612094,3706.909408,Bear,13.973751999999877,22.298541000000114
2013-08-27,3707.206721,3715.53151,3630.202427,3638.229902,Bear,77.00429399999985,8.324788999999782
2013-08-28,3637.635274,3668.555917,3634.364822,3653.690224,Bull,30.920642999999927,3.270452000000205
2013-08-29,3653.690224,3697.395363,3647.149318,3686.692064,Bull,43.705139000000145,6.5409059999997226
2013-08-30,3686.39475,3690.854458,3641.500355,3662.015012,Bear,44.894394999999804,4.459707999999864
2013-09-01,3673.31294,3688.773261,3673.31294,3685.502808,Bull,15.460321000000022,0.0
2013-09-02,3685.502808,3702.449699,3684.908181,3696.503422,Bull,16.946890999999596,0.5946270000004006
2013-09-03,3696.800736,3702.152385,3658.149932,3680.448473,Bear,38.650804000000335,5.351648999999725
2013-09-04,3680.151159,3725.640182,3666.772034,3725.342868,Bull,45.48902300000009,13.37912499999993
2013-09-05,3725.342868,3731.586459,3711.071802,3718.504649,Bear,14.271066000000246,6.243590999999924
2013-09-06,3718.504649,3746.452153,3682.52967,3725.937496,Bull,27.947504000000208,35.974979000000076
2013-09-08,3725.640182,3737.532737,3722.964357,3734.856912,Bull,11.892554999999902,2.675825000000259
2013-09-09,3735.154226,3776.183541,3733.667656,3770.534577,Bull,41.02931499999977,1.4865700000000288
2013-09-10,3771.129205,3792.833118,3770.831891,3781.832504,Bull,21.70391299999983,0.29731400000036956
2013-09-11,3782.129818,3789.265351,3758.047394,3780.940563,Bear,24.08242399999972,7.135533000000123
2013-09-12,3780.940563,3789.859979,3770.237263,3782.129818,Bull,8.919415999999728,10.703300000000127
2013-09-13,3782.129818,3785.109046,3760.083532,3783.023587,Bull,2.9792280000001483,22.046285999999782
2013-09-15,3814.007557,3829.201619,3809.538715,3819.66809,Bull,15.19406200000003,4.468841999999768
2013-09-16,3819.370167,3822.349395,3761.275223,3763.658605,Bear,58.09494399999994,2.9792280000001483
2013-09-17,3763.956528,3804.176105,3761.275223,3801.792722,Bull,40.219576999999845,2.6813050000000658
2013-09-18,3801.4948,3849.758291,3793.450884,3847.076986,Bull,48.26349100000016,8.043916000000081
2013-09-19,3846.779064,3858.398052,3842.906067,3848.864523,Bull,11.618988000000172,3.872996999999941
2013-09-20,3848.268678,3862.866894,3833.968384,3833.968384,Bear,14.300294000000122,14.598215999999866
2013-09-22,3840.522685,3843.501913,3832.180847,3841.118531,Bull,2.9792280000001483,8.341837999999825
2013-09-23,3841.416453,3857.504284,3811.028329,3822.349395,Bear,30.388123999999607,16.08783100000028
2013-09-24,3822.349395,3850.056214,3816.688862,3833.670461,Bull,27.706818999999996,5.660533000000214
2013-09-25,3833.670461,3837.84138,3808.347024,3823.541086,Bear,25.323437000000013,4.170918999999685
2013-09-26,3823.243163,3855.418824,3823.243163,3847.672832,Bull,32.175660999999764,0.0
2013-09-27,3847.970755,3849.758291,3816.986785,3843.799836,Bear,30.983969999999772,1.787536000000273
2013-09-29,3827.116159,3828.009928,3813.709634,3821.753549,Bear,13.406525000000329,0.8937689999997929
2013-09-30,3822.051472,3849.460369,3787.492428,3835.457998,Bull,27.408896999999797,34.559044000000085
2013-10-01,3836.053843,3874.485883,3828.903696,3864.058585,Bull,38.43203999999969,7.150147000000288
2013-10-02,3864.058585,3872.996269,3838.437225,3857.504284,Bear,25.621360000000095,8.93768399999999
2013-10-03,3857.206361,3870.612887,3800.601031,3815.497171,Bear,56.60532999999987,13.406525999999758
2013-10-04,3816.093016,3860.483512,3812.815866,3852.737519,Bull,44.390495999999985,3.2771499999998923
2013-10-06,3842.012299,3844.395681,3834.266306,3836.947612,Bear,7.745992999999999,2.3833819999999832
2013-10-07,3837.245534,3852.439597,3811.028329,3821.753549,Bear,26.21720499999992,15.194062999999915
2013-10-08,3821.753549,3830.691233,3746.974929,3764.850296,Bear,74.77862000000005,8.93768399999999
2013-10-09,3764.850296,3770.510829,3707.053275,3747.272852,Bear,57.79702099999986,5.660532999999759
2013-10-10,3747.272852,3824.732777,3743.399855,3810.13456,Bull,77.45992500000011,3.872996999999941
2013-10-11,3809.538715,3849.758291,3803.878182,3849.758291,Bull,40.21957599999996,5.660533000000214
2013-10-13,3819.370167,3828.605773,3807.453255,3824.136932,Bull,9.235606000000189,11.916912000000139
2013-10-14,3824.434854,3883.423567,3818.774321,3877.465111,Bull,58.988712999999734,5.660533000000214
2013-10-15,3877.465111,3889.0841,3853.929211,3875.677574,Bear,23.535899999999856,11.618989000000056
2013-10-16,3875.379651,3904.576085,3863.760663,3888.488254,Bull,29.196433999999954,11.618988000000172
2013-10-17,3888.488254,3954.627114,3879.252648,3952.243731,Bull,66.13886000000002,9.235605999999734
2013-10-18,3952.541654,3989.782003,3945.68943,3985.909006,Bull,37.240348999999696,6.852224000000206
2013-10-20,3985.909006,3991.569539,3983.227701,3990.377848,Bull,5.660533000000214,2.6813050000000658
2013-10-21,3990.675771,4006.763602,3984.12147,3996.336304,Bull,16.087830999999824,6.554301000000123
2013-10-22,3996.634227,4024.638969,3977.865091,3985.909006,Bear,18.76913599999989,28.00474200000008
2013-10-23,3985.909006,3992.463308,3959.095955,3991.867462,Bull,6.554302000000007,26.813051000000087
2013-10-24,3991.569539,4027.618197,3974.885863,4021.063896,Bull,36.048657999999705,16.683676000000105
2013-10-25,4021.361818,4043.110182,4005.571911,4022.55351,Bull,21.748364000000038,15.789906999999857
2013-10-27,4021.063896,4039.237186,4018.680513,4035.960035,Bull,18.173289999999724,2.3833830000003218
2013-10-28,4035.960035,4041.024723,4004.976065,4022.55351,Bear,30.983970000000227,5.064687999999933
2013-10-29,4021.957664,4042.514337,4014.807517,4038.64134,Bull,20.556673000000046,7.1501469999998335
2013-10-30,4038.939263,4053.835403,4009.146984,4017.786745,Bear,29.792279000000235,14.896139999999832
2013-10-31,4018.084668,4044.599796,4004.976065,4018.978436,Bull,26.515128000000004,13.10860300000013
2013-11-01,4019.574282,4038.045495,4001.103069,4014.509594,Bear,18.47121300000026,18.471212999999807
2013-11-03,4013.615826,4027.022351,4012.126212,4023.149355,Bull,13.406524999999874,1.4896140000000742
2013-11-04,4023.149355,4036.555881,4012.126212,4026.128583,Bull,13.406526000000213,11.023142999999891
2013-11-05,4026.128583,4049.366561,3999.017609,4041.918491,Bull,23.237977999999657,27.11097400000017
2013-11-06,4042.216414,4049.366561,4013.913749,4019.574282,Bear,28.30266500000016,7.1501469999998335
2013-11-07,4019.574282,4036.257958,3949.562426,3963.564797,Bear,70.01185600000008,16.683676000000105
2013-11-08,3963.266874,4007.65737,3944.497739,4006.167756,Bull,44.390495999999985,18.769135000000006
2013-11-10,4005.869833,4006.167756,3995.740459,4000.805146,Bear,10.129374000000098,0.2979229999996278
2013-11-11,4000.805146,4010.636598,3986.802775,4000.805146,Bear,14.00237100000004,9.8314519999999
2013-11-12,4000.507223,4012.126212,3984.717315,3992.165385,Bear,15.789908000000196,11.618989000000056
2013-11-13,3992.165385,4059.793858,3978.163014,4050.558252,Bull,67.62847300000021,14.002370999999584
2013-11-14,4051.154097,4074.094152,4035.960035,4071.71077,Bull,22.94005500000003,15.19406200000003
2013-11-15,4072.008693,4077.07338,4058.006322,4072.604538,Bull,5.064686999999594,14.00237100000004
2013-11-17,4071.412847,4076.179612,4067.539851,4069.62531,Bear,3.8729960000000574,4.76676499999985
2013-11-18,4069.62531,4082.43599,4028.214043,4038.343418,Bear,41.41126699999995,12.810680000000048
2013-11-19,4038.343418,4052.345789,4016.892977,4023.745201,Bear,21.450440999999955,14.00237100000004
2013-11-20,4023.447278,4049.962406,4002.29476,4008.551139,Bear,21.152517999999873,26.515128000000004
2013-11-21,4008.551139,4058.90009,4004.380219,4052.345789,Bull,50.34895099999994,4.170920000000024
2013-11-22,4052.345789,4078.562994,4051.749943,4076.775457,Bull,26.21720499999992,0.5958460000001651
2013-11-24,4078.562994,4094.054979,4075.881689,4088.096523,Bull,15.491985000000113,2.6813050000000658
2013-11-25,4088.096523,4096.140439,4076.775457,4092.863288,Bull,8.043915999999626,11.321065999999973
2013-11-26,4092.863288,4118.484648,4078.860917,4109.546964,Bull,25.62135999999964,14.00237100000004
2013-11-27,4109.546964,4143.510162,4108.653196,4143.510162,Bull,33.963197999999466,0.8937679999999091
2013-11-28,4143.808085,4152.447846,4140.828857,4149.468618,Bull,8.639761000000362,2.979227999999239
2013-11-29,4149.766541,4166.74814,4147.681081,4160.789684,Bull,16.981598999999733,2.0854600000002392
2013-12-01,4162.577221,4165.854372,4160.193839,4161.981375,Bear,2.3833819999999832,3.277151000000231
2013-12-02,4161.981375,4172.408673,4143.21224,4152.745769,Bear,18.76913500000046,10.42729799999961
2013-12-03,4152.149923,4157.512533,4130.699482,4143.808085,Bear,21.450440999999955,5.3626100000001315
2013-12-04,4143.510162,4163.768912,4115.207497,4146.787313,Bull,20.258749999999964,28.30266499999925
2013-12-05,4146.787313,4161.38553,4133.67871,4153.043692,Bull,14.59821699999975,13.108602999999675
2013-12-06,4153.043692,4184.027662,4147.681081,4177.771283,Bull,30.983970000000227,5.36261100000047
2013-12-08,4176.877515,4187.304812,4176.877515,4185.219353,Bull,10.42729700000018,0.0
2013-12-09,4184.92143,4200.413415,4178.962974,4198.327956,Bull,15.491984999999659,5.958456000000297
2013-12-10,4198.625878,4199.81757,4180.154666,4187.602735,Bear,18.47121199999947,1.1916920000003302
2013-12-11,4187.900658,4194.157037,4127.124409,4134.572479,Bear,60.77624899999955,6.256379000000379
2013-12-12,4135.168324,4146.48939,4117.888802,4133.67828,Bear,17.279521999999815,11.321065999999519
2013-12-13,4133.976633,4145.910746,4111.600172,4120.252403,Bear,22.376460999999836,11.934112999999343
2013-12-15,4122.340873,4127.412871,4092.803944,4102.649587,Bear,29.536929000000328,5.071998000000349
2013-12-16,4102.351234,4166.49709,4101.456176,4142.628865,Bull,64.1458560000001,0.8950580000000627
2013-12-17,4142.628865,4151.877802,4124.727696,4139.048631,Bear,17.901168999999754,9.248937000000296
2013-12-18,4138.451925,4192.155432,4075.797834,4179.624614,Bull,53.70350699999926,62.654091000000335
2013-12-19,4179.922967,4184.398259,4150.684391,4176.641086,Bear,29.23857600000065,4.475291999999172
2013-12-20,4176.342733,4221.394008,4169.778971,4220.797303,Bull,45.051274999999805,6.563762000000679
2013-12-22,4225.869301,4237.803413,4225.869301,4235.714944,Bull,11.934111999999914,0.0
2013-12-23,4235.416591,4259.583169,4233.924827,4254.809524,Bull,24.1665780000003,1.4917640000003303
2013-12-24,4254.511171,4263.760108,4249.737526,4261.671639,Bull,9.248937000000296,4.773645000000215
2013-12-26,4263.760108,4276.887632,4258.389758,4275.395868,Bull,13.12752399999954,5.370350000000144
2013-12-27,4275.395868,4281.362925,4256.897994,4261.074933,Bear,18.497873999999683,5.96705700000075
2013-12-29,4260.179875,4263.163403,4258.091405,4262.566697,Bull,2.983527999999751,2.0884699999996883
2013-12-30,4262.268344,4264.655167,4243.77047,4256.002935,Bear,18.497873999999683,2.386822999999822
2013-12-31,4256.301288,4290.015156,4255.704582,4288.225039,Bull,33.71386800000073,0.596705999999358
2014-01-02,4267.340342,4271.218929,4235.416591,4238.400119,Bear,31.923751000000266,3.878586999999243
2014-01-03,4238.400119,4256.301288,4209.459896,4213.636835,Bear,28.940222999999605,17.901168999999754
2014-01-05,4213.338482,4224.974242,4211.250013,4215.725305,Bull,11.635760000000118,2.0884690000002593
2014-01-06,4215.426952,4221.394008,4183.801554,4206.476368,Bear,31.625398000000132,5.967056000000412
2014-01-07,4206.476368,4245.262234,4201.40437,4239.59353,Bull,38.78586600000017,5.071997999999439
2014-01-08,4239.295177,4259.881522,4229.449535,4255.107877,Bull,20.58634499999971,9.845642000000225
2014-01-09,4255.107877,4268.832106,4219.305539,4241.383647,Bear,35.80233800000042,13.724228999999468
2014-01-10,4241.383647,4262.86505,4212.145071,4252.422701,Bull,21.481403000000682,29.23857599999974
2014-01-12,4252.422701,4252.422701,4237.803413,4240.786942,Bear,14.619288000000779,0.0
2014-01-13,4241.383647,4256.301288,4167.988854,4186.188376,Bear,73.39479299999948,14.917641000000003
2014-01-14,4185.890023,4268.235401,4180.818025,4264.95352,Bull,82.34537799999998,5.071998000000349
2014-01-15,4264.655167,4308.513031,4262.566697,4298.070682,Bull,43.85786400000052,2.0884699999996883
2014-01-16,4298.369035,4306.126209,4286.434923,4294.490449,Bear,11.934111999999914,7.757174000000305
2014-01-17,4294.490449,4307.021267,4265.550225,4277.782691,Bear,28.940223999999944,12.530818000000181
2014-01-19,4277.782691,4280.766219,4269.428812,4276.887632,Bear,8.353879000000234,2.983527999999751
2014-01-20,4276.887632,4306.722914,4269.727165,4303.441033,Bull,29.835282000000007,7.160466999999699
2014-01-21,4302.844328,4321.342202,4271.815635,4317.463616,Bull,18.497873999999683,31.028693000000203
2014-01-22,4317.463616,4338.348313,4302.247622,4318.358674,Bull,20.884697000000415,15.215994000000137
2014-01-23,4318.060321,4330.889492,4274.202457,4309.408089,Bear,43.85786399999961,12.829171000000315
2014-01-24,4310.004795,4314.480087,4210.056601,4210.056601,Bear,99.9481939999996,4.475292000000081
2014-01-26,4214.830246,4223.184125,4201.106017,4216.918716,Bull,8.353878999999324,13.724229000000378
2014-01-27,4217.813775,4230.642946,4136.065103,4153.369566,Bear,81.74867199999971,12.829171000000315
2014-01-28,4153.071213,4207.073073,4149.49098,4201.106017,Bull,54.0018599999994,3.5802330000005895
2014-01-29,4200.509311,4211.548366,4122.340873,4156.353094,Bear,78.1684379999997,11.03905500000019
2014-01-30,4156.353094,4221.394008,4145.015687,4194.243902,Bull,65.04091400000016,11.337406999999985
2014-01-31,4194.243902,4216.023658,4152.176155,4195.138961,Bull,21.779755999999907,42.067747000000054
2014-02-02,4193.647196,4212.443424,4192.155432,4197.824136,Bull,18.796228000000156,1.4917640000003303
2014-02-03,4198.122489,4209.758249,4087.731946,4104.141351,Bear,110.39054300000043,11.635760000000118
2014-02-04,4104.141351,4145.612393,4095.190767,4111.003466,Bull,41.471042000000125,8.950584000000163
2014-02-05,4111.898525,4133.081575,4071.919247,4119.357345,Bull,21.18305000000055,39.979277999999795
2014-02-06,4119.357345,4176.04438,4115.777111,4169.480618,Bull,56.68703499999992,3.5802340000000186
2014-02-07,4169.480618,4250.632585,4152.474508,4250.632585,Bull,81.1519670000007,17.006109999999353
2014-02-09,4248.842468,4253.019407,4244.068823,4249.737526,Bull,4.1769389999999476,4.773645000000215
2014-02-10,4249.737526,4284.644806,4237.206708,4282.854689,Bull,34.907280000000355,12.530818000000181
2014-02-11,4282.257983,4327.309259,4273.904104,4321.043849,Bull,45.051275999999234,8.353879000000234
2014-02-12,4321.043849,4336.259843,4304.634444,4304.634444,Bear,16.409404999999424,15.215994000000137
2014-02-13,4304.932797,4365.200066,4292.401979,4345.210428,Bull,60.26726899999994,12.530818000000181
2014-02-14,4345.210428,4377.432532,4344.613722,4369.078653,Bull,32.22210399999949,0.5967060000002675
2014-02-16,4367.885242,4373.255592,4363.708302,4368.183594,Bull,5.370350000000144,4.176940000000286
2014-02-17,4367.885242,4382.802882,4367.288536,4378.029237,Bull,14.917639999999665,0.5967060000002675
2014-02-18,4377.730885,4397.422171,4360.724774,4382.802882,Bull,19.69128600000022,17.00611099999969
2014-02-19,4383.101235,4391.156761,4343.420311,4347.298897,Bear,39.68092400000023,8.0555260000001
2014-02-20,4347.000544,4396.527112,4341.928547,4393.543584,Bull,49.526567999999315,5.07199700000001
2014-02-21,4393.841937,4399.808993,4368.7803,4372.360534,Bear,25.06163699999979,5.967055999999502
2014-02-23,4374.747356,4383.996294,4361.918185,4371.465475,Bear,12.829170999999405,9.248937999999725
2014-02-24,4371.465475,4417.411809,4370.272064,4398.913935,Bull,45.946334000000206,1.1934110000001965
2014-02-25,4398.615582,4414.129928,4378.029237,4411.444753,Bull,15.514345999999932,20.58634500000062
2014-02-26,4411.1464,4418.306868,4370.86877,4400.107346,Bear,40.27762999999959,7.160468000000037
2014-02-27,4399.808993,4423.677218,4369.377006,4415.621692,Bull,23.868225000000166,30.431986999999936
2014-02-28,4415.32334,4442.473446,4373.852298,4415.621692,Bull,27.15010600000005,41.471042000000125
2014-03-02,4389.366644,4389.366644,4358.636304,4378.029237,Bear,30.73034000000007,0.0
2014-03-03,4378.625943,4394.438642,4340.436782,4391.753467,Bull,15.812699000000066,38.18916100000024
2014-03-04,4391.753467,4443.368504,4391.753467,4435.909684,Bull,51.615037000000484,0.0
2014-03-05,4435.909684,4456.197675,4430.539333,4453.214147,Bull,20.287991000000147,5.370351000000483
2014-03-06,4453.810853,4460.076262,4426.660747,4447.247091,Bear,27.15010600000005,6.265408999999636
2014-03-07,4447.843797,4463.954849,4398.615582,4420.69369,Bear,49.22821500000009,16.11105199999929
2014-03-09,4417.411809,4420.992043,4409.952989,4411.1464,Bear,7.458819999999832,3.5802340000000186
2014-03-10,4411.1464,4430.837686,4396.527112,4422.78216,Bull,19.69128600000022,14.61928799999987
2014-03-11,4422.78216,4446.650385,4392.946878,4400.107346,Bear,29.835282000000007,23.868225000000166
2014-03-12,4400.704052,4441.87674,4369.675359,4438.296506,Bull,41.17268799999965,31.028693000000203
2014-03-13,4437.998154,4442.175093,4339.541724,4361.918185,Bear,98.45643000000018,4.1769389999999476
2014-03-14,4361.918185,4369.989722,4327.838364,4329.632039,Bear,34.079821000000265,8.071536999999807
2014-03-16,4330.528876,4333.219388,4307.211104,4325.745743,Bear,23.317772000000332,2.690512000000126
2014-03-17,4326.044689,4392.111711,4324.54996,4372.082343,Bull,66.06702199999927,1.4947290000000066
2014-03-18,4372.381288,4427.08837,4352.650865,4422.903129,Bull,54.70708200000081,19.730422999999973
2014-03-19,4422.903129,4430.67572,4367.598156,4387.029633,Bear,55.304973000000246,7.77259099999992
2014-03-20,4387.029633,4422.006291,4373.278126,4416.625267,Bull,34.97665799999959,13.751506999999947
2014-03-21,4416.625267,4439.644094,4345.17722,4356.238215,Bear,71.44804700000077,23.018826999999874
2014-03-23,4352.949811,4360.423456,4346.373004,4351.156136,Bear,6.576807000000372,7.473645000000033
2014-03-24,4351.455082,4372.97918,4275.522849,4323.354177,Bear,75.93223300000045,21.524097999999867
2014-03-25,4323.055231,4367.000264,4294.057488,4338.600413,Bull,43.94503299999997,28.9977429999999
2014-03-26,4338.600413,4361.619239,4269.842879,4277.615469,Bear,68.7575340000003,23.018825999999535
2014-03-27,4277.914415,4287.181735,4227.392575,4258.482938,Bear,50.52184000000034,9.267319999999927
2014-03-28,4257.885046,4306.314266,4246.824052,4261.771342,Bull,48.42921999999999,11.060994000000392
2014-03-30,4271.935499,4282.996494,4271.935499,4279.110198,Bull,11.06099499999982,0.0
2014-03-31,4278.811253,4318.272098,4272.832337,4288.97541,Bull,39.46084500000052,5.9789160000000265
2014-04-01,4288.97541,4379.555988,4285.38806,4373.876017,Bull,90.58057800000006,3.5873499999997875
2014-04-02,4373.876017,4386.730687,4355.640323,4373.876017,Bear,18.235693999999967,12.854670000000624
2014-04-03,4373.876017,4387.328578,4315.581586,4349.362462,Bear,58.29443099999935,13.45256100000006
2014-04-04,4349.362462,4373.876017,4212.445285,4235.464111,Bear,136.91717700000027,24.513554999999542
2014-04-06,4232.474653,4234.86622,4218.424201,4221.114713,Bear,14.050452000000405,2.391566999999668
2014-04-07,4221.114713,4236.360949,4154.748745,4192.415916,Bear,66.36596800000007,15.246235999999953
2014-04-08,4192.714862,4228.289412,4173.881276,4224.104171,Bull,35.57455000000027,18.83358599999974
2014-04-09,4223.805225,4299.737459,4217.527363,4292.861705,Bull,75.93223399999988,6.277861999999914
2014-04-10,4293.160651,4304.221646,4149.666666,4164.613957,Bear,143.49398500000007,11.06099499999982
2014-04-11,4163.717119,4177.767572,4103.330067,4116.782628,Bear,60.38705200000004,14.050452999999834
2014-04-13,4108.412146,4118.277357,4095.856422,4112.298441,Bull,9.865211000000272,12.555723999999827
2014-04-14,4112.298441,4167.304469,4100.340609,4152.357179,Bull,55.00602799999979,11.957832000000053
2014-04-15,4152.357179,4196.003266,4071.342867,4193.312753,Bull,43.64608700000008,81.01431199999979
2014-04-16,4193.611699,4214.537905,4160.727661,4181.354921,Bear,32.884038000000146,20.926206000000093
2014-04-17,4181.055976,4236.062003,4176.272843,4213.940014,Bull,55.00602700000036,4.783132999999907
2014-04-20,4215.135797,4227.691521,4213.940014,4225.001008,Bull,12.555723999999827,1.1957830000001195
2014-04-21,4224.403117,4251.009293,4205.270585,4250.112456,Bull,26.606176000000232,19.132531999999628
2014-04-22,4250.112456,4291.06803,4239.948298,4282.996494,Bull,40.955574000000524,10.164157999999588
2014-04-23,4283.594385,4304.221646,4240.247244,4294.65538,Bull,20.627260999999635,43.34714100000019
2014-04-24,4294.65538,4326.642581,4237.855678,4285.985952,Bear,56.79970200000025,31.987200999999914
2014-04-25,4285.985952,4290.171193,4204.97164,4222.310496,Bear,81.01431200000025,4.185241000000133
2014-04-27,4228.289412,4228.588358,4213.342122,4219.619984,Bear,14.947290000000066,0.29894599999988714
2014-04-28,4219.321038,4259.977667,4162.521336,4242.937756,Bull,40.656629000000066,56.79970200000025
2014-04-29,4243.236702,4270.44077,4221.114713,4246.525106,Bull,27.204068000000007,22.121989000000212
2014-04-30,4246.525106,4280.305982,4231.876762,4274.924957,Bull,33.78087599999981,14.64834400000018
2014-05-01,4275.223903,4311.396345,4269.543933,4288.078572,Bull,36.172442000000046,5.679970000000139
2014-05-02,4288.377518,4310.200562,4268.34815,4275.821795,Bear,20.02936800000043,21.823043999999754
2014-05-04,4284.790169,4285.985952,4273.131282,4275.223903,Bear,11.658886999999595,1.1957830000001195
2014-05-05,4275.223903,4302.427971,4242.638811,4299.737459,Bull,27.204068000000007,32.58509200000026
2014-05-06,4300.634296,4309.303724,4238.154624,4243.535648,Bear,62.47967200000039,8.669428000000153
2014-05-07,4243.535648,4264.7608,4182.550705,4236.95884,Bear,60.984943000000385,21.22515199999998
2014-05-08,4237.257786,4280.604927,4207.363206,4228.289412,Bear,29.894580000000133,43.34714100000019
2014-05-09,4227.990466,4247.720889,4197.79694,4245.030377,Bull,19.730422999999973,30.19352600000002
2014-05-11,4244.13354,4255.194534,4242.937756,4252.802968,Bull,11.060994000000392,1.1957839999995485
2014-05-12,4252.802968,4324.251014,4248.318781,4323.952069,Bull,71.44804600000043,4.48418700000002
2014-05-13,4323.952069,4333.81728,4309.004778,4320.364719,Bear,14.947290999999495,9.865211000000272
2014-05-14,4320.364719,4322.756285,4284.790169,4303.324808,Bear,35.57455000000027,2.391566000000239
2014-05-15,4303.9227,4312.891074,4233.371491,4259.678721,Bear,70.5512090000002,8.96837400000004
2014-05-16,4259.379775,4292.263814,4236.659895,4285.089114,Bull,32.884038999999575,22.719880000000558
2014-05-18,4288.97541,4293.758543,4284.790169,4285.687006,Bear,4.185241000000133,4.783132999999907
2014-05-19,4285.687006,4325.745743,4263.565017,4321.859448,Bull,40.05873700000029,22.121989000000212
2014-05-20,4321.859448,4333.219388,4286.284898,4300.933242,Bear,35.57455000000027,11.359940000000279
2014-05-21,4301.232188,4358.629781,4298.24273,4355.939269,Bull,57.39759299999969,2.9894580000000133
2014-05-22,4355.939269,4376.267584,4342.486708,4366.701318,Bull,20.328314999999748,13.45256100000006
2014-05-23,4366.402372,4396.894844,4358.928727,4395.400115,Bull,30.492472000000816,7.473644999999124
2014-05-25,4399.28641,4408.55373,4397.492736,4399.884302,Bull,9.267319999999927,1.7936739999995552
2014-05-26,4399.884302,4415.429484,4399.28641,4409.749513,Bull,15.54518199999984,0.5978920000006838
2014-05-27,4410.048459,4453.694546,4407.059001,4453.3956,Bull,43.64608700000008,2.9894580000000133
2014-05-28,4453.3956,4460.5703,4433.366232,4447.117739,Bear,20.029367999999522,7.174700000000485
2014-05-29,4447.416684,4468.940782,4442.03566,4462.363975,Bull,21.524097999999867,5.381024000000252
2014-05-30,4462.065029,4472.827078,4442.633552,4458.776625,Bear,19.431477000000086,10.762048999999934
2014-06-01,4466.25027,4471.033403,4459.972408,4469.538674,Bull,4.7831330000008165,6.277861999999914
2014-06-02,4469.83762,4474.022861,4433.067286,4455.488221,Bear,36.77033399999982,4.185241000000133
2014-06-03,4455.488221,4467.147107,4441.138823,4456.684004,Bull,11.658886000000166,14.349397999999383
2014-06-04,4456.98295,4483.290181,4441.138823,4474.022861,Bull,26.307231000000684,15.84412699999939
2014-06-05,4474.022861,4525.142593,4465.054487,4522.452081,Bull,51.1197319999992,8.96837400000004
2014-06-06,4522.153135,4544.275124,4515.277381,4543.976178,Bull,22.121989000000212,6.875753999999688
2014-06-08,4543.976178,4543.976178,4539.491991,4540.687774,Bear,4.48418700000002,0.0
2014-06-09,4540.388829,4547.563528,4523.647864,4529.925726,Bear,16.74096500000087,7.1746989999992365
2014-06-10,4529.62678,4547.563528,4525.740484,4541.584612,Bull,17.93674800000008,3.8862959999996747
2014-06-11,4541.584612,4551.748769,4519.462623,4543.677232,Bull,10.16415700000016,22.121988999999303
2014-06-12,4543.976178,4549.357203,4485.980693,4517.071056,Bear,57.99548499999946,5.381024999999681
2014-06-13,4517.071056,4526.953927,4496.10739,4516.172613,Bear,20.963665999999648,9.882870999999795
2014-06-15,4512.578842,4517.370537,4492.513619,4499.1022,Bear,20.065222999999605,4.791694999999891
2014-06-16,4498.802719,4532.344584,4497.604795,4525.157042,Bull,33.54186500000014,1.1979240000000573
2014-06-17,4525.756003,4535.339394,4507.787147,4523.959118,Bear,17.968856000000414,9.58339099999921
2014-06-18,4523.659637,4552.409807,4498.203757,4550.313441,Bull,28.750170000000253,25.455879999999524
2014-06-19,4550.01396,4556.003579,4521.263789,4536.836798,Bear,28.75017100000059,5.989618999999948
2014-06-20,4536.537317,4551.511365,4533.841989,4545.222265,Bull,14.974048000000039,2.6953280000007
2014-06-22,4542.826417,4560.795274,4541.329012,4555.105136,Bull,17.968856999999844,1.4974050000000716
2014-06-23,4555.105136,4555.704098,4534.440951,4542.227455,Bear,20.664185000000543,0.5989620000000286
2014-06-24,4542.227455,4585.652192,4529.649256,4535.339394,Bear,12.578199000000495,43.42473699999937
2014-06-25,4535.339394,4580.261535,4531.745622,4572.47503,Bull,44.92214100000001,3.5937719999992623
2014-06-26,4572.17555,4578.464649,4538.933165,4567.383854,Bear,33.24238499999956,6.289098999999624
2014-06-27,4567.383854,4597.331949,4562.292678,4590.144406,Bull,29.94809500000065,5.091175999999905
2014-06-29,4589.844925,4595.235582,4589.245963,4594.037658,Bull,5.390656999999919,0.5989620000000286
2014-06-30,4594.337139,4613.50392,4585.352711,4609.610667,Bull,19.1667809999999,8.984427999999753
2014-07-01,4609.610667,4665.314123,4608.712225,4655.431252,Bull,55.70345600000019,0.8984419999997044
2014-07-02,4655.431252,4667.70997,4651.537999,4659.623985,Bull,12.278717999999571,3.893253000000186
2014-07-03,4659.923466,4693.465331,4659.025023,4691.069484,Bull,33.54186500000014,0.898443000000043
2014-07-04,4691.069484,4691.668446,4685.678827,4688.374155,Bear,5.390656999999919,0.5989620000000286
2014-07-06,4687.176231,4690.171041,4686.57727,4686.57727,Bear,0.5989610000005996,2.9948099999992337
2014-07-07,4686.277789,4690.770003,4667.111008,4675.795956,Bear,19.1667809999999,4.492213999999876
2014-07-08,4675.795956,4679.988689,4601.524682,4625.782638,Bear,74.27127399999972,4.192732999999862
2014-07-09,4626.082119,4660.821909,4619.793019,4651.238518,Bull,34.73979000000054,6.289099999999962
2014-07-10,4651.537999,4659.324504,4589.844925,4642.853052,Bear,61.6930739999998,7.786505000000034
2014-07-11,4643.152533,4670.70478,4638.061357,4670.70478,Bull,27.552246999999625,5.091176000000814
2014-07-13,4669.506856,4679.090246,4669.207375,4677.592841,Bull,9.583389999999781,0.2994810000000143
2014-07-14,4677.592841,4708.738859,4675.196994,4702.44976,Bull,31.146018000000367,2.395846999999776
2014-07-15,4702.44976,4712.03315,4647.944228,4690.470522,Bear,54.50553200000013,9.583389999999781
2014-07-16,4690.171041,4721.017578,4688.673636,4689.272598,Bear,1.497404999999162,30.846537000000353
2014-07-17,4689.272598,4704.845607,4616.79821,4639.558762,Bear,72.47438799999964,15.573009000000638
2014-07-18,4639.858243,4714.728478,4637.162914,4710.535745,Bull,74.87023500000032,2.695329000000129
2014-07-20,4707.241455,4709.337821,4703.647683,4706.343012,Bear,3.593772000000172,2.0963659999997617
2014-07-21,4706.343012,4712.931593,4683.58246,4708.139897,Bull,6.5885809999999765,22.760552000000644
2014-07-22,4707.840417,4743.179168,4706.941974,4730.900449,Bull,35.33875099999932,0.898443000000043
2014-07-23,4730.301487,4774.025705,4727.90564,4763.543872,Bull,43.72421800000029,2.395846999999776
2014-07-24,4763.543872,4781.213247,4742.280725,4743.179168,Bear,21.263147000000572,17.66937499999949
2014-07-25,4743.77813,4750.36671,4716.824845,4738.686954,Bear,26.953284999999596,6.588580000000547
2014-07-27,4736.590587,4742.879687,4727.606159,4735.692144,Bear,8.984427999999753,6.289099999999962
2014-07-28,4735.692144,4756.056848,4706.642493,4739.884877,Bull,20.36470400000053,29.049650999999358
2014-07-29,4739.884877,4764.741796,4730.002006,4743.478649,Bull,24.856918999999834,9.882871000000705
2014-07-30,4743.179168,4771.330376,4735.692144,4749.168787,Bull,28.151208000000224,7.487024000000019
2014-07-31,4749.767748,4751.864115,4650.040595,4669.506856,Bear,99.72715299999982,2.0963670000001002
2014-08-01,4669.806337,4673.400108,4609.011705,4635.96499,Bear,60.79463200000009,3.5937709999998333
2014-08-03,4639.558762,4653.035404,4639.558762,4652.136961,Bull,13.476642000000538,0.0
2014-08-04,4652.136961,4690.770003,4632.6707,4662.918275,Bull,38.63304199999948,19.466261000000486
2014-08-05,4662.618794,4672.202184,4614.102881,4640.756685,Bear,48.51591300000018,9.583389999999781
2014-08-06,4640.157723,4661.42087,4602.423125,4635.665509,Bear,37.734598000000005,21.263146999999663
2014-08-07,4635.665509,4662.918275,4585.951673,4594.936101,Bear,49.71383600000081,27.25276599999961
2014-08-08,4594.337139,4656.030213,4583.855306,4641.056166,Bull,61.6930739999998,10.481832999999824
2014-08-10,4640.756685,4654.233328,4640.457204,4653.035404,Bull,13.476642999999967,0.2994810000000143
2014-08-11,4653.035404,4693.16585,4649.441633,4682.684017,Bull,40.13044600000012,3.5937709999998333
2014-08-12,4683.282979,4692.566888,4651.83748,4678.491284,Bear,31.445498999999472,9.283909000000676
2014-08-13,4678.191803,4731.19993,4677.592841,4726.707716,Bull,53.00812700000006,0.5989620000000286
2014-08-14,4727.007197,4761.447505,4719.220692,4757.254772,Bull,34.440308000000186,7.786505000000034
2014-08-15,4757.254772,4785.1065,4728.504602,4775.223629,Bull,27.85172799999964,28.750170000000253
2014-08-17,4780.913766,4793.491966,4780.913766,4786.304423,Bull,12.578199999999924,0.0
2014-08-18,4786.304423,4816.551999,4785.705462,4816.551999,Bull,30.247576000000663,0.5989609999996901
2014-08-19,4816.252518,4840.210993,4815.054594,4830.328122,Bull,23.958474999999453,1.1979240000000573
2014-08-20,4830.328122,4847.398536,4826.135389,4836.01826,Bull,17.0704139999998,4.192732999999862
2014-08-21,4836.01826,4854.586078,4830.927084,4851.591269,Bull,18.567818000000443,5.091175999999905
2014-08-22,4851.89075,4864.76843,4835.419298,4860.276216,Bull,12.87768000000051,16.471451999999772
2014-08-24,4860.575697,4877.646111,4860.276216,4876.747668,Bull,17.0704139999998,0.2994810000000143
2014-08-25,4876.747668,4885.732096,4859.677254,4868.062721,Bear,17.0704139999998,8.984427999999753
2014-08-26,4868.062721,4882.437806,4865.666873,4879.143516,Bull,14.375084999999672,2.3958480000001146
2014-08-27,4879.143516,4883.935211,4867.76324,4877.34663,Bear,11.380275999999867,4.791694999999891
2014-08-28,4877.34663,4883.036768,4856.981926,4880.940401,Bull,5.6901379999999335,20.36470399999962
2014-08-29,4880.940401,4894.716525,4865.966354,4886.031577,Bull,13.776123999999982,14.9740469999997
2014-08-31,4886.031577,4893.518601,4883.63573,4893.518601,Bull,7.487024000000019,2.395846999999776
2014-09-01,4893.21912,4897.411853,4882.737287,4894.117563,Bull,4.192732999999862,10.481832999999824
2014-09-02,4894.417044,4907.294724,4884.833654,4905.198358,Bull,12.87768000000051,9.583389999999781
2014-09-03,4905.497839,4927.958909,4866.565316,4877.34663,Bear,38.93252299999949,22.46107000000029
2014-09-04,4877.34663,4912.685381,4859.078292,4871.357011,Bear,18.268337999999858,35.33875100000023
2014-09-05,4871.357011,4901.305105,4853.987116,4899.807701,Bull,29.94809400000031,17.369894999999815
2014-09-07,4895.315487,4896.51341,4890.823272,4892.021196,Bear,4.492215000000215,1.1979229999997187
2014-09-08,4892.320677,4917.477076,4882.138325,4895.016006,Bull,25.15639900000042,10.18235199999981
2014-09-09,4894.716525,4924.065657,4855.484521,4865.966354,Bear,39.232003999999506,29.34913200000028
2014-09-10,4865.966354,4906.995243,4857.281407,4901.904067,Bull,41.02888900000016,8.684946999999738
2014-09-11,4901.904067,4907.893686,4863.570507,4901.604586,Bear,38.333560000000034,5.989618999999948
2014-09-12,4901.604586,4904.004687,4859.002808,4870.103272,Bear,42.601778000000195,2.4001009999992675
2014-09-14,4862.002933,4865.903096,4842.202107,4857.202733,Bear,19.800825999999688,3.900163000000248
2014-09-15,4856.902721,4882.403785,4812.80088,4831.101644,Bear,44.101841000000604,25.501064000000042
2014-09-16,4831.101644,4880.003685,4805.300567,4865.603084,Bull,48.90204099999937,25.801077000000078
2014-09-17,4865.603084,4901.004561,4847.30232,4878.503622,Bull,35.40147699999943,18.300764000000527
2014-09-18,4878.503622,4942.706302,4873.403409,4940.006189,Bull,64.20267999999942,5.100213000000622
2014-09-19,4940.006189,4940.606214,4891.404161,4902.504624,Bear,48.602027999999336,0.6000250000006417
2014-09-21,4910.304949,4910.604962,4883.00381,4886.303948,Bear,27.30113900000015,0.3000130000000354
2014-09-22,4886.303948,4899.804511,4843.102145,4863.202983,Bear,43.20180299999993,13.500563000000511
2014-09-23,4863.202983,4873.403409,4833.201731,4850.002433,Bear,30.001252000000022,10.200425999999425
2014-09-24,4850.002433,4908.204862,4839.802007,4902.204611,Bull,58.20242899999994,10.200425999999425
2014-09-25,4902.504624,4906.404787,4798.100266,4814.900967,Bear,104.40435799999977,3.900163000000248
2014-09-26,4814.900967,4860.802883,4802.300442,4852.702545,Bull,45.90191600000071,12.600524999999834
2014-09-28,4855.102645,4861.702921,4842.202107,4846.10227,Bear,12.90053799999987,6.600276000000122
2014-09-29,4846.10227,4858.702796,4797.800254,4847.602332,Bull,12.600525999999263,48.30201600000055
2014-09-30,4847.602332,4877.903597,4829.301568,4846.10227,Bear,18.300764000000527,30.301265000000058
2014-10-01,4845.502245,4855.402658,4758.798626,4782.799628,Bear,86.70361899999989,9.900413000000299
2014-10-02,4783.09964,4794.200103,4713.496735,4783.999678,Bull,11.100462999999763,69.60290500000065
2014-10-03,4783.999678,4841.902094,4783.999678,4818.80113,Bull,57.9024159999999,0.0
2014-10-05,4821.501243,4835.601831,4816.40103,4833.801756,Bull,14.100588000000243,5.100212999999712
2014-10-06,4833.801756,4848.802382,4795.700166,4811.300817,Bear,38.101590000000215,15.000626000000011
2014-10-07,4811.300817,4811.900842,4737.797749,4756.398526,Bear,73.50306799999998,0.6000249999997322
2014-10-08,4756.398526,4853.602583,4717.096885,4849.70242,Bull,97.20405699999992,39.30164100000002
2014-10-09,4849.402407,4857.502746,4729.697411,4744.098012,Bear,119.70499599999948,8.100339000000531
2014-10-10,4743.798,4760.598701,4621.392891,4622.292928,Bear,122.40510899999936,16.800701000000117
2014-10-12,4618.392765,4620.192841,4590.191588,4594.691776,Bear,28.201176999999916,1.8000760000004448
2014-10-13,4594.091751,4663.094631,4551.18996,4579.991163,Bear,42.90179100000023,69.00288
2014-10-14,4580.591188,4623.492978,4551.789986,4574.590937,Bear,28.801202000000558,42.90178999999989
2014-10-15,4573.990912,4587.491476,4429.684889,4509.188207,Bear,144.3060230000001,13.50056399999994
2014-10-16,4507.688145,4543.98966,4420.984526,4495.987656,Bear,86.70361899999989,36.30151500000011
2014-10-17,4496.287669,4608.792365,4490.587431,4564.090499,Bull,112.50469599999997,5.700238000000354
2014-10-19,4574.290925,4599.191964,4574.290925,4595.291801,Bull,24.9010389999994,0.0
2014-10-20,4594.991789,4659.794493,4552.089998,4627.393141,Bull,64.80270400000063,42.90179099999932
2014-10-21,4627.993166,4771.399152,4615.39264,4764.798876,Bull,143.40598599999976,12.600526000000173
2014-10-22,4764.798876,4779.799502,4727.597323,4735.397649,Bear,37.201552999999876,15.000626000000011
2014-10-23,4735.697662,4829.901594,4731.197474,4782.499615,Bull,94.20393200000035,4.50018799999998
2014-10-24,4783.09964,4846.402282,4780.099515,4845.802257,Bull,63.30264199999965,3.00012500000048
2014-10-26,4843.102145,4852.702545,4840.702044,4849.70242,Bull,9.600400000000263,2.400101000000177
2014-10-27,4849.70242,4859.902846,4811.60083,4856.602708,Bull,10.200426000000334,38.101589999999305
2014-10-28,4856.902721,4919.90535,4853.002558,4894.104273,Bull,63.002628999999615,3.900163000000248
2014-10-29,4894.104273,4915.705175,4865.903096,4890.804136,Bear,28.201176999999916,21.600902000000133
2014-10-30,4890.804136,4941.806264,4851.802508,4938.206114,Bull,51.002128000000084,39.00162799999998
2014-10-31,4938.206114,4996.408543,4938.206114,4970.907479,Bull,58.20242899999994,0.0
2014-11-02,4980.50788,4984.708055,4972.107529,4973.907604,Bear,8.400351000000228,4.200174999999945
2014-11-03,4974.207617,5008.709057,4970.607466,4980.50788,Bull,34.50144,3.6001509999996415
2014-11-04,4979.907855,5000.308706,4943.906352,4998.808643,Bull,20.40085099999942,36.00150300000041
2014-11-05,4998.208618,5011.709182,4958.906978,4961.907103,Bear,39.30163999999968,13.50056399999994
2014-11-06,4961.907103,5009.009069,4956.506878,5008.109032,Bull,47.101966000000175,5.400224999999409
2014-11-07,5008.409044,5015.909357,4963.407166,4981.107905,Bear,45.00187800000003,7.50031300000046
2014-11-09,4983.508005,4992.208368,4978.107779,4988.90823,Bull,8.700362999999925,5.400225999999748
2014-11-10,4988.608218,5018.309457,4973.007567,5013.209245,Bull,29.701238999999987,15.600651000000653
2014-11-11,5013.209245,5023.709683,4994.608468,5013.80927,Bull,10.500438000000031,18.600776999999653
2014-11-12,5013.509257,5042.310459,5000.008694,5041.410422,Bull,28.801202000000558,13.500562999999602
2014-11-13,5041.410422,5072.611724,5030.009946,5053.11091,Bull,31.201302000000396,11.400475999999799
2014-11-14,5053.410923,5071.111661,5035.110159,5070.211624,Bull,17.700737999999546,18.300764000000527
2014-11-16,5068.111536,5068.711561,5038.710309,5045.010572,Bear,29.40122700000029,0.6000249999997322
2014-11-17,5045.010572,5069.611599,5030.009946,5054.610973,Bull,24.601026999999704,15.000626000000011
2014-11-18,5054.610973,5098.712813,5043.810522,5081.312087,Bull,44.101840000000266,10.800451000000066
2014-11-19,5081.6121,5091.2125,5045.310584,5061.511261,Bear,36.30151600000045,9.600399999999354
2014-11-20,5061.811273,5099.912863,5042.310459,5098.412801,Bull,38.101589999999305,19.50081399999999
2014-11-21,5098.412801,5141.614604,5085.21225,5099.312838,Bull,43.20180299999993,13.200551000000814
2014-11-23,5099.912863,5105.313089,5097.812776,5101.112914,Bull,5.400226000000657,2.100086999999803
2014-11-24,5100.812901,5144.314717,5099.012826,5133.514266,Bull,43.50181599999996,1.8000750000001062
2014-11-25,5133.514266,5164.115543,5133.514266,5157.81528,Bull,30.601276999999754,0.0
2014-11-26,5157.515268,5189.016583,5148.814905,5183.91637,Bull,31.501314999999522,8.700362999999925
2014-11-27,5183.91637,5198.616983,5175.216006,5197.116921,Bull,14.700612999999976,8.700364000000263
2014-11-28,5197.116921,5217.817785,5182.71632,5205.517271,Bull,20.700864000000365,14.40060099999937
2014-11-30,5197.116921,5201.317096,5180.916244,5195.016833,Bear,16.200676999999814,4.200174999999945
2014-12-01,5195.316845,5202.817159,5128.414053,5149.41493,Bear,66.90279199999986,7.500313999999889
2014-12-02,5149.114917,5177.916119,5142.214629,5169.515769,Bull,28.801202000000558,6.900287999999819
2014-12-03,5169.215756,5184.216382,5145.214754,5179.416182,Bull,15.000626000000011,24.00100199999997
2014-12-04,5179.716194,5194.416808,5152.115042,5174.015956,Bear,27.601151999999274,14.700614000000314
2014-12-05,5174.015956,5192.31672,5163.515518,5177.616107,Bull,18.300763999999617,10.500438000000031
2014-12-07,5177.316094,5180.616232,5173.115919,5176.416057,Bear,4.200174999999945,3.3001380000005156
2014-12-08,5176.116044,5184.516395,5111.013327,5126.91399,Bear,65.10271700000067,8.400350999999318
2014-12-09,5127.214003,5158.415305,5060.311211,5147.314842,Bull,31.201302000000396,66.90279199999986
2014-12-10,5147.314842,5158.115293,5063.011323,5082.212125,Bear,84.30351900000005,10.800451000000066
2014-12-11,5082.212125,5157.81528,5064.511386,5074.111787,Bear,17.700738999999885,75.60315499999979
2014-12-12,5074.111787,5107.148324,5026.358974,5033.266613,Bear,47.75281300000006,33.03653699999995
2014-12-14,5027.25997,5052.788203,5021.853991,5047.682557,Bull,25.528233,5.405979000000116
2014-12-15,5047.982889,5086.425405,4974.701843,4994.824097,Bear,73.28104600000006,38.44251600000007
2014-12-16,4994.523765,5033.266613,4902.321793,4920.942387,Bear,92.20197199999984,38.74284799999987
2014-12-17,4920.341722,5013.144359,4906.826775,4989.117786,Bull,92.80263699999978,13.514946999999665
2014-12-18,4988.817454,5158.805455,4988.517122,5157.904458,Bull,169.9880009999997,0.3003319999997984
2014-12-19,5158.20479,5171.119073,5112.25397,5140.485193,Bear,45.95082000000002,12.914283000000069
2014-12-21,5144.089179,5152.798812,5142.88785,5147.092501,Bull,8.709633000000395,1.2013289999995322
2014-12-22,5148.293829,5167.214755,5136.881207,5162.409441,Bull,18.92092599999978,11.412621999999828
2014-12-23,5162.709773,5180.129038,5135.379546,5148.594161,Bear,27.330226999999468,17.41926500000045
2014-12-24,5148.594161,5163.911101,5140.184861,5143.488515,Bear,8.409300000000258,15.316939999999704
2014-12-25,5144.089179,5158.505123,5144.089179,5155.501801,Bull,14.415944000000309,0.0
2014-12-26,5156.102465,5192.142324,5154.901137,5180.729702,Bull,36.03985900000043,1.2013280000001032
2014-12-28,5183.733024,5190.640663,5180.129038,5187.036677,Bull,6.907639000000017,3.603986000000077
2014-12-29,5187.637342,5189.739667,5163.610769,5180.729702,Bear,24.0265730000001,2.102324999999837
2014-12-30,5180.729702,5181.330366,5134.178218,5153.399476,Bear,46.55148399999962,0.6006640000005063
2014-12-31,5153.399476,5171.719737,5079.217433,5091.230719,Bear,74.1820429999998,18.320261000000755
2015-01-01,5093.933709,5114.95696,5093.933709,5110.75231,Bull,21.023251000000528,0.0
2015-01-02,5110.75231,5132.976889,5046.78156,5062.999497,Bear,63.9707499999995,22.22457899999972
2015-01-04,5064.80149,5070.507801,5041.976246,5062.699165,Bear,22.825243999999657,5.706310999999914
2015-01-05,5062.699165,5070.507801,4979.507157,4996.325758,Bear,83.19200799999999,7.808635999999751
2015-01-06,4996.025426,5012.543694,4903.823454,4937.460655,Bear,92.20197199999984,16.518267999999807
2015-01-07,4936.859991,5038.071928,4934.457334,5024.256649,Bull,101.21193700000003,2.402657000000545
2015-01-08,5023.956316,5096.93703,5017.949673,5084.923744,Bull,72.98071400000026,6.006642999999713
2015-01-09,5085.224076,5108.649985,5022.754988,5044.078571,Bear,62.46908800000074,23.425908999999592
2015-01-11,5047.081892,5055.491193,5039.573589,5041.976246,Bear,7.508303000000524,8.409300999999687
2015-01-12,5041.976246,5078.616769,4986.715129,5017.048677,Bear,55.26111700000001,36.64052300000003
2015-01-13,5017.048677,5102.943674,4957.58291,4975.602839,Bear,59.46576699999969,85.89499700000033
2015-01-14,4975.302507,5009.240041,4926.048033,5008.639376,Bull,33.93753399999969,49.2544740000003
2015-01-15,5009.540373,5033.566945,4855.169644,4864.780273,Bear,154.3707290000002,24.02657199999976
2015-01-16,4864.479941,4971.698521,4857.271969,4971.698521,Bull,107.21858000000066,7.207971999999245
2015-01-18,4971.998853,4991.520443,4954.579588,4962.388224,Bear,17.41926500000045,19.521590000000288
2015-01-19,4962.388224,4987.616125,4941.064641,4984.01214,Bull,25.227900999999292,21.323583000000326
2015-01-20,4984.01214,5019.751666,4936.259327,5012.844027,Bull,35.739526000000296,47.75281300000006
2015-01-21,5013.144359,5051.887207,4969.896528,5029.662627,Bull,38.74284799999987,43.24783099999968
2015-01-22,5029.96296,5128.471907,5002.933065,5114.95696,Bull,98.50894700000026,27.02989499999967
2015-01-23,5114.95696,5149.194826,5105.946995,5122.765596,Bull,34.237865999999485,9.009965000000193
2015-01-25,5105.045999,5106.547659,5083.422083,5105.346331,Bull,1.5016599999999016,21.623915999999554
2015-01-26,5104.445334,5139.584197,5100.240684,5130.574232,Bull,35.13886300000013,4.204649999999674
2015-01-27,5130.2739,5130.574232,4976.804168,5078.616769,Bear,153.46973200000048,0.3003319999997984
2015-01-28,5078.917101,5084.022748,4938.962316,4947.972281,Bear,139.9547849999999,5.105647000000317
2015-01-29,4947.071284,5055.190861,4920.341722,5034.467942,Bull,108.11957700000039,26.729561999999532
2015-01-30,5033.266613,5049.48455,4968.6952,4977.1045,Bear,64.57141299999967,16.217937000000347
2015-02-01,4977.705164,4988.817454,4960.586231,4979.206825,Bull,11.11229000000003,17.118932999999743
2015-02-02,4979.507157,5031.164288,4908.028104,5008.639376,Bull,51.657130999999936,71.47905300000002
2015-02-03,5008.339044,5072.910458,5004.735058,5059.996175,Bull,64.571414,3.603986000000077
2015-02-04,5059.996175,5097.237363,5023.355652,5035.66927,Bear,36.64052300000003,37.241187999999966
2015-02-05,5036.269935,5111.352974,5031.164288,5105.045999,Bull,75.0830390000001,5.105647000000317
2015-02-06,5105.045999,5127.57091,5057.293186,5088.828062,Bear,47.75281300000006,22.52491100000043
2015-02-08,5077.41544,5077.715772,5050.98621,5064.80149,Bear,26.429229999999734,0.3003319999997984
2015-02-09,5064.80149,5084.022748,5047.382225,5069.606804,Bull,19.22125800000049,17.41926499999954
2015-02-10,5069.306472,5146.491836,5058.794847,5136.280543,Bull,77.18536399999994,10.511625000000095
2015-02-11,5136.280543,5192.142324,5130.874564,5166.914423,Bull,55.86178100000052,5.405979000000116
2015-02-12,5166.914423,5223.977533,5159.406119,5223.677201,Bull,57.06311000000005,7.508303999999953
2015-02-13,5223.376868,5264.222042,5220.373547,5261.819384,Bull,40.84517400000004,3.003321000000142
2015-02-15,5254.010748,5261.519052,5250.10643,5259.416727,Bull,7.508303999999953,3.9043179999998756
2015-02-16,5259.416727,5272.030678,5243.198791,5250.406762,Bear,16.21793600000001,12.61395100000027
2015-02-17,5250.707095,5271.430013,5243.799455,5269.327688,Bull,20.72291800000039,6.9076399999994464
2015-02-18,5269.327688,5278.037321,5254.311081,5271.129681,Bull,8.709632999999485,15.016607000000477
2015-02-19,5270.829349,5306.568876,5257.01407,5302.664558,Bull,35.739527000000635,13.815278999999464
2015-02-20,5302.96489,5339.905745,5281.040642,5335.400763,Bull,36.94085499999983,21.92424800000026
2015-02-22,5333.59877,5337.503088,5331.196113,5335.400763,Bull,3.904318000000785,2.4026569999996354
2015-02-23,5335.400763,5345.011392,5321.585484,5343.209399,Bull,9.6106290000007,13.815278999999464
2015-02-24,5342.909067,5352.820028,5318.28183,5343.509731,Bull,9.910961000000498,24.627236999999695
2015-02-25,5342.909067,5359.127003,5320.984819,5333.298438,Bear,21.924247999999352,16.21793600000001
2015-02-26,5332.998106,5363.631986,5323.087144,5355.823349,Bull,30.633880000000318,9.910961999999927
2015-02-27,5355.222685,5361.229328,5327.892459,5341.407406,Bear,27.33022600000004,6.006643000000622
2015-03-01,5342.308402,5351.318367,5341.407406,5345.912388,Bull,9.009965000000193,0.9009959999993953
2015-03-02,5345.612056,5385.856565,5341.707738,5376.245936,Bull,40.24450900000011,3.9043179999998756
2015-03-03,5376.245936,5378.348261,5324.889137,5353.721024,Bear,51.35679900000014,2.102324999999837
2015-03-04,5352.820028,5353.420692,5308.971533,5339.605413,Bear,43.848495000000185,0.6006639999995969
2015-03-05,5339.605413,5363.631986,5325.189469,5345.011392,Bull,24.0265730000001,14.415944000000309
2015-03-06,5345.011392,5358.526339,5272.931674,5298.459908,Bear,72.07971799999996,13.514946999999665
2015-03-08,5299.961568,5302.96489,5283.743632,5287.047286,Bear,16.21793600000001,3.0033220000004803
2015-03-09,5287.047286,5315.57884,5275.934996,5292.152932,Bull,28.531554000000142,11.11229000000003
2015-03-10,5292.152932,5297.558911,5199.95096,5216.469229,Bear,92.20197199999984,5.405979000000116
2015-03-11,5216.769561,5222.776204,5170.818741,5187.637342,Bear,45.95082000000002,6.006642999999713
2015-03-12,5187.33701,5213.165575,5164.211434,5208.960925,Bull,25.8285649999998,23.125576000000365
2015-03-13,5208.960925,5223.096096,5150.615751,5180.089086,Bear,58.34517400000004,14.1351709999999
2015-03-15,5180.089086,5182.795821,5164.149425,5178.585344,Bear,15.939661000000342,2.706734999999753
2015-03-16,5178.585344,5251.967935,5178.585344,5235.727525,Bull,73.3825909999996,0.0
2015-03-17,5235.727525,5266.403854,5223.096096,5262.193378,Bull,30.676328999999896,12.631429000000026
2015-03-18,5261.591881,5335.27522,5215.878136,5327.455763,Bull,73.68333900000016,45.71374500000002
2015-03-19,5327.155015,5334.673723,5307.004878,5328.358008,Bull,7.518707999999606,20.15013700000054
2015-03-20,5328.658757,5380.08672,5326.854267,5352.718622,Bull,51.42796300000009,1.8044900000004418
2015-03-22,5351.515629,5366.853794,5346.703656,5359.635834,Bull,15.338164999999208,4.811973000000762
2015-03-23,5359.034337,5364.147059,5334.974471,5344.297669,Bear,24.0598659999996,5.112721999999849
2015-03-24,5343.996921,5366.553045,5322.343042,5327.455763,Bear,21.653878999999506,22.556123999999727
2015-03-25,5327.756512,5339.485696,5195.727999,5198.735482,Bear,132.0285130000002,11.729183999999805
2015-03-26,5198.434734,5210.163918,5136.781328,5197.833237,Bear,61.65340600000036,11.729183999999805
2015-03-27,5196.930992,5213.171401,5169.562895,5201.442217,Bull,16.240409,27.36809699999958
2015-03-29,5205.953442,5230.614804,5191.818271,5225.502083,Bull,24.661361999999826,14.1351709999999
2015-03-30,5225.502083,5271.215827,5217.08113,5255.877663,Bull,45.71374399999968,8.420953000000736
2015-03-31,5255.576915,5260.990384,5123.548402,5174.976365,Bear,132.0285129999993,5.413469000000077
2015-04-01,5175.277113,5214.073646,5143.698539,5182.795821,Bull,38.79653299999973,31.578574000000117
2015-04-02,5182.495073,5198.133985,5159.036704,5180.690583,Bear,23.458368999999948,15.638912000000346
2015-04-03,5180.690583,5189.412284,5127.157381,5128.360375,Bear,53.53320199999962,8.721701000000394
2015-04-05,5130.766361,5151.818744,5130.164865,5147.307519,Bull,21.05238300000019,0.6014960000002247
2015-04-06,5147.608267,5238.735009,5135.578334,5221.893103,Bull,91.12674200000038,12.0299329999998
2015-04-07,5222.193851,5259.787391,5205.953442,5215.27664,Bear,16.240409,37.59353999999985
2015-04-08,5214.975891,5268.208344,5208.960925,5260.689636,Bull,53.23245299999962,6.014965999999731
2015-04-09,5260.388888,5294.674196,5236.329022,5289.561475,Bull,34.28530799999953,24.05986600000051
2015-04-10,5289.862223,5312.418347,5276.027801,5311.816851,Bull,22.556123999999727,13.834421999999904
2015-04-12,5311.215354,5315.425831,5305.501136,5307.907123,Bear,5.7142180000000735,4.210476999999628
2015-04-13,5308.207871,5343.094676,5292.568958,5303.395898,Bear,15.638912999999775,34.886805000000095
2015-04-14,5303.997394,5310.613857,5253.170928,5287.456237,Bear,50.82646600000044,6.616463000000294
2015-04-15,5287.756985,5328.05726,5279.63678,5327.455763,Bull,40.3002749999996,8.120205000000169
2015-04-16,5327.155015,5328.658757,5290.764468,5304.598891,Bear,36.39054699999997,1.5037419999998747
2015-04-17,5304.598891,5311.215354,5201.742965,5229.411811,Bear,102.85592599999927,6.616463000000294
2015-04-19,5241.140995,5247.45671,5235.727525,5243.546982,Bull,6.315715000000637,5.413469999999506
2015-04-20,5243.246234,5315.726579,5239.035757,5311.215354,Bull,72.48034499999994,4.210477000000537
2015-04-21,5311.215354,5344.598418,5310.914606,5334.072227,Bull,33.38306399999965,0.3007479999996576
2015-04-22,5334.072227,5364.748555,5291.365965,5342.49318,Bull,30.676328000000467,42.7062619999997
2015-04-23,5342.49318,5414.973525,5314.824334,5408.357062,Bull,72.48034499999994,27.668846000000485
2015-04-24,5408.357062,5457.07829,5402.041347,5449.258834,Bull,48.72122800000034,6.315714999999727
2015-04-26,5453.168562,5455.2738,5450.161079,5454.371555,Bull,2.1052380000000994,3.007482999999411
2015-04-27,5454.371555,5480.235911,5424.597471,5444.747609,Bear,29.774083999999675,25.864356000000043
2015-04-28,5444.747609,5451.063324,5379.485223,5420.988491,Bear,65.26238600000033,6.315714999999727
2015-04-29,5420.687743,5428.206451,5360.838827,5374.372502,Bear,59.84891600000083,7.518707999999606
2015-04-30,5373.771005,5382.793455,5276.930045,5307.606374,Bear,96.84095999999954,9.02245000000039
2015-05-01,5307.606374,5378.28223,5304.899639,5375.876243,Bull,70.67585599999984,2.706734999999753
2015-05-03,5379.485223,5380.387468,5365.6508,5368.357535,Bear,13.834422999999333,0.9022450000002209
2015-05-04,5367.756039,5417.68026,5361.741072,5379.785971,Bull,49.924221000000216,6.01496700000007
2015-05-05,5379.184475,5389.710666,5292.568958,5317.831817,Bear,86.61551700000018,10.526190999999926
2015-05-06,5317.531069,5320.237804,5222.795348,5265.200861,Bear,94.73572100000001,2.7067350000006627
2015-05-07,5265.200861,5306.704129,5211.968408,5305.501136,Bull,41.50326799999948,53.23245300000053
2015-05-08,5305.200388,5368.658283,5300.087666,5349.711139,Bull,63.45789499999955,5.112721999999849
2015-05-10,5356.327602,5357.530596,5348.207398,5352.117126,Bear,8.12020400000074,1.2029939999993076
2015-05-11,5352.417874,5370.763522,5324.44828,5327.756512,Bear,27.969594000000143,18.345648000000438
2015-05-12,5328.358008,5338.8842,5262.494126,5332.869233,Bull,10.526192000000265,65.86388200000056
2015-05-13,5333.169982,5362.643317,5314.222837,5322.042294,Bear,18.94714500000009,29.47333499999968
2015-05-14,5321.440797,5409.259307,5308.508619,5403.545089,Bull,87.81851000000006,12.932178000000022
2015-05-15,5403.545089,5422.492233,5386.703183,5401.439851,Bear,16.841906000000563,18.947143999999753
2015-05-17,5402.943592,5405.951075,5392.116653,5398.131619,Bear,10.826938999999584,3.0074830000003203
2015-05-18,5398.131619,5434.822914,5377.981481,5429.409444,Bull,36.69129500000054,20.15013799999997
2015-05-19,5430.010941,5445.349105,5409.259307,5420.386995,Bear,20.751633999999285,15.338164000000688
2015-05-20,5420.386995,5454.371555,5392.116653,5406.251824,Bear,28.2703419999998,33.984559999999874
2015-05-21,5406.251824,5457.379038,5399.033864,5454.371555,Bull,51.127214000000095,7.217959999999948
2015-05-22,5454.672303,5463.995501,5439.935636,5445.950602,Bear,14.736667000000125,9.323198000000048
2015-05-24,5446.552099,5451.965568,5442.642371,5446.552099,Bear,3.909728000000541,5.413468999999168
2015-05-25,5447.755092,5459.785025,5434.522166,5437.228901,Bear,13.232926000000589,12.0299329999998
2015-05-26,5437.529649,5447.454344,5359.335086,5383.394951,Bear,78.19456300000002,9.924694999999701
2015-05-27,5383.394951,5474.822441,5380.988965,5463.093256,Bull,91.42749000000003,2.4059860000006665
2015-05-28,5463.093256,5470.611964,5439.634887,5466.10074,Bull,7.518707999999606,23.458368999999948
2015-05-29,5466.401488,5467.303733,5410.161552,5428.807948,Bear,56.23993600000085,0.9022449999993114
2015-05-31,5430.311689,5441.740126,5428.206451,5440.537132,Bull,11.428436999999576,2.1052380000000994
2015-06-01,5440.837881,5459.484277,5396.627877,5437.830397,Bear,44.21000400000048,18.646395999999186
2015-06-02,5438.131146,5451.66482,5390.312163,5418.883253,Bear,47.81898300000012,13.533674000000246
2015-06-03,5418.582505,5462.49176,5414.973525,5437.529649,Bull,43.909254999999575,3.608979999999974
2015-06-04,5437.529649,5444.747609,5381.289713,5403.845837,Bear,56.23993599999994,7.217959999999948
2015-06-05,5403.845837,5421.28924,5352.417874,5390.011414,Bear,51.42796300000009,17.443403000000217
2015-06-07,5388.808421,5393.319646,5375.876243,5384.898693,Bear,12.932178000000022,4.511225000000195
2015-06-08,5385.199441,5391.214408,5319.636307,5337.681206,Bear,65.56313399999999,6.01496700000007
2015-06-09,5337.981955,5340.68869,5281.44127,5335.575968,Bear,56.54068499999994,2.706734999999753
2015-06-10,5334.974471,5411.364545,5329.86175,5394.522639,Bull,76.39007399999991,5.11272100000042
2015-06-11,5394.221891,5428.206451,5388.507673,5392.417401,Bear,5.7142180000000735,33.984559999999874
2015-06-12,5392.417401,5399.043472,5349.649122,5358.082303,Bear,42.76827899999989,6.626071000000593
2015-06-14,5336.999349,5340.61357,5321.337726,5332.481573,Bear,15.661622999999963,3.6142210000007253
2015-06-15,5332.782758,5345.733716,5284.593148,5324.048391,Bear,48.18961000000036,12.950957999999446
2015-06-16,5324.048391,5368.924966,5295.736995,5361.094154,Bull,44.87657499999932,28.31139600000006
2015-06-17,5361.395339,5392.417401,5338.505274,5354.166898,Bear,22.890064999999595,31.022062000000005
2015-06-18,5354.166898,5463.497076,5349.046752,5456.56982,Bull,109.33017799999925,5.120146000000204
2015-06-19,5456.268635,5469.219592,5416.813391,5416.813391,Bear,39.455244000000675,12.950957000000017
2015-06-21,5436.39042,5446.931898,5436.089235,5441.811751,Bull,10.541478000000097,0.3011849999993501
2015-06-22,5441.510566,5484.278846,5438.498716,5475.544479,Bull,42.76828000000023,3.0118499999998676
2015-06-23,5475.544479,5480.062255,5448.739008,5469.219592,Bear,26.80547100000058,4.517775999999685
2015-06-24,5468.918407,5487.893066,5438.799901,5454.461524,Bear,30.118505999999797,18.97465899999952
2015-06-25,5454.461524,5478.556329,5419.825242,5427.957239,Bear,34.63628200000039,24.094804999999724
2015-06-26,5427.957239,5441.811751,5372.840372,5397.236362,Bear,55.11686700000064,13.854511999999886
2015-06-28,5336.698164,5336.698164,5300.857141,5314.410469,Bear,35.84102299999995,0.0
2015-06-29,5314.711654,5362.901265,5262.606638,5287.002628,Bear,52.10501599999952,48.189611000000696
2015-06-30,5286.701443,5315.615209,5267.124414,5306.880842,Bull,28.91376599999967,19.57702900000004
2015-07-01,5306.579657,5351.155047,5300.555956,5324.349576,Bull,44.57538999999997,6.023701000000074
2015-07-02,5324.650761,5350.853862,5310.796248,5339.107644,Bull,26.20310100000006,13.854513000000225
2015-07-03,5338.806459,5344.22779,5315.314024,5322.241281,Bear,23.492435000000114,5.4213309999995545
2015-07-05,5259.895972,5271.64219,5233.391687,5259.594787,Bear,26.50428499999998,11.746217999999317
2015-07-06,5259.895972,5345.733716,5258.088862,5341.81831,Bull,85.83774399999947,1.8071100000006481
2015-07-07,5341.21594,5358.684674,5221.946654,5281.280112,Bear,119.26928599999974,17.46873400000004
2015-07-08,5281.280112,5302.965437,5224.356135,5270.136265,Bear,56.92397700000038,21.685324999999466
2015-07-09,5270.43745,5310.495063,5218.633618,5279.171816,Bull,40.05761299999995,51.80383200000051
2015-07-10,5278.268261,5332.782758,5269.533894,5315.916394,Bull,54.51449700000012,8.73436700000002
2015-07-12,5281.581297,5318.325875,5267.726784,5305.676102,Bull,36.74457800000073,13.854512999999315
2015-07-13,5305.676102,5411.39206,5296.03818,5407.476654,Bull,105.71595799999977,9.637922000000799
2015-07-14,5406.874284,5460.485226,5405.970729,5449.341378,Bull,53.61094199999934,0.9035550000007788
2015-07-15,5449.943748,5485.784771,5432.475014,5479.76107,Bull,35.84102299999995,17.46873400000004
2015-07-16,5479.1587,5563.791703,5477.050404,5553.852596,Bull,84.63300299999992,2.108296000000337
2015-07-17,5553.852596,5606.861167,5550.53956,5606.258797,Bull,53.0085710000003,3.3130359999995562
2015-07-19,5600.837466,5610.776573,5597.825615,5603.246946,Bull,9.93910700000015,3.011851000000206
2015-07-20,5603.246946,5645.412855,5600.235096,5635.172563,Bull,42.165908999999374,3.0118499999998676
2015-07-21,5635.473748,5641.798635,5548.73245,5552.045485,Bear,86.74129799999992,6.324886999999762
2015-07-22,5552.045485,5585.778212,5528.251865,5583.067547,Bull,33.73272700000052,23.793619999999464
2015-07-23,5582.465177,5583.669917,5522.830534,5570.417774,Bear,59.634643000000324,1.204740000000129
2015-07-24,5570.718959,5588.488878,5474.942109,5498.434544,Bear,95.7768500000002,17.7699190000003
2015-07-26,5496.326248,5503.55469,5490.302547,5491.507287,Bear,6.023701000000074,7.228441999999632
2015-07-27,5491.808472,5500.844024,5425.547758,5473.134998,Bear,66.26071400000001,9.03555200000028
2015-07-28,5472.833813,5495.121508,5417.716946,5482.17055,Bull,22.287694999999985,55.11686700000064
2015-07-29,5482.471735,5517.108018,5474.339739,5498.735729,Bull,34.63628299999982,8.131996000000072
2015-07-30,5498.434544,5540.299268,5458.37693,5532.167271,Bull,41.864724000000024,40.057613999999376
2015-07-31,5531.564901,5552.34667,5513.192612,5521.625794,Bear,18.37228899999991,20.781769000000168
2015-08-02,5521.625794,5526.444755,5511.084316,5515.602092,Bear,10.541477999999188,4.818961000000854
2015-08-03,5515.300907,5540.901638,5470.123148,5503.253505,Bear,45.17775900000015,25.60073100000045
2015-08-04,5502.651135,5519.216313,5473.737368,5492.109657,Bear,28.913767000000007,16.565177999999833
2015-08-05,5492.410842,5576.742661,5490.302547,5528.55305,Bull,84.331819,2.1082949999999983
2015-08-06,5528.55305,5552.34667,5424.644203,5459.58167,Bear,103.9088470000006,23.793619999999464
2015-08-07,5459.882855,5459.882855,5397.838732,5438.498716,Bear,62.04412299999967,0.0
2015-08-09,5438.197531,5458.678115,5436.691605,5458.37693,Bull,20.480583999999908,1.5059259999998176
2015-08-10,5458.075745,5523.432904,5443.920047,5493.013213,Bull,65.35715900000014,14.155698000000484
2015-08-11,5493.615583,5508.072466,5390.911476,5399.043472,Bear,102.70410699999957,14.456882999999834
2015-08-12,5399.344657,5479.76107,5338.505274,5478.857514,Bull,80.41641299999992,60.83938299999954
2015-08-13,5478.556329,5490.001362,5431.872644,5439.402271,Bear,46.68368499999997,11.445032999999967
2015-08-14,5439.402271,5462.292336,5420.126427,5461.087596,Bull,22.890065000000504,19.27584399999978
2015-08-16,5460.485226,5468.617222,5450.546118,5457.17219,Bear,9.939107999999578,8.131996000000072
2015-08-17,5457.473375,5509.879576,5425.246573,5502.048764,Bull,52.40620100000069,32.226801999999225
2015-08-18,5501.446394,5501.747579,5461.991151,5463.798261,Bear,39.45524299999943,0.3011850000002596
2015-08-19,5464.099446,5481.869365,5401.151768,5433.679755,Bear,62.94767800000045,17.76991899999939
2015-08-20,5433.679755,5434.282125,5215.019398,5225.560875,Bear,218.66035699999975,0.6023699999996097
2015-08-21,5226.163245,5257.787677,5046.656946,5049.969982,Bear,179.50629899999967,31.624432000000525
2015-08-23,5040.33206,5040.33206,4844.862953,4862.331687,Bear,195.4691069999999,0.0
2015-08-24,4862.331687,5055.391313,4708.426119,4930.098326,Bull,193.0596260000002,153.90556800000013
2015-08-25,4930.700696,5065.029235,4769.265502,4909.918927,Bear,161.43519399999968,134.3285390000001
2015-08-26,4910.220112,5114.423586,4862.331687,5083.401524,Bull,204.20347399999991,47.8884250000001
2015-08-27,5083.702709,5229.476281,5066.233976,5208.694511,Bull,145.77357200000006,17.468732999999702
2015-08-28,5207.790956,5227.0668,5158.396605,5209.598067,Bull,19.27584399999978,49.394350999999915
2015-08-30,5209.296881,5216.826508,5144.542093,5179.780745,Bear,64.75478800000019,7.529626999999891
2015-08-31,5179.780745,5208.393326,5043.946281,5061.11383,Bear,135.83446399999957,28.61258100000032
2015-09-01,5061.415015,5093.943002,4961.421573,5069.848196,Bull,32.527987000000394,99.99344199999996
2015-09-02,5070.149381,5164.119122,5014.430144,5134.90417,Bull,93.96974099999989,55.71923700000025
2015-09-03,5134.602985,5185.503261,5035.814284,5052.981833,Bear,98.7887010000004,50.900275999999394
2015-09-04,5053.885388,5076.775453,5005.695778,5041.5368,Bear,48.18960999999945,22.890065000000504
2015-09-06,5037.92258,5112.616476,5035.814284,5099.665518,Bull,74.69389599999977,2.108296000000337
2015-09-07,5100.569073,5106.893959,5062.31857,5079.184933,Bear,38.2505029999993,6.324886000000333
2015-09-08,5079.486118,5226.46443,5074.064787,5223.452579,Bull,146.9783120000002,5.4213309999995545
2015-09-09,5223.753765,5264.112563,5097.858407,5128.880469,Bear,125.89535800000067,40.3587979999993
2015-09-10,5130.386394,5212.911102,5091.834706,5191.828148,Bull,82.52470799999992,38.55168800000047
2015-09-11,5191.828148,5215.070634,5130.250651,5214.165083,Bull,23.2424860000001,61.57749699999931
2015-09-13,5214.768784,5247.972336,5207.222522,5219.296541,Bull,33.203551999999945,7.546261999999842
2015-09-14,5219.296541,5238.313121,5169.491213,5194.544802,Bear,49.80532799999946,19.01658000000043
2015-09-15,5194.242951,5269.101869,5167.68011,5245.859382,Bull,74.8589179999999,26.562840999999935
2015-09-16,5244.953831,5291.136954,5234.087214,5287.816598,Bull,46.183122999999796,10.866616999999678
2015-09-17,5288.118449,5362.373665,5260.650056,5284.496243,Bear,27.468392999999196,74.25521600000047
2015-09-18,5284.798094,5291.438804,5191.224447,5221.711345,Bear,93.57364700000016,6.640710000000581
2015-09-20,5221.711345,5230.766859,5189.111493,5200.883662,Bear,32.59985199999937,9.055514000000585
2015-09-21,5200.883662,5266.083364,5175.528222,5227.144653,Bull,65.19970199999989,25.35544000000027
2015-09-22,5227.748354,5241.331625,5095.839697,5103.687809,Bear,131.90865699999995,13.583270999999513
2015-09-23,5103.687809,5183.074484,5100.971155,5129.64695,Bull,79.38667499999974,2.716653999999835
2015-09-24,5129.948801,5166.170857,5053.27878,5141.117268,Bull,36.22205600000052,76.6700209999999
2015-09-25,5140.211717,5210.844728,5053.580631,5076.521267,Bear,86.63108600000032,70.6330109999999
2015-09-27,5074.106463,5082.860127,5048.449173,5078.63422,Bull,8.753663999999844,25.657290000000103
2015-09-28,5079.237921,5118.176632,4925.59603,4934.953395,Bear,153.64189100000021,38.938710999999785
2015-09-29,4934.953395,5003.775303,4878.809206,4960.610685,Bull,68.8219080000008,56.14418899999964
2015-09-30,4960.610685,5087.086033,4953.969974,5079.237921,Bull,126.47534799999994,6.64071100000001
2015-10-01,5079.841622,5102.178557,4969.96805,5054.486182,Bear,109.87357199999951,22.336935000000267
2015-10-02,5055.089883,5148.059829,4964.232891,5146.550577,Bull,92.96994600000016,90.85699199999999
2015-10-04,5140.815418,5161.039399,5132.061754,5154.700539,Bull,20.223981000000094,8.753663999999844
2015-10-05,5155.00239,5227.748354,5136.287661,5194.242951,Bull,72.74596400000064,18.714728999999352
2015-10-06,5193.639251,5218.390989,5147.757979,5190.318895,Bear,45.881271999999626,24.75173800000084
2015-10-07,5190.318895,5232.577962,5153.191287,5188.809643,Bear,37.12760800000069,42.25906699999996
2015-10-08,5188.809643,5261.555607,5149.569081,5259.140803,Bull,72.74596400000064,39.240561999999954
2015-10-09,5258.838953,5275.440729,5221.409494,5259.442654,Bull,16.601775999999518,37.42945899999995
2015-10-11,5254.311196,5262.461159,5247.670485,5259.140803,Bull,8.149963000000753,6.64071100000001
2015-10-12,5260.046355,5290.231402,5253.707495,5272.120374,Bull,30.18504699999994,6.33886000000075
2015-10-13,5272.724075,5301.39987,5222.918746,5234.992765,Bear,49.8053289999998,28.675795000000107
2015-10-14,5234.690915,5270.611121,5212.957681,5260.650056,Bull,35.92020599999978,21.733234000000266
2015-10-15,5260.650056,5339.131179,5248.274186,5324.340506,Bull,78.48112299999957,12.37587000000076
2015-10-16,5324.340506,5359.657011,5307.73873,5359.355161,Bull,35.31650500000069,16.601775999999518
2015-10-18,5354.223703,5358.75146,5337.621926,5341.847833,Bear,16.601776999999856,4.527757000000747
2015-10-19,5341.545983,5379.579142,5325.849758,5373.843983,Bull,38.033158999999614,15.696224999999686
2015-10-20,5373.843983,5380.182843,5329.471964,5367.505123,Bear,44.372018999999455,6.3388599999998405
2015-10-21,5367.203273,5380.484694,5306.229477,5327.660861,Bear,60.97379600000022,13.281420999999682
2015-10-22,5327.35901,5537.14509,5324.340506,5519.335912,Bull,209.78607999999986,3.0185040000005756
2015-10-23,5519.034061,5599.326287,5511.487799,5567.028286,Bull,80.29222599999957,7.546261999999842
2015-10-25,5570.952343,5570.952343,5556.76537,5557.972772,Bear,14.186972999999853,0.0
2015-10-26,5558.576473,5590.270773,5545.295052,5558.274623,Bear,13.281420999999682,31.694300000000112
2015-10-27,5558.576473,5616.531764,5557.670922,5598.118885,Bull,57.955291000000216,0.9055509999998321
2015-10-28,5598.118885,5648.527914,5554.652417,5621.361372,Bull,50.40902900000037,43.46646799999962
2015-10-29,5621.059521,5662.413036,5605.665147,5661.205634,Bull,41.35351499999979,15.394374000000425
2015-10-30,5660.903784,5663.016737,5597.515184,5608.381801,Bear,63.388600000000224,2.112952999999834
2015-11-01,5607.7781,5607.7781,5584.837464,5586.044866,Bear,22.940636000000268,0.0
2015-11-02,5586.044866,5674.185205,5584.233763,5663.620438,Bull,88.14033899999959,1.8111030000000028
2015-11-03,5663.620438,5708.596159,5647.018662,5693.201785,Bull,44.975720999999794,16.601775999999518
2015-11-04,5693.805485,5710.709112,5664.224139,5687.164775,Bear,29.58134599999994,16.903626999999688
2015-11-05,5687.466626,5707.992458,5643.094606,5672.675952,Bear,44.3720200000007,20.525831999999355
2015-11-06,5673.279653,5684.749971,5624.983577,5678.411111,Bull,11.470318000000589,48.29607599999963
2015-11-08,5676.298158,5690.18328,5670.261149,5685.051822,Bull,13.885122000000592,6.037008999999671
2015-11-09,5684.749971,5685.051822,5580.611558,5624.379876,Bear,104.13841300000058,0.30185100000016973
2015-11-10,5624.078026,5628.605783,5569.14124,5606.872549,Bear,54.93678600000021,4.527756999999838
2015-11-11,5607.174399,5644.302008,5584.535614,5611.098456,Bull,37.12760899999921,22.638785000000098
2015-11-12,5611.400306,5618.342867,5525.674772,5532.617332,Bear,85.72553399999924,6.942561000000751
2015-11-13,5532.919183,5542.276548,5416.10305,5420.027106,Bear,116.81613300000026,9.357364999999845
2015-11-15,5407.047535,5418.819704,5378.975441,5409.160489,Bull,11.772168999999849,28.072094000000106
2015-11-16,5409.462339,5521.147014,5406.745685,5508.167444,Bull,111.68467500000042,2.716653999999835
2015-11-17,5508.167444,5551.332062,5496.093425,5507.865594,Bear,12.07401899999968,43.1646180000007
2015-11-18,5507.261893,5633.13354,5501.224883,5623.474325,Bull,125.87164699999994,6.037010000000009
2015-11-19,5623.776176,5647.018662,5610.494755,5624.983577,Bull,23.2424860000001,13.281421000000591
2015-11-20,5625.587278,5664.52599,5623.172475,5662.714887,Bull,38.93871200000012,2.414802999999665
2015-11-22,5662.111186,5671.770401,5659.998232,5667.544494,Bull,9.659214999999676,2.1129540000001725
2015-11-23,5667.242644,5682.938868,5618.946568,5641.887204,Bear,48.29607599999963,15.696224000000257
2015-11-24,5641.887204,5656.074176,5578.196754,5640.679802,Bear,63.690450000000055,14.186972000000424
2015-11-25,5640.076101,5659.998232,5628.002082,5652.15012,Bull,19.922131000000263,12.07401899999968
2015-11-26,5652.753821,5678.712962,5649.131615,5660.601933,Bull,25.959140999999363,3.6222060000000056
2015-11-27,5660.601933,5667.242644,5632.227989,5657.583429,Bear,28.373943999999938,6.64071100000001
2015-11-29,5657.281578,5657.281578,5641.283503,5645.81126,Bear,15.998075000000426,0.0
2015-11-30,5645.81126,5675.392607,5618.644717,5667.846345,Bull,29.58134699999937,27.166543000000274
2015-12-01,5667.242644,5698.936944,5646.414961,5696.52214,Bull,31.694300000000112,20.827682999999524
2015-12-02,5696.220289,5722.48128,5648.829765,5681.127766,Bear,47.39052399999946,26.260991000000104
2015-12-03,5681.429616,5711.312813,5528.693276,5577.593053,Bear,152.73634000000038,29.8831969999992
2015-12-04,5577.894904,5702.861,5557.670922,5692.296233,Bull,124.9660960000001,20.223981999999523
2015-12-06,5700.446196,5703.766551,5681.429616,5685.353672,Bear,19.01657999999952,3.320354999999836
2015-12-07,5685.051822,5711.010962,5639.17055,5652.451971,Bear,45.881272000000536,25.959139999999934
2015-12-08,5650.942718,5685.655523,5603.854044,5671.1667,Bull,34.71280500000012,47.08867400000054
2015-12-09,5671.1667,5683.84442,5545.898753,5592.081876,Bear,125.26794699999937,12.67772000000059
2015-12-10,5591.780025,5644.000157,5576.083801,5618.644717,Bull,52.220132000000376,15.696224000000257
2015-12-11,5618.644717,5621.969359,5466.315673,5473.267197,Bear,152.32904400000007,3.324641999999585
2015-12-13,5473.267197,5502.282253,5472.058236,5500.468812,Bull,29.015056000000186,1.2089610000002722
2015-12-14,5500.771052,5536.435392,5405.565399,5515.88306,Bull,35.664340000000266,95.20565299999998
2015-12-15,5516.185301,5601.114788,5513.465139,5575.122133,Bull,84.92948699999943,2.7201620000005278
2015-12-16,5575.424374,5645.544092,5530.995069,5615.622316,Bull,70.11971799999992,44.42930500000057
2015-12-17,5616.226796,5662.469542,5497.14417,5511.953938,Bear,119.08262600000035,46.2427459999999
2015-12-18,5512.558419,5547.013798,5443.04318,5452.412625,Bear,69.51523900000029,34.45537899999999
2015-12-20,5456.946228,5476.289599,5454.830547,5473.871677,Bull,19.343370999999934,2.1156810000002224
2015-12-21,5473.569437,5532.80851,5454.528306,5524.043545,Bull,59.239072999999735,19.04113099999995
2015-12-22,5523.136825,5554.569802,5490.192646,5543.689156,Bull,31.432977000000392,32.94417899999917
2015-12-23,5543.991396,5585.700539,5542.480195,5567.566129,Bull,41.70914300000004,1.5112010000002556
2015-12-24,5567.868369,5597.487906,5562.125806,5574.215413,Bull,29.61953700000049,5.742562999999791
2015-12-27,5574.517653,5584.189338,5572.401972,5572.704212,Bear,2.1156810000002224,9.671685000000252
2015-12-28,5572.704212,5589.931902,5526.763707,5586.9095,Bull,17.22769000000062,45.940504999999575
2015-12-29,5587.21174,5679.394991,5584.491579,5666.700904,Bull,92.18325100000038,2.7201610000001892
2015-12-30,5666.398664,5670.630026,5613.808875,5621.062639,Bear,52.589789000000565,4.231361999999535
2015-12-31,5621.364879,5627.107442,5536.435392,5552.151881,Bear,84.92948699999943,5.7425630000007
2016-01-03,5552.151881,5569.37957,5485.961284,5494.121768,Bear,66.1905969999998,17.227689000000282
2016-01-04,5495.028489,5499.259851,5355.393531,5449.390224,Bear,139.63495800000055,4.231361999999535
2016-01-05,5449.692464,5457.550708,5350.255449,5377.457064,Bear,99.43701499999952,7.858244000000013
2016-01-06,5377.457064,5392.266832,5293.736537,5298.27014,Bear,83.7205270000004,14.809768000000076
2016-01-07,5297.665659,5314.288869,5175.560632,5237.217626,Bear,122.10502700000052,16.623209999999744
2016-01-08,5237.519866,5283.158131,5145.034375,5155.612781,Bear,92.48549099999946,45.6382650000005
2016-01-10,5155.31054,5159.844143,5109.370035,5148.056776,Bear,45.940505000000485,4.533602999999857
2016-01-11,5148.963497,5203.971207,5088.213223,5140.500772,Bear,60.75027399999999,55.00770999999986
2016-01-12,5140.198532,5264.419241,5121.761882,5258.072197,Bull,124.22070899999926,18.436650000000554
2016-01-13,5258.072197,5277.113328,5025.951749,5071.590014,Bear,232.12044800000058,19.04113099999995
2016-01-14,5071.892254,5199.135365,4985.753806,5111.485716,Bull,127.24311099999977,86.13844800000061
2016-01-15,5112.090196,5114.508118,4927.421454,5012.048701,Bear,184.66874199999984,2.417921999999635
2016-01-17,4989.078448,5032.601032,4965.805955,5022.929347,Bull,43.52258399999937,23.272493000000395
2016-01-18,5022.627107,5057.384726,4988.171728,5057.082486,Bull,34.75761899999998,34.45537899999999
2016-01-19,5055.873525,5096.675948,4906.566882,4918.052009,Bear,149.3066429999999,40.80242300000009
2016-01-20,4918.354249,5051.037683,4815.894832,4974.26868,Bull,132.68343399999958,102.45941700000003
2016-01-21,4974.87316,5068.265372,4939.511061,5049.224242,Bull,93.39221199999974,35.362098999999944
2016-01-22,5048.619761,5141.709733,5035.321194,5134.153729,Bull,93.08997199999976,13.29856699999982
2016-01-24,5135.060449,5150.172458,5116.019319,5130.829087,Bear,19.04112999999961,15.112009000000398
2016-01-25,5130.224606,5149.870217,5040.761517,5045.8996,Bear,89.46308899999985,19.645610999999917
2016-01-26,5047.410801,5130.526847,4996.634452,5076.425857,Bull,83.1160460000001,50.776348999999755
2016-01-27,5076.425857,5100.30283,4959.156672,5017.489024,Bear,117.2691850000001,23.876972999999452
2016-01-28,5016.582303,5076.425857,4964.899235,5048.922001,Bull,59.84355400000004,51.683068000000276
2016-01-29,5049.526482,5163.773265,5033.809993,5161.959824,Bull,114.2467829999996,15.716489000000365
2016-01-31,5154.10158,5165.888946,5135.96717,5149.265737,Bear,18.13440999999966,11.787366000000475
2016-02-01,5149.265737,5209.713771,5112.090196,5155.915021,Bull,60.44803400000001,37.17554099999961
2016-02-02,5156.217261,5169.818068,5025.951749,5047.713041,Bear,130.26551199999994,13.600806999999804
2016-02-03,5047.713041,5095.769227,4945.253624,5067.963132,Bull,48.0561859999998,102.45941700000003
2016-02-04,5068.265372,5083.679621,4973.059719,5017.186784,Bear,95.20565299999998,15.414249000000382
2016-02-05,5016.582303,5045.59736,4837.051644,4859.719656,Bear,179.530659,29.015056999999615
2016-02-07,4868.786861,4890.245913,4855.790534,4885.10783,Bull,21.459052000000156,12.996326999999837
2016-02-08,4884.80559,4891.454874,4694.394285,4754.842318,Bear,190.41130499999963,6.64928400000008
2016-02-09,4754.237838,4840.678526,4711.924214,4749.401995,Bear,42.313624000000345,86.44068799999968
2016-02-10,4748.797515,4885.410071,4748.797515,4770.256567,Bull,136.61255600000004,0.0
2016-02-11,4770.558807,4818.312753,4669.308351,4793.52906,Bull,47.753945999999814,101.25045600000067
2016-02-12,4795.342501,4856.999495,4779.021532,4854.279333,Bull,61.65699399999994,16.320969000000332
2016-02-14,4861.835338,4912.611686,4861.835338,4911.402725,Bull,50.776348000000326,0.0
2016-02-15,4911.704965,4959.761152,4898.406398,4950.391707,Bull,48.056187000000136,13.29856699999982
2016-02-16,4950.693947,4967.619396,4892.663835,4934.977458,Bear,58.03011199999946,16.9254490000003
2016-02-17,4934.372978,5098.791629,4918.354249,5086.097542,Bull,164.41865099999995,16.01872900000035
2016-02-18,5085.493062,5110.881236,5009.93302,5031.996552,Bear,75.56004199999916,25.388174000000618
2016-02-19,5031.694312,5047.410801,4981.220204,5030.787591,Bear,50.47410799999943,15.716489000000365
2016-02-21,5023.533827,5065.847451,5012.955421,5061.011608,Bull,42.313623999999436,10.578406000000541
2016-02-22,5060.407128,5118.73948,5057.082486,5070.985534,Bull,58.332352000000355,3.324641999999585
2016-02-23,5071.287774,5097.280428,5007.515098,5018.395744,Bear,63.7726760000005,25.992653999999675
2016-02-24,5019.302465,5112.996917,4938.3021,5097.582668,Bull,93.69445200000064,81.00036499999987
2016-02-25,5097.280428,5141.407493,5041.668237,5132.340288,Bull,44.127064999999675,55.612191000000166
2016-02-26,5132.642528,5190.3704,5107.858834,5109.672275,Bear,24.78369400000065,57.72787199999948
2016-02-28,5108.161074,5124.179803,5075.821376,5075.821376,Bear,32.33969799999977,16.01872900000035
2016-02-29,5075.519136,5154.10158,5053.757844,5071.590014,Bear,21.76129200000014,78.58244399999967
2016-03-01,5071.590014,5268.348363,5070.985534,5263.21028,Bull,196.75834899999973,0.6044799999999668
2016-03-02,5263.21028,5267.139402,5197.624164,5249.911713,Bear,65.5861160000004,3.929121999999552
2016-03-03,5250.213953,5252.329634,5190.67264,5223.012338,Bear,59.54131300000063,2.115680999999313
2016-03-04,5223.314578,5265.023721,5196.112963,5223.012338,Bear,27.201615000000857,41.70914299999913
2016-03-06,5223.919058,5224.523539,5208.80705,5211.224971,Bear,15.11200800000006,0.6044809999993959
2016-03-07,5211.829452,5234.799705,5160.750863,5179.489754,Bear,51.07858899999974,22.97025300000041
2016-03-08,5178.885273,5209.10929,5139.896292,5174.653911,Bear,38.98898099999951,30.224017000000458
2016-03-09,5175.258391,5209.10929,5146.243335,5187.650238,Bull,33.85089900000003,29.015056000000186
2016-03-10,5187.347998,5255.956516,5113.601397,5221.501137,Bull,68.608518,73.74660099999983
2016-03-11,5221.501137,5273.585937,5216.050402,5267.529564,Bull,52.08479999999963,5.45073500000035
2016-03-13,5260.261918,5266.923927,5254.205546,5257.233732,Bear,6.05637200000001,6.662008999999671
2016-03-14,5257.233732,5293.571964,5246.635081,5262.381648,Bull,36.33823200000006,10.598650999999336
2016-03-15,5262.381648,5292.057871,5244.212532,5279.642309,Bull,29.67622300000039,18.16911600000003
2016-03-16,5278.733853,5342.325759,5257.536551,5323.248187,Bull,63.59190600000056,21.19730199999958
2016-03-17,5322.64255,5345.051126,5280.853583,5326.88201,Bull,22.40857600000072,41.7889669999995
2016-03-18,5327.184829,5342.628578,5300.233973,5325.973554,Bear,26.950855999999476,15.443749000000025
2016-03-20,5323.248187,5323.248187,5304.170615,5306.895983,Bear,19.077572000000146,0.0
2016-03-21,5307.198801,5355.346959,5301.445248,5342.628578,Bull,48.148158000000876,5.753552999999556
2016-03-22,5342.931396,5378.663991,5309.924169,5365.037154,Bull,35.7325950000004,33.00722700000006
2016-03-23,5364.128698,5379.572447,5309.318531,5315.072085,Bear,54.81016700000055,15.443748999999116
2016-03-24,5314.769266,5330.818652,5287.212774,5330.213015,Bull,16.049385999999686,27.556492000000617
2016-03-27,5335.360931,5348.68495,5333.846838,5341.114485,Bull,13.32401899999968,1.5140929999997752
2016-03-28,5341.114485,5360.797694,5307.198801,5327.790466,Bear,33.91568400000051,19.683208999999806
2016-03-29,5327.790466,5411.065581,5298.114243,5400.164112,Bull,83.27511499999946,29.67622300000039
2016-03-30,5400.164112,5463.150381,5398.044382,5418.333228,Bull,62.98626899999999,2.119730000000345
2016-03-31,5418.030409,5445.284083,5398.044382,5401.981023,Bear,19.986026999999922,27.25367399999959
2016-04-01,5401.678205,5486.467413,5379.875265,5485.558957,Bull,84.78920800000014,21.80294000000049
2016-04-03,5483.136408,5492.826604,5473.749032,5488.889962,Bull,9.69019599999956,9.387376000000586
2016-04-04,5488.284325,5503.728073,5430.445972,5440.438986,Bear,57.83835299999919,15.443748000000596
2016-04-05,5440.741804,5446.495358,5398.044382,5436.805162,Bear,42.69742200000019,5.753553999999895
2016-04-06,5437.107981,5498.580157,5411.065581,5487.678687,Bull,61.47217600000022,26.04240000000027
2016-04-07,5487.981506,5495.85479,5391.079554,5431.657246,Bear,96.90195200000016,7.87328400000024
2016-04-08,5430.74879,5462.544744,5391.98801,5413.790949,Bear,38.76077999999961,31.795954000000165
2016-04-10,5414.396586,5420.150139,5388.051368,5408.945851,Bear,26.345217999999477,5.7535530000004655
2016-04-11,5409.24867,5462.544744,5378.96681,5398.3472,Bear,30.28186000000005,53.29607399999986
2016-04-12,5398.3472,5460.727832,5361.706149,5457.094009,Bull,62.38063199999942,36.641051000000516
2016-04-13,5456.79119,5515.840817,5450.734818,5504.636529,Bull,59.04962700000033,6.05637200000001
2016-04-14,5504.636529,5527.347924,5487.678687,5508.573171,Bull,22.711394999999357,16.95784200000071
2016-04-15,5508.270352,5514.023906,5478.594129,5497.671701,Bear,29.67622299999948,5.753554000000804
2016-04-17,5473.446213,5473.749032,5455.579916,5460.122195,Bear,17.866297000000486,0.30281899999954476
2016-04-18,5460.425013,5524.925375,5451.946093,5511.904176,Bull,64.50036199999977,8.478920000000471
2016-04-19,5512.206994,5553.087505,5458.91092,5471.023664,Bear,53.29607399999986,40.8805110000003
2016-04-20,5470.418027,5518.566185,5461.636288,5506.150622,Bull,48.14815799999997,8.781739000000016
2016-04-21,5506.453441,5513.418269,5423.178325,5444.981265,Bear,83.2751159999998,6.964828000000125
2016-04-22,5444.981265,5452.854548,5367.156884,5410.459944,Bear,77.82438100000036,7.873282999999901
2016-04-24,5422.875507,5426.206511,5395.319014,5396.530289,Bear,27.556493000000046,3.3310040000005756
2016-04-25,5397.135926,5431.354428,5373.213256,5416.819135,Bull,34.21850199999972,23.922669999999925
2016-04-26,5416.516316,5438.319255,5331.121471,5334.149657,Bear,85.3948449999998,21.80293900000015
2016-04-27,5333.846838,5380.783721,5295.994513,5348.079312,Bull,46.9368829999994,37.85232500000075
2016-04-28,5348.382131,5378.361172,5264.501378,5303.262159,Bear,83.88075300000037,29.979040999999597
2016-04-29,5303.262159,5315.374903,5204.543295,5251.782997,Bear,98.71886399999948,12.11274400000002
2016-05-01,5253.29709,5255.41682,5230.282877,5241.789983,Bear,23.01421300000038,2.119730000000345
2016-05-02,5241.184346,5303.564978,5235.430793,5287.818411,Bull,62.38063200000033,5.753552999999556
2016-05-03,5288.121229,5294.783239,5232.099788,5240.881528,Bear,56.02144099999987,6.662010000000009
2016-05-04,5241.487165,5255.719639,5199.092561,5236.944886,Bear,42.39460399999916,14.232474000000366
2016-05-05,5236.944886,5259.959099,5193.036189,5199.395379,Bear,43.90869699999985,23.014212999999472
2016-05-06,5199.698198,5249.360448,5173.35298,5249.360448,Bull,49.66225000000031,26.345218000000386
2016-05-08,5244.515351,5253.599909,5239.064616,5244.818169,Bull,9.08455799999956,5.45073500000035
2016-05-09,5244.515351,5276.916941,5230.282877,5263.592923,Bull,32.4015900000004,14.232474000000366
2016-05-10,5263.592923,5328.093285,5254.508365,5311.438262,Bull,64.50036199999977,9.08455800000047
2016-05-11,5311.438262,5332.938382,5264.501378,5280.247946,Bear,46.936883999999736,21.500120000000607
2016-05-12,5280.247946,5307.50162,5215.444765,5233.613881,Bear,64.80318100000022,27.25367399999959
2016-05-13,5233.311063,5281.762039,5213.022216,5235.733611,Bull,48.45097600000008,20.288846999999805
2016-05-15,5227.860328,5252.388634,5215.141947,5242.698439,Bull,24.528306000000157,12.718380999999681
2016-05-16,5242.698439,5319.917182,5229.677239,5302.959341,Bull,77.21874300000036,13.021200000000135
2016-05-17,5303.262159,5322.036913,5218.170133,5229.071602,Bear,85.09202600000026,18.77475400000003
2016-05-18,5229.374421,5279.945127,5209.691212,5235.430793,Bull,50.57070599999952,19.683209000000716
2016-05-19,5235.430793,5253.599909,5185.162905,5251.480179,Bull,18.16911599999912,50.26788800000031
2016-05-20,5251.480179,5304.170615,5239.670253,5286.001499,Bull,52.69043599999986,11.809925999999905
2016-05-22,5290.543778,5297.811425,5272.980299,5295.994513,Bull,7.26764699999967,17.56347900000037
2016-05-23,5295.691694,5307.198801,5266.923927,5272.071844,Bear,28.767767000000276,11.50710699999945
2016-05-24,5271.769025,5403.192298,5259.050644,5401.072568,Bull,131.42327300000034,12.718380999999681
2016-05-25,5401.072568,5438.016437,5392.896465,5413.790949,Bull,36.94386900000063,8.176102999999785
2016-05-26,5414.396586,5451.643274,5411.671219,5444.981265,Bull,37.24668800000018,2.7253670000000056
2016-05-27,5445.284083,5467.087023,5438.924893,5466.481385,Bull,21.80294000000049,6.3591899999992165
2016-05-29,5472.840576,5480.71386,5467.69266,5479.199767,Bull,7.87328400000024,5.147915999999896
2016-05-30,5479.199767,5484.95332,5466.784204,5482.530771,Bull,5.753552999999556,12.415563000000475
2016-05-31,5482.83359,5496.157608,5447.706632,5490.404055,Bull,13.324018000000251,35.12695799999983
2016-06-01,5490.706873,5491.312511,5454.065823,5465.57293,Bear,36.64105000000018,0.605637999999999
2016-06-02,5466.178567,5490.706873,5434.079795,5485.861776,Bull,24.528306000000157,32.09877200000028
2016-06-03,5486.164594,5497.671701,5424.995237,5461.636288,Bear,61.16935699999976,11.50710700000036
2016-06-05,5464.058837,5466.178567,5455.579916,5464.664474,Bull,2.119730000000345,8.4789209999999
2016-06-06,5464.361655,5494.946334,5460.425013,5482.227953,Bull,30.584679000000506,3.936641999999665
2016-06-07,5481.925134,5505.847803,5456.79119,5464.967292,Bear,25.133944000000156,23.922668999999587
2016-06-08,5464.967292,5487.375869,5455.579916,5467.087023,Bull,22.40857700000015,9.387376000000586
2016-06-09,5467.389841,5473.143395,5442.861534,5450.129181,Bear,24.528307000000495,5.753553999999895
2016-06-10,5449.826362,5452.854548,5375.938624,5399.861293,Bear,73.88773799999944,3.02818600000046
2016-06-12,5386.234456,5391.685191,5376.241442,5377.149898,Bear,9.993014000000585,5.45073499999944
2016-06-13,5377.149898,5395.319014,5337.177843,5353.530047,Bear,39.97205499999927,18.16911600000003
2016-06-14,5353.227229,5369.276614,5310.226987,5349.593405,Bear,43.00024200000007,16.049385000000257
2016-06-15,5349.290587,5372.910438,5310.529806,5314.769266,Bear,38.76078100000086,23.61985099999947
2016-06-16,5314.769266,5368.973796,5272.071844,5359.586419,Bull,54.20452999999998,42.69742200000019
2016-06-17,5358.375145,5361.100512,5273.283118,5282.670495,Bear,85.09202699999969,2.7253670000000056
2016-06-19,5309.015713,5344.445489,5309.015713,5341.720122,Bull,35.42977599999995,0.0
2016-06-20,5342.02294,5374.121712,5311.438262,5333.241201,Bear,30.584678000000167,32.09877200000028
2016-06-21,5332.938382,5348.68495,5316.283359,5331.424289,Bear,16.655023000000256,15.74656799999957
2016-06-22,5331.424289,5370.790707,5318.705908,5348.079312,Bull,39.36641800000052,12.718380999999681
2016-06-23,5347.776494,5443.467172,5129.141464,5129.141464,Bear,218.63502999999946,95.69067799999993
2016-06-24,5129.141464,5285.395862,5129.141464,5162.45151,Bull,156.25439800000004,0.0
2016-06-26,5147.916217,5151.55004,5105.521613,5144.585212,Bear,42.39460400000007,3.6338230000001204
2016-06-27,5144.282394,5169.416338,5048.288897,5109.458255,Bear,95.99349699999948,25.133944000000156
2016-06-28,5109.155436,5202.726384,5104.00752,5196.670012,Bull,93.57094799999959,5.147915999999896
2016-06-29,5196.367193,5305.38189,5190.61364,5281.45922,Bull,109.01469699999961,5.7535530000004655
2016-06-30,5281.45922,5342.325759,5255.114002,5332.029927,Bull,60.86653900000056,26.345217999999477
2016-07-01,5331.727108,5385.628819,5312.952355,5371.093526,Bull,53.90171099999952,18.77475299999969
2016-07-03,5376.544261,5382.903451,5361.403331,5375.635805,Bear,15.140929999999571,6.359190000000126
2016-07-04,5375.030168,5391.98801,5352.318773,5358.072326,Bear,22.711395000000266,16.9578419999998
2016-07-05,5358.072326,5362.614605,5291.149415,5304.170615,Bear,66.92291100000057,4.542278999999326
2016-07-06,5304.170615,5380.783721,5288.121229,5377.452717,Bull,76.61310599999979,16.049385999999686
2016-07-07,5377.755535,5403.797935,5365.94561,5383.811907,Bull,26.04239999999936,11.809925000000476
2016-07-08,5383.509089,5478.896948,5381.692177,5471.326483,Bull,95.38785899999948,1.8169120000002295
2016-07-10,5474.354669,5504.636529,5469.81239,5495.249152,Bull,30.28186000000005,4.542279000000235
2016-07-11,5495.249152,5527.650743,5484.347683,5514.629543,Bull,32.401590999999826,10.901469000000361
2016-07-12,5514.629543,5550.059319,5511.298538,5530.981747,Bull,35.42977599999995,3.3310050000000047
2016-07-13,5530.073292,5553.087505,5515.537999,5526.13665,Bear,14.53529299999991,23.01421300000038
2016-07-14,5526.742287,5581.855272,5526.742287,5554.601598,Bull,55.11298499999975,0.0
2016-07-15,5555.207235,5576.101719,5511.601357,5526.13665,Bear,43.6058780000003,20.894484000000375
2016-07-17,5547.63677,5566.108705,5544.002947,5553.390324,Bull,18.471934999999576,3.6338230000001204
2016-07-18,5553.087505,5598.207477,5547.031133,5577.918631,Bull,45.11997199999951,6.05637200000001
2016-07-19,5578.221449,5584.883458,5557.629784,5577.312993,Bear,20.59166499999992,6.66200900000058
2016-07-20,5577.312993,5643.327448,5575.496082,5637.271076,Bull,66.01445500000045,1.816910999999891
2016-07-21,5637.271076,5647.26409,5604.263849,5615.468137,Bear,33.00722700000006,9.993013999999675
2016-07-22,5615.165318,5649.989458,5606.383579,5642.721811,Bull,34.824139999999716,8.781739000000016
2016-07-24,5643.630267,5656.04583,5632.12316,5634.848528,Bear,11.50710699999945,12.415563000000475
2016-07-25,5635.151346,5647.26409,5624.552695,5639.693625,Bull,12.11274400000002,10.598650999999336
2016-07-26,5639.693625,5692.081243,5621.524509,5684.813597,Bull,52.38761799999975,18.16911600000003
2016-07-27,5685.116415,5709.947541,5664.827569,5706.313717,Bull,24.83112599999913,20.288846000000376
2016-07-28,5706.010899,5732.961754,5680.271318,5714.48982,Bull,26.950855000000047,25.739580999999816
2016-07-29,5715.095457,5737.201215,5703.891169,5729.327931,Bull,22.105757999999696,11.204287999999906
2016-07-31,5738.412489,5746.285773,5727.208201,5742.046312,Bull,7.87328399999933,11.204287999999906
2016-08-01,5742.046312,5765.968982,5718.426461,5756.581605,Bull,23.922669999999925,23.61985100000038
2016-08-02,5756.581605,5761.729521,5670.883941,5703.58835,Bear,85.69766400000026,5.147915999999896
2016-08-03,5703.58835,5733.567391,5690.56715,5724.180015,Bull,29.979040999999597,13.021200000000135
2016-08-04,5723.877196,5757.79288,5711.158815,5755.370331,Bull,33.9156839999996,12.71838100000059
2016-08-05,5755.370331,5811.391772,5750.525233,5794.43393,Bull,56.02144099999987,4.84509799999978
2016-08-07,5795.645205,5802.912851,5792.3142,5800.793121,Bull,7.267646000000241,3.3310050000000047
2016-08-08,5801.398758,5815.025595,5773.236628,5792.011381,Bear,28.162130000000616,13.626836999999796
2016-08-09,5792.011381,5823.504516,5788.07474,5800.793121,Bull,31.49313499999971,3.936641000000236
2016-08-10,5801.095939,5814.419958,5774.447903,5795.342386,Bear,26.648035999999593,13.32401900000059
2016-08-11,5795.342386,5827.441158,5791.708563,5814.419958,Bull,32.09877199999937,3.6338230000001204
2016-08-12,5814.117139,5822.293242,5798.370572,5821.384786,Bull,8.176102999999785,15.746567000000141
2016-08-14,5822.293242,5830.469344,5820.173511,5828.652432,Bull,8.176102000000355,2.119730999999774
2016-08-15,5828.955251,5856.814562,5823.504516,5838.039809,Bull,27.859310999999252,5.45073500000035
2016-08-16,5838.039809,5843.793362,5809.877679,5818.659418,Bear,28.162129999999706,5.7535530000004655
2016-08-17,5818.3566,5831.074981,5780.201456,5827.441158,Bull,12.718380999999681,38.15514400000029
2016-08-18,5827.138339,5831.074981,5805.3354,5819.567874,Bear,21.80293900000015,3.936641999999665
2016-08-19,5819.870693,5834.405986,5795.948023,5825.018609,Bull,14.53529299999991,23.922669999999925
2016-08-21,5825.321428,5825.624246,5809.272042,5811.391772,Bear,16.049386000000595,0.3028180000001157
2016-08-22,5811.391772,5835.920079,5801.398758,5831.3778,Bull,24.528307000000495,9.993013999999675
2016-08-23,5831.074981,5858.631474,5824.412972,5830.772162,Bear,6.662008999999671,27.556493000000046
2016-08-24,5830.469344,5842.582088,5778.687363,5798.976209,Bear,51.78198100000009,12.11274400000002
2016-08-25,5798.976209,5806.849493,5775.659177,5794.736749,Bear,23.317031999999926,7.87328399999933
2016-08-26,5795.039567,5835.314441,5762.335159,5793.828293,Bear,32.7044079999996,40.274874000000636
2016-08-28,5797.159298,5800.187484,5782.624005,5789.588833,Bear,14.53529299999991,3.02818600000046
2016-08-29,5789.286014,5821.081967,5784.440916,5805.032581,Bull,31.795952999999827,4.845098000000689
2016-08-30,5805.032581,5812.300228,5765.363345,5784.743735,Bear,39.66923600000064,7.26764699999967
2016-08-31,5785.046554,5800.187484,5755.370331,5799.279028,Bull,15.14093000000048,29.67622299999948
2016-09-01,5799.279028,5808.363586,5752.947782,5784.138098,Bear,46.33124599999974,9.08455800000047
2016-09-02,5784.440916,5835.61726,5784.440916,5812.603046,Bull,51.17634400000043,0.0
2016-09-04,5815.631232,5821.081967,5810.180497,5819.567874,Bull,5.45073500000035,5.45073499999944
2016-09-05,5819.870693,5821.384786,5792.617019,5808.363586,Bear,27.25367399999959,1.5140929999997752
2016-09-06,5808.666404,5852.272283,5807.45513,5850.152553,Bull,43.60587900000064,1.211273999999321
2016-09-07,5850.455371,5861.962478,5829.258069,5849.244097,Bear,21.19730199999958,11.50710700000036
2016-09-08,5849.546916,5858.934292,5801.398758,5810.786135,Bear,48.14815799999997,9.387375999999676
2016-09-09,5810.786135,5810.786135,5652.288109,5655.924775,Bear,158.4980260000002,0.0
2016-09-11,5650.469776,5657.743108,5612.587838,5627.437558,Bear,37.881937999999536,7.273331999999755
2016-09-12,5627.740613,5780.78364,5606.829784,5761.085033,Bull,153.0430269999997,20.910829000000376
2016-09-13,5761.085033,5761.085033,5692.291435,5736.234482,Bear,68.7935980000002,0.0
2016-09-14,5736.234482,5779.571418,5717.141986,5731.385594,Bear,19.09249600000021,43.336936000000605
2016-09-15,5731.385594,5847.152795,5727.445873,5829.27252,Bull,115.76720099999966,3.9397210000006453
2016-09-16,5829.27252,5842.303907,5805.02808,5838.06113,Bull,13.031386999999995,24.244440000000395
2016-09-18,5836.545852,5857.456682,5831.696964,5852.910849,Bull,20.910829999999805,4.848888000000443
2016-09-19,5853.51696,5869.275846,5797.451693,5823.21141,Bear,56.06526699999995,15.75888599999962
2016-09-20,5823.514466,5843.516129,5804.725025,5835.939741,Bull,20.001663000000008,18.789440999999897
2016-09-21,5835.030575,5884.731676,5809.573913,5878.367511,Bull,49.70110100000056,25.456661999999596
2016-09-22,5878.367511,5930.493057,5870.488068,5922.916669,Bull,52.125545999999304,7.87944300000072
2016-09-23,5922.916669,5927.462502,5877.155289,5888.065287,Bear,45.76137999999992,4.54583300000013
2016-09-25,5881.701121,5890.792786,5868.063624,5877.458344,Bear,13.637496999999712,9.09166499999992
2016-09-26,5877.458344,5877.7614,5819.574744,5870.488068,Bear,57.883600000000115,0.3030560000006517
2016-09-27,5870.791123,5896.853896,5827.151132,5885.943898,Bull,26.062772999999652,43.63999100000001
2016-09-28,5886.246954,5911.40056,5872.912512,5908.976116,Bull,25.153605999999854,13.334442000000308
2016-09-29,5909.279172,5911.097505,5833.818353,5851.698627,Bear,75.4608189999999,1.818333000000166
2016-09-30,5852.001683,5922.310558,5832.909186,5895.338619,Bull,70.30887499999972,19.09249700000055
2016-10-02,5900.187507,5915.037226,5898.369174,5905.945561,Bull,14.849719000000732,1.8183329999992566
2016-10-03,5905.945561,5909.279172,5870.488068,5903.824173,Bear,35.457493000000795,3.3336109999991095
2016-10-04,5904.127228,5925.341113,5862.608625,5886.853065,Bear,41.51860300000044,21.21388500000012
2016-10-05,5887.15612,5925.947224,5878.367511,5907.460839,Bull,38.791103999999905,8.78860899999927
2016-10-06,5907.460839,5916.855559,5873.821678,5894.732508,Bear,33.63916100000006,9.394719999999325
2016-10-07,5895.035563,5920.18917,5860.790292,5890.792786,Bear,34.245271000000685,25.153606999999283
2016-10-09,5901.096673,5910.491394,5896.853896,5903.218062,Bull,9.394720999999663,4.2427770000003875
2016-10-10,5903.218062,5941.70611,5894.126397,5922.916669,Bull,38.48804800000016,9.09166499999992
2016-10-11,5923.52278,5932.008334,5816.241134,5857.153626,Bear,107.28164600000036,8.485553999999865
2016-10-12,5857.153626,5859.57807,5790.178361,5801.69447,Bear,66.97526500000004,2.424443999999312
2016-10-13,5801.997525,5832.00002,5763.509477,5817.756411,Bull,30.002495000000636,38.48804800000016
2016-10-14,5817.756411,5868.366679,5808.361691,5821.090022,Bull,50.61026799999945,9.394720000000234
2016-10-16,5822.908355,5825.93891,5795.63336,5804.725025,Bear,27.274994999999763,3.0305550000002768
2016-10-17,5804.725025,5842.303907,5795.936415,5839.273352,Bull,37.578882000000704,8.788609999999608
2016-10-18,5839.576407,5887.459176,5838.667241,5855.638349,Bull,47.882769000000735,0.909165999999459
2016-10-19,5855.638349,5872.003345,5832.00002,5864.426958,Bull,16.364996000000247,23.63832899999943
2016-10-20,5864.730013,5878.064455,5817.1503,5866.548346,Bull,13.334441999999399,47.57971300000008
2016-10-21,5866.548346,5876.852233,5836.545852,5874.427789,Bull,10.303887000000032,30.002493999999388
2016-10-23,5875.943067,5882.610288,5870.488068,5878.973622,Bull,6.667220999999699,5.454999000000498
2016-10-24,5878.670566,5958.980274,5878.367511,5955.343608,Bull,80.30970799999977,0.30305499999940366
2016-10-25,5955.646663,5963.526106,5902.00584,5905.036395,Bear,53.64082300000064,7.87944299999981
2016-10-26,5905.642506,5917.764726,5866.548346,5877.7614,Bear,39.09416000000056,12.122220000000198
2016-10-27,5877.458344,5915.946393,5823.817521,5837.151963,Bear,53.64082299999973,38.4880490000005
2016-10-28,5837.455019,5871.094179,5802.300581,5825.332799,Bear,35.15443799999957,33.63915999999972
2016-10-30,5812.907523,5849.880294,5804.421969,5849.880294,Bull,36.97277099999974,8.485553999999865
2016-10-31,5849.880294,5855.032238,5812.604468,5836.848908,Bear,37.27582599999914,5.151944000000185
2016-11-01,5837.151963,5838.970296,5720.172541,5746.538369,Bear,116.97942200000034,1.818333000000166
2016-11-02,5747.447535,5780.480585,5684.715047,5695.018934,Bear,62.73248800000056,33.03305
2016-11-03,5696.231156,5733.203927,5658.95533,5668.35005,Bear,37.27582600000005,36.97277099999974
2016-11-04,5668.046995,5691.988379,5638.347556,5650.16672,Bear,29.699438999999984,23.941384000000653
2016-11-06,5709.262543,5738.961981,5709.262543,5728.051984,Bull,29.699438000000555,0.0
2016-11-07,5728.355039,5796.542526,5727.142817,5780.78364,Bull,68.18748700000015,1.2122220000001107
2016-11-08,5780.177529,5864.123902,5525.913966,5537.73313,Bear,254.26356299999952,83.94637300000068
2016-11-09,5537.73313,5897.156952,5531.975076,5881.398066,Bull,359.42382200000065,5.758053999999902
2016-11-10,5881.398066,5915.340282,5672.289772,5712.899209,Bear,209.10829399999966,33.94221600000037
2016-11-11,5713.202264,5767.752254,5675.320327,5748.356702,Bull,54.549990000000435,37.8819369999992
2016-11-13,5761.691144,5799.876137,5757.751422,5786.541695,Bull,38.18499299999985,3.9397220000000743
2016-11-14,5787.147806,5789.57225,5664.410329,5697.746434,Bear,122.73747699999967,2.4244440000002214
2016-11-15,5697.746434,5798.057804,5691.382268,5784.723362,Bull,100.31137000000035,6.364165999999386
2016-11-16,5784.117251,5818.362522,5741.386425,5817.1503,Bull,34.245271000000685,42.73082599999998
2016-11-17,5817.453356,5858.062793,5791.996694,5853.820016,Bull,40.60943700000007,25.456661999999596
2016-11-18,5852.910849,5867.760568,5822.302244,5829.878631,Bear,30.608604999999443,14.849718999999823
2016-11-20,5835.030575,5840.182518,5822.605299,5838.364185,Bull,5.1519429999998465,12.42527599999994
2016-11-21,5838.970296,5917.46167,5822.908355,5913.825004,Bull,78.49137399999927,16.061941000000843
2016-11-22,5913.825004,5921.401392,5891.701953,5914.12806,Bull,7.576387999999497,22.123051000000487
2016-11-23,5914.431115,5918.673892,5855.335293,5876.549178,Bear,59.095822000000226,4.242776999999478
2016-11-24,5875.943067,5899.581396,5870.791123,5889.88362,Bull,23.63832899999943,5.151944000000185
2016-11-25,5890.489731,5903.521117,5881.701121,5903.521117,Bull,13.031386000000566,8.788609999999608
2016-11-27,5896.550841,5897.763063,5887.15612,5896.853896,Bull,1.2122220000001107,9.394721000000573
2016-11-28,5896.550841,5915.340282,5870.488068,5888.671398,Bear,26.06277300000056,18.789440999999897
2016-11-29,5888.671398,5937.160278,5876.246122,5906.551672,Bull,48.48887999999988,12.42527600000085
2016-11-30,5906.551672,5922.310558,5833.818353,5845.334462,Bear,72.73331899999994,15.75888600000053
2016-12-01,5845.637517,5846.243628,5725.021429,5731.68865,Bear,120.61608799999976,0.6061110000000554
2016-12-02,5731.385594,5768.964476,5706.231988,5738.961981,Bull,37.578881999999794,25.153606000000764
2016-12-04,5707.747265,5735.931426,5699.261711,5724.112262,Bull,28.18416100000013,8.485553999999865
2016-12-05,5724.415318,5813.513634,5718.051152,5795.027249,Bull,89.09831599999961,6.364166000000296
2016-12-06,5794.724193,5814.422801,5779.571418,5805.634191,Bull,19.698607999999695,15.152774999999565
2016-12-07,5805.634191,5885.034732,5774.419475,5882.610288,Bull,79.40054099999998,31.214716000000408
2016-12-08,5882.610288,5902.915006,5862.30557,5896.247785,Bull,20.30471800000032,20.30471799999941
2016-12-09,5894.429452,5936.251111,5881.398066,5932.917501,Bull,41.82165899999927,13.031386000000566
2016-12-11,5934.129723,5960.192496,5903.218062,5911.703616,Bear,30.911661000000095,26.062772999999652
2016-12-12,5911.097505,5918.673892,5881.398066,5911.703616,Bull,7.576387000000068,29.699438999999984
2016-12-13,5912.006671,6014.43943,5908.673061,5987.770546,Bull,102.43275900000026,3.3336099999996804
2016-12-14,5987.770546,6009.590542,5952.616108,5981.103325,Bear,35.15443799999957,21.819996000000174
2016-12-15,5980.80027,6014.742485,5962.010829,5985.346102,Bull,33.94221500000003,18.789440999999897
2016-12-16,5985.043047,6002.620265,5945.039721,5958.374163,Bear,40.003326000000015,17.577217999999448
2016-12-18,5958.980274,5969.284161,5955.949719,5968.071939,Bull,10.303887000000032,3.0305549999993673
2016-12-19,5967.768883,6020.197484,5955.040552,5990.801101,Bull,52.428601000000526,12.728330999999343
2016-12-20,5990.498046,6016.560818,5986.86138,6008.681375,Bull,26.062772000000223,3.6366659999994226
2016-12-21,6008.681375,6012.621097,5985.043047,5991.407212,Bear,23.638328,3.9397220000000743
2016-12-22,5991.407212,6004.135543,5960.495551,5980.80027,Bear,30.911661000000095,12.728331000000253
2016-12-23,5980.80027,5992.92249,5967.465828,5989.588879,Bull,12.122220000000198,13.334441999999399
2016-12-26,5990.801101,5994.134711,5988.376657,5992.316379,Bull,3.3336099999996804,2.4244440000002214
2016-12-27,5992.013323,6054.442756,5988.679713,6024.440261,Bull,62.429433000000245,3.3336099999996804
2016-12-28,6024.743317,6035.95637,5962.313884,5968.374994,Bear,62.429433000000245,11.21305299999949
2016-12-29,5968.374994,5988.376657,5941.403055,5982.315547,Bull,20.001663000000008,26.97193900000002
2016-12-30,5982.315547,5982.618603,5879.276677,5894.126397,Bear,103.03887000000032,0.3030559999997422
2017-01-02,5911.703616,5936.857222,5911.703616,5932.917501,Bull,25.153605999999854,0.0
2017-01-03,5933.220556,5973.223882,5916.855559,5958.071107,Bull,40.003326000000015,16.364997000000585
2017-01-04,5958.071107,5991.407212,5951.403886,5978.07277,Bull,33.336105000000316,6.667220999999699
2017-01-05,5978.678881,6017.77304,5964.738328,6015.045541,Bull,39.09415900000022,13.940552999999454
2017-01-06,6015.045541,6082.323862,6003.529432,6066.868031,Bull,67.27832099999978,11.516109000000142
2017-01-08,6066.564976,6078.081085,6064.140532,6077.474974,Bull,11.516109000000142,2.424443999999312
2017-01-09,6077.474974,6096.870526,6065.049698,6075.656641,Bear,12.42527599999994,19.395551999999952
2017-01-10,6075.656641,6118.084411,6072.626086,6096.264415,Bull,42.42777000000024,3.0305549999993673
2017-01-11,6096.264415,6119.599688,6070.201642,6104.749969,Bull,23.335273000000598,26.062772999999652
2017-01-12,6104.446913,6112.326356,6049.290812,6109.598857,Bull,7.87944299999981,55.15610099999958
2017-01-13,6110.204968,6137.783018,6105.053024,6134.449407,Bull,27.578050000000076,5.151944000000185
2017-01-15,6129.297464,6132.631074,6120.508855,6123.53941,Bear,8.788609000000179,3.3336099999996804
2017-01-16,6123.53941,6128.691353,6114.7508,6121.418021,Bear,8.788610000000517,5.1519429999998465
2017-01-17,6121.418021,6130.509686,6091.415527,6128.994408,Bull,9.09166499999992,30.002494000000297
2017-01-18,6128.691353,6132.631074,6102.325525,6123.842465,Bear,26.365827999999965,3.939720999999736
2017-01-19,6123.53941,6151.723571,6105.35608,6137.783018,Bull,28.18416100000013,18.18333000000075
2017-01-20,6137.479962,6161.724402,6115.356911,6135.055518,Bear,22.123051000000487,24.244439999999486
2017-01-22,6132.631074,6133.540241,6108.992746,6112.932467,Bear,23.638328,0.9091669999997976
2017-01-23,6112.932467,6145.662461,6097.779692,6136.26774,Bull,32.72999400000026,15.152774999999565
2017-01-24,6136.26774,6188.393286,6134.146352,6186.878009,Bull,52.12554600000021,2.1213880000004792
2017-01-25,6187.181064,6262.035772,6187.181064,6257.186884,Bull,74.85470799999985,0.0
2017-01-26,6256.883829,6265.369383,6229.91189,6241.124943,Bear,26.97193900000002,8.485553999999865
2017-01-27,6241.731054,6264.157161,6237.488277,6261.126606,Bull,22.42610700000023,4.242776999999478
2017-01-29,6238.397444,6246.276887,6234.154667,6244.155498,Bull,7.87944299999981,4.2427770000003875
2017-01-30,6244.155498,6248.398275,6175.664955,6195.969674,Bear,68.49054299999989,4.242776999999478
2017-01-31,6195.666618,6224.759946,6162.027458,6219.304947,Bull,29.09332799999993,33.63916000000063
2017-02-01,6219.304947,6252.944108,6206.576616,6207.182727,Bear,12.728330999999343,33.63916100000006
2017-02-02,6207.485783,6252.034941,6205.970505,6211.122449,Bull,44.54915799999981,1.515277999999853
2017-02-03,6211.122449,6257.792995,6211.122449,6252.641052,Bull,46.670545999999376,0.0
2017-02-05,6251.731886,6255.065496,6237.791333,6245.36772,Bear,13.940552999999454,3.33361000000059
2017-02-06,6245.064665,6259.308273,6231.124112,6254.76244,Bull,14.243607999999767,13.940552999999454
2017-02-07,6254.76244,6293.8566,6251.731886,6280.522158,Bull,39.09415999999965,3.0305540000008477
2017-02-08,6280.825213,6299.91771,6259.308273,6291.432156,Bull,19.09249699999964,21.51694000000043
2017-02-09,6291.735211,6330.829371,6291.1291,6329.617149,Bull,39.09415999999965,0.6061110000000554
2017-02-10,6329.617149,6342.951591,6315.979651,6336.587425,Bull,13.334442000000308,13.63749800000005
2017-02-12,6339.011869,6349.012701,6335.981314,6343.557702,Bull,10.000831999999718,3.0305550000002768
2017-02-13,6343.254646,6378.106029,6337.193536,6368.408253,Bull,34.85138299999926,6.0611100000005536
2017-02-14,6369.014364,6406.593245,6351.7402,6400.532135,Bull,37.578881000000365,17.274163999999473
2017-02-15,6400.835191,6441.141572,6382.651861,6438.717128,Bull,40.30638100000033,18.18332999999984
2017-02-16,6438.717128,6445.384349,6410.836022,6423.261298,Bear,27.881105999999818,6.667220999999699
2017-02-17,6423.261298,6459.627958,6408.714634,6459.324902,Bull,36.36665999999968,14.546664000000419
2017-02-19,6453.263792,6460.84018,6449.627126,6459.021847,Bull,7.5763880000004065,3.6366659999994226
2017-02-20,6459.021847,6479.932676,6457.809625,6468.113512,Bull,20.910829000000376,1.2122220000001107
2017-02-21,6467.810456,6489.933508,6463.264624,6484.781564,Bull,22.123051999999916,4.545831999999791
2017-02-22,6484.781564,6492.054896,6468.719623,6486.296842,Bull,7.273331999999755,16.061940999999933
2017-02-23,6486.296842,6499.025173,6437.807962,6452.657681,Bear,48.48887999999988,12.728331000000253
2017-02-24,6452.960737,6478.720454,6423.564353,6476.599066,Bull,25.75971699999991,29.39638400000058
2017-02-26,6473.265455,6488.41823,6469.931845,6479.932676,Bull,15.152775000000474,3.3336099999996804
2017-02-27,6479.932676,6485.993786,6452.960737,6477.811288,Bear,26.97193900000002,6.061109999999644
2017-02-28,6477.811288,6485.690731,6445.384349,6472.659344,Bear,32.42693899999995,7.87944299999981
2017-03-01,6472.659344,6545.998775,6468.719623,6527.209334,Bull,73.33943100000033,3.939720999999736
2017-03-02,6526.906278,6538.422387,6479.629621,6484.478509,Bear,47.27665700000034,11.516108999999233
2017-03-03,6484.781564,6513.874892,6478.417399,6512.965726,Bull,29.09332799999993,6.364164999999957
2017-03-05,6508.419893,6515.087114,6482.054065,6494.47934,Bear,26.365827999999965,6.667220999999699
2017-03-06,6494.176285,6508.419893,6472.053233,6500.843506,Bull,14.243608000000677,22.123051999999916
2017-03-07,6500.843506,6514.784058,6465.689068,6474.477677,Bear,35.15443800000048,13.940552000000025
2017-03-08,6474.174622,6518.420724,6474.174622,6499.631284,Bull,44.246101999999155,0.0
2017-03-09,6499.328228,6524.178779,6467.810456,6522.966557,Bull,24.85055099999954,31.51777200000015
2017-03-10,6522.966557,6539.925059,6500.859939,6525.3892,Bull,16.958502000000408,22.1066179999998
2017-03-12,6524.783539,6525.69203,6512.064663,6520.846744,Bear,12.71887599999991,0.90849100000014
2017-03-13,6520.846744,6541.742041,6517.51561,6539.016568,Bull,20.895297000000028,3.33113400000002
2017-03-14,6539.016568,6541.13638,6496.923144,6531.748638,Bear,42.093423999999686,2.1198119999999108
2017-03-15,6531.748638,6579.293009,6516.909949,6575.356214,Bull,47.544370999999956,14.838689000000159
2017-03-16,6575.659044,6589.589242,6543.861854,6560.517525,Bear,31.797190000000228,13.930198000000019
2017-03-17,6560.517525,6571.722249,6549.00997,6552.341105,Bear,11.507555000000139,11.20472400000017
2017-03-19,6549.918461,6552.038274,6536.291094,6541.439211,Bear,13.62736700000005,2.11981299999934
2017-03-20,6541.13638,6583.229804,6540.83355,6575.659044,Bull,42.093423999999686,0.3028299999996307
2017-03-21,6575.659044,6590.800564,6438.174048,6452.407077,Bear,137.48499600000014,15.141520000000128
2017-03-22,6452.709907,6515.092967,6441.505183,6508.430698,Bull,62.383059999999205,11.20472400000017
2017-03-23,6508.733529,6513.881645,6477.239168,6503.282582,Bear,31.494361000000026,5.1481160000003
2017-03-24,6503.282582,6535.079772,6477.541999,6508.430698,Bull,31.797190000000228,25.740582999999788
2017-03-26,6492.683518,6492.986349,6459.372175,6468.759918,Bear,33.3113429999994,0.3028309999999692
2017-03-27,6468.457087,6531.142977,6441.202352,6528.114674,Bull,62.685890000000654,27.254734999999528
2017-03-28,6528.114674,6571.116589,6496.923144,6558.700543,Bull,43.001914999999826,31.191530000000057
2017-03-29,6559.003373,6602.913779,6546.890158,6591.709055,Bull,43.910406000000876,12.1132149999994
2017-03-30,6592.011885,6598.976984,6573.236401,6578.687348,Bear,18.77548399999978,6.965099000000009
2017-03-31,6578.384518,6605.033592,6566.574133,6584.441126,Bull,26.649073999999928,11.81038499999977
2017-04-02,6585.652447,6594.737359,6580.807161,6591.406225,Bull,9.084911999999349,4.8452860000006694
2017-04-03,6591.709055,6607.759066,6545.073175,6575.659044,Bear,46.635879999999815,16.05001099999936
2017-04-04,6575.356214,6599.279815,6549.312801,6589.892073,Bull,23.923600999999508,26.043413000000328
2017-04-05,6589.892073,6639.556256,6529.023165,6542.650532,Bear,60.868908000000374,49.664182999999866
2017-04-06,6542.650532,6586.258108,6520.241083,6553.855257,Bull,43.607576000000336,22.409448999999768
2017-04-07,6553.855257,6584.743956,6541.13638,6566.271302,Bull,30.888699000000088,12.718877000000248
2017-04-09,6566.271302,6582.018483,6561.728847,6576.870366,Bull,15.747180999999728,4.542454999999791
2017-04-10,6576.870366,6594.131698,6548.101479,6560.517525,Bear,28.768887000000177,17.26133200000004
2017-04-11,6560.214695,6570.813758,6490.260875,6529.628826,Bear,69.95381999999972,10.59906300000057
2017-04-12,6529.325995,6556.58073,6493.289179,6508.430698,Bear,36.03681599999982,27.254734999999528
2017-04-13,6508.127868,6540.530719,6477.541999,6489.655214,Bear,30.585868999999548,32.40285100000074
2017-04-16,6483.901437,6490.866536,6477.844829,6485.112758,Bull,6.965099000000009,6.056608000000779
2017-04-17,6485.112758,6545.678836,6484.809928,6541.13638,Bull,60.566077999999834,0.30283000000054017
2017-04-18,6541.439211,6547.495818,6511.459002,6537.199585,Bear,29.980209000000286,6.05660700000044
2017-04-19,6537.199585,6578.384518,6529.023165,6542.347702,Bull,41.184932999999546,8.17642000000069
2017-04-20,6542.347702,6607.456235,6540.227889,6599.279815,Bull,65.10853299999962,2.1198130000002493
2017-04-21,6599.279815,6607.456235,6574.447723,6584.743956,Bear,24.832091999999648,8.17641999999978
2017-04-23,6627.14021,6661.662875,6627.14021,6646.824186,Bull,34.522665000000416,0.0
2017-04-24,6647.127016,6678.015716,6646.218525,6676.804394,Bull,30.888699999999517,0.90849100000014
2017-04-25,6676.804394,6731.616694,6673.47326,6724.651595,Bull,54.812300000000505,3.33113400000002
2017-04-26,6724.954426,6737.976132,6703.756299,6711.629889,Bear,21.198127000000568,13.02170599999954
2017-04-27,6711.629889,6782.189369,6705.270451,6768.864832,Bull,70.5594799999999,6.3594379999995
2017-04-28,6768.864832,6780.675217,6749.180857,6760.385581,Bear,19.68397499999992,11.81038499999977
2017-04-30,6760.385581,6770.681814,6751.30067,6768.562002,Bull,10.29623300000003,9.08491099999992
2017-05-01,6768.562002,6828.522418,6768.259171,6822.768641,Bull,59.960415999999896,0.3028309999999692
2017-05-02,6822.16298,6833.973365,6803.084666,6809.444104,Bear,19.07831400000032,11.81038499999977
2017-05-03,6809.141274,6820.951659,6790.66862,6809.444104,Bull,11.810385000000679,18.47265399999924
2017-05-04,6809.444104,6824.585623,6787.943146,6804.598818,Bear,21.500958000000537,15.14151899999979
2017-05-05,6804.598818,6843.361107,6802.781835,6842.755447,Bull,38.76228899999933,1.8169830000006186
2017-05-07,6853.960171,6856.685645,6829.73374,6837.60733,Bear,24.226431000000048,2.725473999999849
2017-05-08,6837.3045,6851.537528,6825.191284,6847.903563,Bull,14.23302799999965,12.113215999999738
2017-05-09,6847.903563,6889.694157,6846.692242,6871.827164,Bull,41.790594000000056,1.2113209999997707
2017-05-10,6871.827164,6880.003584,6853.960171,6871.221503,Bear,17.866993000000548,8.17641999999978
2017-05-11,6871.524334,6873.644146,6827.311097,6859.108288,Bear,44.213236999999936,2.1198119999999108
2017-05-12,6859.108288,6892.1168,6851.840358,6891.81397,Bull,33.00851199999943,7.2679299999999785
2017-05-14,6891.81397,6901.504542,6888.785666,6896.053595,Bull,9.69057199999952,3.0283040000003894
2017-05-15,6896.659256,6912.406436,6883.334719,6905.744167,Bull,15.747180000000299,13.32453699999951
2017-05-16,6905.744167,6937.541358,6884.848871,6902.413033,Bear,20.89529599999969,31.797191000000566
2017-05-17,6902.715863,6915.131909,6751.6035,6779.766726,Bear,151.1123630000002,12.416045999999369
2017-05-18,6779.766726,6842.149786,6723.440274,6819.740337,Bull,62.383060000000114,56.326452000000245
2017-05-19,6820.043168,6876.066789,6816.712033,6850.326206,Bull,56.023621000000276,3.3311350000003586
2017-05-21,6847.297902,6860.92527,6845.48092,6857.896966,Bull,13.627367999999478,1.81698200000028
2017-05-22,6858.199796,6911.497945,6842.452616,6903.321524,Bull,53.298149000000194,15.747180000000299
2017-05-23,6903.321524,6926.942295,6894.236613,6914.829079,Bull,23.620770999999877,9.08491099999992
2017-05-24,6914.829079,6970.24704,6912.709266,6965.401754,Bull,55.417961000000105,2.1198130000002493
2017-05-25,6965.704584,7020.214054,6953.894199,7007.495178,Bull,54.509469999999965,11.81038499999977
2017-05-26,7007.192347,7021.425376,6992.656489,7020.214054,Bull,14.233028999999988,14.53585800000019
2017-05-28,7017.18575,7029.904626,7016.580089,7024.150849,Bull,12.71887599999991,0.6056609999995999
2017-05-29,7024.150849,7028.087644,7005.678195,7015.671598,Bear,18.47265399999924,3.9367950000005294
2017-05-30,7015.671598,7028.996135,6999.318757,7021.122545,Bull,13.324537000000419,16.3528409999999
2017-05-31,7021.425376,7048.982941,6981.754595,7033.235761,Bull,27.557565000000068,39.670780999999806
2017-06-01,7032.93293,7077.448997,7002.044231,7073.815033,Bull,44.516067000000476,30.888699000000088
2017-06-02,7074.117863,7130.747146,7057.462192,7128.930163,Bull,56.629282999999305,16.65567100000044
2017-06-04,7120.148082,7125.296199,7116.514117,7122.873556,Bull,5.148117000000639,3.6339649999999892
2017-06-05,7122.570725,7136.198093,7113.788644,7121.056573,Bear,8.78208099999938,13.627368000000388
2017-06-06,7121.056573,7138.620736,7084.414096,7108.640527,Bear,36.64247699999942,17.564163000000008
2017-06-07,7108.640527,7131.958467,7081.082962,7129.232994,Bull,23.317940000000817,27.55756499999916
2017-06-08,7129.535824,7144.071683,7090.470704,7127.416011,Bear,39.0651199999993,14.535859000000528
2017-06-09,7127.416011,7145.862801,6857.367112,6950.508278,Bear,270.04889900000035,18.446789999999964
2017-06-11,6950.508278,6955.951593,6934.48074,6936.295178,Bear,16.027538000000277,5.443314999999529
2017-06-12,6936.295178,6938.109616,6826.219255,6934.48074,Bear,110.07592300000033,1.8144379999994271
2017-06-13,6934.783146,6977.724852,6914.219512,6959.278063,Bull,42.94170600000052,20.563634000000093
2017-06-14,6958.975657,7002.522176,6879.140372,6901.518444,Bear,79.83528500000011,43.546519000000444
2017-06-15,6901.518444,6928.130206,6823.800004,6923.896516,Bull,26.611761999999544,77.71844000000056
2017-06-16,6924.198923,6927.222987,6847.690108,6884.886093,Bear,76.50881500000014,3.0240640000001804
2017-06-18,6887.910157,6909.683417,6874.604276,6905.147321,Bull,21.773259999999937,13.305881000000227
2017-06-19,6905.147321,6995.264423,6901.518444,6992.542765,Bull,90.11710199999925,3.6288770000001023
2017-06-20,6992.845171,6996.474048,6911.800261,6920.26764,Bear,81.04490999999962,3.6288770000001023
2017-06-21,6920.26764,7023.993029,6893.655878,7018.247308,Bull,103.72538900000018,26.611762000000454
2017-06-22,7018.247308,7033.367627,6980.44651,7008.267897,Bear,37.80079800000021,15.120318999999654
2017-06-23,7007.965491,7034.577252,6971.071912,7022.480997,Bull,26.611761000000115,36.89357899999959
2017-06-25,7019.456933,7038.810942,7010.082335,7036.39169,Bull,19.354008999999678,9.374598000000333
2017-06-26,7036.694097,7078.728584,6977.12004,6992.845171,Bear,59.57405699999981,42.03448700000081
2017-06-27,6993.147578,6993.147578,6834.384227,6847.690108,Bear,158.7633510000005,0.0
2017-06-28,6847.387702,6986.797044,6812.610968,6978.329665,Bull,139.40934199999992,34.77673400000003
2017-06-29,6978.632072,6981.958542,6775.112577,6823.195191,Bear,203.51949500000046,3.326469999999972
2017-06-30,6823.497598,6878.535559,6807.167653,6843.456419,Bull,55.037960999999996,16.329944999999498
2017-07-02,6844.061232,6863.112834,6841.944387,6855.552674,Bull,19.051601999999548,2.116845000000467
2017-07-03,6855.552674,6883.676468,6736.102153,6748.198409,Bear,119.45052099999975,28.12379400000009
2017-07-04,6749.105628,6796.281023,6725.820336,6751.524879,Bull,47.1753949999993,23.28529200000048
2017-07-05,6751.827285,6855.855081,6736.40456,6823.800004,Bull,104.0277959999994,15.422725000000355
2017-07-06,6823.497598,6834.384227,6749.710441,6777.834234,Bear,73.78715699999975,10.88662899999963
2017-07-07,6778.439047,6866.439304,6763.621134,6843.154013,Bull,88.0002570000006,14.817912999999862
2017-07-09,6850.109359,6877.62834,6841.641981,6867.951336,Bull,27.518981000000167,8.46737800000028
2017-07-10,6867.648929,6908.776197,6834.384227,6894.865504,Bull,41.127268000000186,33.2647020000004
2017-07-11,6895.16791,6923.59411,6855.552674,6916.638763,Bull,28.42619999999988,39.61523600000055
2017-07-12,6916.94117,7023.388216,6913.614699,7014.618431,Bull,106.44704600000023,3.3264710000003106
2017-07-13,7014.316025,7030.343563,6988.309076,7014.013618,Bear,26.00694900000053,16.027538000000277
2017-07-14,7014.316025,7073.587675,7001.010144,7072.680456,Bull,59.27164999999968,13.305881000000227
2017-07-16,7068.446767,7086.893556,7068.144361,7076.309333,Bull,18.446788999999626,0.30240600000070117
2017-07-17,7076.611739,7092.941684,7053.628854,7079.635803,Bull,16.329945000000407,22.98288500000035
2017-07-18,7079.635803,7142.838737,7040.322973,7138.907454,Bull,63.202933999999914,39.31282999999985
2017-07-19,7139.20986,7167.031247,7127.416011,7161.890339,Bull,27.82138699999996,11.793848999999682
2017-07-20,7162.192745,7183.361192,7133.161733,7156.447024,Bear,29.031012000000374,21.168447000000015
2017-07-21,7156.74943,7172.474562,7125.299167,7164.611996,Bull,15.725132000000485,31.450262999999723
2017-07-23,7160.075901,7163.402371,7142.838737,7150.09649,Bear,17.23716400000012,3.326469999999972
2017-07-24,7150.09649,7203.017607,7143.141143,7173.986594,Bull,52.92111699999987,6.955347000000074
2017-07-25,7173.684188,7192.73579,7155.842211,7170.357718,Bear,17.841977000000043,19.051601999999548
2017-07-26,7170.660124,7242.632843,7169.752905,7236.887122,Bull,71.97271900000032,0.9072189999997136
2017-07-27,7237.189528,7252.612253,7069.958799,7107.154784,Bear,167.23072899999988,15.422725000000355
2017-07-28,7107.45719,7158.866275,7076.309333,7152.515741,Bull,51.40908500000023,31.14785699999993
2017-07-30,7148.886864,7151.306116,7133.464139,7144.350769,Bear,15.422725000000355,2.4192519999996875
2017-07-31,7144.048362,7177.313064,7100.80425,7145.560394,Bull,33.26470199999949,43.244112000000314
2017-08-01,7145.257988,7189.711726,7110.78366,7188.5021,Bull,44.45373800000016,34.47432800000024
2017-08-02,7188.804507,7194.247822,7083.869492,7148.886864,Bear,104.93501500000002,5.443315000000439
2017-08-03,7148.584458,7166.426435,7109.271628,7125.601573,Bear,39.31282999999985,17.841977000000043
2017-08-04,7125.903979,7151.306116,7105.642752,7133.161733,Bull,25.40213700000004,20.261226999999963
2017-08-06,7136.790609,7162.192745,7134.371358,7161.285526,Bull,25.40213600000061,2.419250999999349
2017-08-07,7161.285526,7182.453973,7136.488203,7172.776969,Bull,21.168447000000015,24.79732299999978
2017-08-08,7172.776969,7224.790866,7117.739007,7131.347294,Bear,55.037961999999425,52.013897000000725
2017-08-09,7131.347294,7166.426435,7090.522433,7143.141143,Bull,35.07914100000016,40.824861000000055
2017-08-10,7143.44355,7150.398896,6970.164693,6979.236884,Bear,173.27885700000024,6.955345999999736
2017-08-11,6979.841697,7071.168424,6968.652661,7060.886607,Bull,91.32672700000057,11.18903599999976
2017-08-13,7060.886607,7110.178848,7060.886607,7096.872967,Bull,49.292240999999194,0.0
2017-08-14,7096.872967,7191.223758,7093.848903,7174.893813,Bull,94.35079099999984,3.0240640000001804
2017-08-15,7175.19622,7178.220283,7131.347294,7147.374833,Bear,43.848925999999665,3.024062999999842
2017-08-16,7147.374833,7196.667073,7139.20986,7155.842211,Bull,49.292239999999765,8.164972999999918
2017-08-17,7155.842211,7165.519215,6999.498112,7033.367627,Bear,156.34409899999991,9.677004000000125
2017-08-18,7033.06522,7058.16495,6982.563355,7012.19918,Bear,50.50186500000018,25.09972999999991
2017-08-20,7021.876184,7036.089284,6996.776454,7010.082335,Bear,25.09972999999991,14.21309999999994
2017-08-21,7010.082335,7040.020567,6958.068438,7037.601316,Bull,29.938231999999516,52.013896999999815
2017-08-22,7037.29891,7117.436601,7021.876184,7099.594624,Bull,80.1376909999999,15.422726000000694
2017-08-23,7099.897031,7108.969222,7050.907197,7071.168424,Bear,48.98983399999997,9.072190999999293
2017-08-24,7071.168424,7105.642752,7019.759339,7065.120297,Bear,51.40908500000023,34.47432799999933
2017-08-25,7065.422703,7105.340345,7035.786878,7046.371101,Bear,29.635825000000295,39.91764199999943
2017-08-27,7039.718161,7051.51201,7022.480997,7036.996503,Bear,17.23716400000012,11.793849000000591
2017-08-28,7037.29891,7083.567086,7001.614957,7023.08581,Bear,35.683953000000656,46.268175999999585
2017-08-29,7023.08581,7112.295692,6988.309076,7110.178848,Bull,89.2098820000001,34.77673400000003
2017-08-30,7110.481254,7197.271886,7091.429652,7191.828571,Bull,86.79063200000019,19.051602000000457
2017-08-31,7192.130977,7258.962787,7182.756379,7255.938724,Bull,66.83181000000059,9.374597999999423
2017-09-01,7255.938724,7281.643266,7225.395679,7241.423217,Bear,30.543044999999438,25.7045420000004
2017-09-03,7204.832045,7218.440332,7193.038196,7212.997017,Bull,13.608287000000018,11.793848999999682
2017-09-04,7212.997017,7236.282309,7200.295949,7229.326962,Bull,23.28529200000048,12.701067999999395
2017-09-05,7229.326962,7239.306373,7124.089541,7183.966005,Bear,105.23742099999981,9.979411000000255
2017-09-06,7184.268411,7216.323488,7147.979645,7195.155041,Bull,32.05507699999998,36.28876599999967
2017-09-07,7194.852634,7235.37509,7187.897288,7213.904237,Bull,40.52245599999969,6.955345999999736
2017-09-08,7213.904237,7214.206263,7146.250289,7159.23743,Bear,67.65394800000013,0.30202600000029634
2017-09-10,7180.681316,7203.031281,7178.56713,7198.198856,Bull,22.34996499999943,2.1141859999997905
2017-09-11,7198.198856,7248.939317,7194.574537,7239.576494,Bull,50.74046100000032,3.6243189999995593
2017-09-12,7239.87852,7263.436591,7218.736661,7248.939317,Bull,23.558070999999472,21.141859000000295
2017-09-13,7248.939317,7263.134565,7228.703538,7251.053503,Bull,14.195247999999992,20.235779000000548
2017-09-14,7251.355529,7255.885928,7185.815767,7212.092077,Bear,65.53976200000034,4.530398999999306
2017-09-15,7212.394104,7267.664963,7200.615068,7245.919051,Bull,55.2708590000002,11.779035999999905
2017-09-17,7247.731211,7262.228485,7244.408918,7260.114299,Bull,14.49727399999938,3.3222930000001725
2017-09-18,7260.416326,7270.685229,7209.071812,7233.535963,Bear,51.344513999999435,10.268903000000137
2017-09-19,7233.535963,7254.375795,7218.434635,7239.87852,Bull,20.83983199999966,15.101328000000649
2017-09-20,7239.87852,7249.241343,7164.673908,7214.50829,Bear,75.20461200000045,9.36282299999948
2017-09-21,7214.810316,7223.569086,7141.115837,7154.102979,Bear,73.69447899999977,8.758770000000368
2017-09-22,7153.800952,7180.077263,7146.552315,7171.620519,Bull,26.276311000000533,7.24863699999969
2017-09-24,7164.975935,7193.366431,7163.465802,7170.110386,Bull,28.390495999999985,1.5101330000006783
2017-09-25,7170.110386,7172.828625,7057.756508,7097.01996,Bear,112.3538779999999,2.7182389999998122
2017-09-26,7096.717934,7142.927996,7086.751057,7125.410456,Bull,46.21006200000011,9.96687699999984
2017-09-27,7125.410456,7203.93736,7123.29627,7184.607661,Bull,78.52690400000029,2.1141859999997905
2017-09-28,7184.305634,7186.117794,7141.417864,7177.056997,Bear,42.88777000000027,1.8121599999994942
2017-09-29,7177.359024,7231.11975,7167.694174,7224.475166,Bull,53.76072599999952,9.664850000000115
2017-10-01,7229.307591,7248.033237,7227.193405,7236.858255,Bull,18.72564599999987,2.1141859999997905
2017-10-02,7236.858255,7260.416326,7198.500882,7239.576494,Bull,23.558070999999472,38.357372999999825
2017-10-03,7239.87852,7254.375795,7223.871113,7243.804865,Bull,14.497274999999718,16.007407000000057
2017-10-04,7243.804865,7267.362937,7223.871113,7254.979848,Bull,23.55807199999981,19.933751999999913
2017-10-05,7254.979848,7332.902699,7251.657556,7328.674327,Bull,77.92285100000026,3.322291999999834
2017-10-06,7328.674327,7335.016885,7293.941273,7328.3723,Bear,34.733053999999356,6.342558000000281
2017-10-08,7324.143929,7343.171602,7320.51961,7338.641203,Bull,19.027673000000505,3.6243189999995593
2017-10-09,7338.641203,7350.118212,7314.781106,7331.996619,Bear,23.86009699999977,11.47700900000018
2017-10-10,7331.694593,7355.55469,7295.753433,7331.392566,Bear,35.94116000000031,23.86009699999977
2017-10-11,7331.694593,7352.534425,7312.968946,7348.004026,Bull,20.83983199999966,18.725647000000208
2017-10-12,7348.306053,7365.823593,7328.976354,7346.493894,Bear,19.32969899999989,17.517539999999826
2017-10-13,7346.493894,7374.280337,7336.224991,7368.843859,Bull,27.786442999999963,10.268903000000137
2017-10-15,7371.260071,7387.569505,7368.239806,7381.226947,Bull,16.309434000000692,3.0202650000001086
2017-10-16,7381.226947,7399.650567,7367.031699,7393.912063,Bull,18.423619999999573,14.195247999999992
2017-10-17,7393.912063,7404.180965,7375.488443,7400.858673,Bull,10.268901999999798,18.423619999999573
2017-10-18,7401.1607,7409.01339,7379.112761,7390.287744,Bear,22.047939000000042,7.852689999999711
2017-10-19,7390.287744,7405.087045,7310.552734,7389.985717,Bear,79.73501000000033,14.799301000000014
2017-10-20,7389.985717,7398.442461,7372.468177,7380.622894,Bear,17.517539999999826,8.456744000000072
2017-10-22,7380.924921,7403.274886,7377.904655,7380.320868,Bear,3.0202659999995376,22.34996500000034
2017-10-23,7380.320868,7398.744487,7321.727716,7335.620938,Bear,58.59315199999946,18.423619000000144
2017-10-24,7335.620938,7360.387115,7317.499344,7333.808778,Bear,18.121594000000186,24.766177000000425
2017-10-25,7333.808778,7354.346584,7261.926459,7327.466221,Bear,71.88231899999937,20.537806000000273
2017-10-26,7327.466221,7373.97831,7290.921008,7370.958044,Bull,46.51208900000074,36.54521299999942
2017-10-27,7370.958044,7521.367268,7361.897248,7507.776073,Bull,150.409224,9.060795999999755
2017-10-29,7501.735542,7518.347003,7495.090958,7501.735542,Bear,6.644584000000577,16.611460999999508
2017-10-30,7502.339595,7552.476003,7492.976772,7531.938198,Bull,50.13640799999939,9.36282300000039
2017-10-31,7531.938198,7573.919889,7524.68956,7570.29557,Bull,41.981690999999955,7.248638000000028
2017-11-01,7570.597597,7592.343508,7491.164613,7520.763215,Bear,79.43298400000003,21.74591099999998
2017-11-02,7521.065242,7566.369225,7481.197737,7554.590189,Bull,45.3039830000007,39.867504999999255
2017-11-03,7554.892216,7607.14281,7533.750357,7597.175933,Bull,52.25059400000009,21.141859000000295
2017-11-05,7593.249588,7609.559022,7572.409756,7586.90703,Bear,20.83983199999966,16.309434000000692
2017-11-06,7586.90703,7644.594102,7586.90703,7643.083969,Bull,57.687071999999716,0.0
2017-11-07,7643.688023,7649.124501,7606.538756,7627.680615,Bear,37.14926699999978,5.436478000000534
2017-11-08,7627.680615,7673.286625,7620.431978,7652.446793,Bull,45.606009999999515,7.248637000000599
2017-11-09,7652.446793,7659.997456,7544.321286,7634.627226,Bear,108.12550699999974,7.550662999999986
2017-11-10,7634.929252,7634.929252,7588.115137,7620.129951,Bear,46.81411500000013,0.0
2017-11-12,7626.170482,7639.459651,7623.75427,7626.170482,Bear,2.416212000000087,13.289168999999674
2017-11-13,7626.472509,7641.27181,7588.115137,7619.827925,Bear,38.357372000000396,14.799301000000014
2017-11-14,7619.525898,7633.117093,7566.067198,7581.772579,Bear,53.458700000000135,13.59119499999997
2017-11-15,7581.470552,7597.779986,7527.407799,7594.155668,Bull,16.309433999999783,54.06275300000016
2017-11-16,7594.155668,7681.743368,7588.417163,7662.111642,Bull,87.58770000000004,5.738505000000259
2017-11-17,7662.413669,7673.588651,7621.338058,7622.84819,Bear,41.0756109999993,11.174982000000455
2017-11-19,7625.566429,7634.627226,7600.498225,7614.693473,Bear,25.06820400000015,9.060796999999184
2017-11-20,7614.693473,7646.406262,7604.122544,7634.023173,Bull,31.712789000000157,10.570929000000433
2017-11-21,7634.023173,7717.382502,7625.566429,7710.737917,Bull,83.3593290000008,8.456743999999162
2017-11-22,7710.435891,7726.141272,7701.979147,7721.00682,Bull,15.705380999999761,8.456744000000072
2017-11-23,7721.00682,7729.463564,7702.583201,7720.704794,Bear,18.423618999999235,8.456744000000072
2017-11-24,7720.704794,7751.209476,7717.684528,7749.397316,Bull,30.504681999999775,3.020266000000447
2017-11-26,7749.09529,7755.437847,7732.785856,7740.638546,Bear,16.309433999999783,6.3425569999999425
2017-11-27,7740.940573,7761.478379,7725.537219,7737.316254,Bear,15.403354000000036,20.537806000000273
2017-11-28,7737.316254,7767.51891,7718.288581,7758.76014,Bull,30.20265599999948,19.027673000000505
2017-11-29,7758.76014,7766.310803,7590.531349,7612.881314,Bear,168.22879100000046,7.550662999999986
2017-11-30,7612.579288,7704.697386,7605.632677,7677.21297,Bull,92.11809799999992,6.946611000000303
2017-12-01,7677.21297,7694.428484,7545.831419,7665.131908,Bear,131.3815509999995,17.21551400000044
2017-12-03,7696.844696,7721.9129,7693.82443,7703.48928,Bull,25.06820400000015,3.020266000000447
2017-12-04,7704.093333,7713.758183,7551.569924,7574.523942,Bear,152.52340899999945,9.664850000000115
2017-12-05,7574.221915,7659.091377,7528.615906,7538.280755,Bear,45.606009000000086,84.86946199999966
2017-12-06,7538.582782,7640.667757,7529.521985,7639.157624,Bull,102.08497499999976,9.060797000000093
2017-12-07,7638.855598,7673.588651,7597.47796,7669.662306,Bull,34.73305299999993,41.37763799999993
2017-12-08,7669.662306,7706.702177,7653.099762,7663.639563,Bear,16.562544000000344,37.03987099999995
2017-12-10,7665.145249,7681.105518,7662.133877,7677.793009,Bull,15.960269000000153,3.0113719999999375
2017-12-11,7678.094147,7742.537499,7659.72478,7736.815893,Bull,64.44335200000023,18.36936700000024
2017-12-12,7736.815893,7737.418167,7688.633947,7708.509,Bear,48.1819459999997,0.6022739999998521
2017-12-13,7708.810137,7754.582985,7706.702177,7731.696561,Bull,45.77284799999961,2.1079600000002756
2017-12-14,7730.793149,7761.810277,7710.014685,7728.082915,Bear,20.778463999999985,31.017127999999502
2017-12-15,7727.781778,7832.878646,7725.372681,7829.566138,Bull,105.09686800000054,2.409096999999747
2017-12-17,7827.15704,7856.367345,7826.554766,7854.560522,Bull,29.210304999999607,0.6022739999998521
2017-12-18,7854.861659,7880.15718,7845.22527,7877.748083,Bull,25.295521000000008,9.636389000000236
2017-12-19,7877.145809,7884.674238,7805.174028,7849.742327,Bear,71.97178099999928,7.52842899999996
2017-12-20,7849.742327,7864.498048,7785.298975,7813.003594,Bear,64.44335200000023,14.755721000000449
2017-12-21,7813.003594,7854.560522,7803.066068,7828.060452,Bull,41.55692799999997,9.937525999999707
2017-12-22,7828.060452,7831.674098,7790.418307,7809.389948,Bear,37.6421449999998,3.613646000000699
2017-12-25,7808.486537,7819.929749,7800.054696,7802.463793,Bear,8.431840999999622,11.44321200000013
2017-12-26,7802.463793,7806.077439,7747.957968,7788.00921,Bear,54.505825000000186,3.6136459999997896
2017-12-27,7788.00921,7800.054696,7759.702317,7781.083055,Bear,28.306892999999945,12.045485999999983
2017-12-28,7781.083055,7802.463793,7760.003454,7767.230746,Bear,21.079601000000366,21.380737999999837
2017-12-29,7767.230746,7790.719444,7688.935084,7691.043044,Bear,78.29566200000045,23.488698000000113
2018-01-01,7715.134017,7737.719304,7710.918097,7735.310207,Bull,22.58528699999988,4.215920000000551
2018-01-02,7735.912481,7859.679854,7706.40104,7855.463933,Bull,123.76737299999968,29.51144100000056
2018-01-03,7855.765071,7948.816453,7852.452562,7947.310767,Bull,93.05138200000056,3.312508999999409
2018-01-04,7947.611904,7971.100602,7933.759595,7962.668762,Bull,23.488698000000113,13.852308999999877
2018-01-05,7962.969899,8035.543955,7960.259665,8029.220074,Bull,72.57405600000038,2.7102340000001277
2018-01-07,8031.629171,8047.890578,8029.521211,8035.845092,Bull,16.261406999999963,2.107959999999366
2018-01-08,8035.845092,8062.345162,8014.163216,8052.106498,Bull,26.50007000000005,21.681875999999647
2018-01-09,8052.106498,8079.208843,8031.026897,8045.782618,Bear,21.079601000000366,27.10234500000024
2018-01-10,8046.384892,8051.805361,7984.0495,8048.492852,Bull,5.4204689999996845,62.335391999999956
2018-01-11,8048.79399,8105.106638,8037.04964,8097.277072,Bull,56.31264800000008,11.74434999999994
2018-01-12,8097.277072,8164.129521,8074.390648,8157.203367,Bull,66.85244899999998,22.88642400000026
2018-01-14,8168.646579,8189.123906,8162.021561,8184.004574,Bull,20.477326999999605,6.625018000000637
2018-01-15,8184.305711,8186.413671,8158.407915,8180.692065,Bear,25.8977960000002,2.1079600000002756
2018-01-16,8180.692065,8246.038829,8105.708913,8149.674938,Bear,74.98315199999979,65.34676399999898
2018-01-17,8150.277212,8234.896754,8132.51012,8199.964843,Bull,84.61954199999946,17.767092000000048
2018-01-18,8199.964843,8236.703577,8186.112534,8207.79441,Bull,36.73873400000048,13.852308999999877
2018-01-19,8207.79441,8259.590001,8203.277352,8251.15816,Bull,51.79559100000006,4.517058000001271
2018-01-21,8227.970599,8243.328594,8220.141033,8241.220634,Bull,15.357995000000301,7.829566000000341
2018-01-22,8240.919497,8368.300515,8232.186519,8364.686869,Bull,127.38101800000004,8.732978000000003
2018-01-23,8364.988007,8409.255169,8335.175428,8391.186939,Bull,44.2671620000001,29.81257899999946
2018-01-24,8391.186939,8436.959788,8297.232146,8353.544795,Bear,93.95479299999897,45.77284900000086
2018-01-25,8353.243657,8416.482461,8313.79469,8373.11871,Bull,63.23880399999871,39.448967000000266
2018-01-26,8373.11871,8473.397384,8369.806201,8469.783738,Bull,100.27867399999923,3.312509000001228
2018-01-28,8467.976915,8488.755379,8461.05076,8464.062132,Bear,6.9261549999991985,20.778464000000895
2018-01-29,8464.363269,8468.880327,8342.40272,8364.385732,Bear,121.96054899999945,4.517058000001271
2018-01-30,8364.988007,8402.630152,8314.698101,8367.698241,Bull,37.6421449999998,50.289905999999974
2018-01-31,8367.397104,8420.999518,8337.283388,8409.857443,Bull,53.60241400000086,30.11371599999984
2018-02-01,8409.255169,8411.965403,8293.016226,8345.414091,Bear,116.23894300000029,2.7102340000001277
2018-02-02,8346.016366,8359.266401,8133.413531,8134.61808,Bear,212.6028349999997,13.250035000000935
2018-02-04,8133.413531,8141.845372,8082.521351,8129.197611,Bear,50.892179999999826,8.431840999999622
2018-02-05,8128.595337,8207.192135,7540.775602,7740.730676,Bear,587.819735,78.59679799999958
2018-02-06,7742.537499,8043.373521,7658.219094,7928.339126,Bull,300.8360220000004,84.31840499999998
2018-02-07,7929.844812,8091.856603,7817.821788,7913.282268,Bear,112.02302400000008,162.0117909999999
2018-02-08,7912.378856,7972.305151,7574.804101,7632.622436,Bear,337.57475500000055,59.9262949999993
2018-02-09,7631.417887,7775.963723,7424.837796,7740.128401,Bull,144.54583600000024,206.5800909999998
2018-02-11,7750.668202,7774.458038,7726.276092,7767.531883,Bull,23.789835999999923,24.392109999999775
2018-02-12,7768.435294,7910.873171,7739.22499,7848.838916,Bull,142.4378770000003,29.21030400000018
2018-02-13,7848.537779,7915.089091,7794.33309,7909.367485,Bull,66.5513119999996,54.204689000000144
2018-02-14,7909.367485,8109.322559,7776.867135,8100.890718,Bull,199.95507400000042,132.50034999999934
2018-02-15,8100.589581,8245.135417,8034.038269,8222.248993,Bull,144.54583599999933,66.55131200000051
2018-02-16,8221.345582,8262.90251,8145.15788,8168.646579,Bear,76.18770200000017,41.55692799999997
2018-02-18,8170.754539,8214.419427,8169.54999,8211.408055,Bull,43.664888000001156,1.2045489999991332
2018-02-19,8211.408055,8212.612604,8140.640823,8170.453402,Bear,70.76723200000015,1.2045490000000427
2018-02-20,8170.453402,8243.629731,8098.481621,8181.595477,Bull,73.1763290000008,71.97178100000019
2018-02-21,8181.29434,8293.919637,8064.151985,8104.504364,Bear,117.14235499999995,112.6252970000005
2018-02-22,8104.504364,8228.874011,8085.231586,8195.748923,Bull,124.36964699999953,19.27277800000047
2018-02-23,8195.748923,8327.948136,8180.390928,8314.396964,Bull,132.1992130000017,15.357994999999391
2018-02-25,8333.368605,8346.016366,8299.340106,8324.33449,Bear,34.02849900000001,12.647761000000173
2018-02-26,8324.033353,8442.681394,8313.192415,8420.397244,Bull,118.64804099999856,10.840938000001188
2018-02-27,8420.698381,8442.079119,8303.254889,8320.419707,Bear,117.44349200000033,21.380737999999837
2018-02-28,8320.720844,8396.306271,8240.317223,8265.913881,Bear,80.40362099999948,75.58542699999998
2018-03-01,8265.913881,8309.879907,8057.22583,8145.459018,Bear,208.6880510000001,43.966026000000056
2018-03-02,8146.061292,8218.936484,8005.430239,8201.169392,Bull,72.87519199999952,140.63105300000007
2018-03-04,8185.811397,8205.385312,8147.265841,8158.106778,Bear,38.54555600000003,19.573914999999943
2018-03-05,8157.805641,8316.806061,8121.669182,8302.953752,Bull,159.0004199999994,36.136459000000286
2018-03-06,8302.652615,8358.664126,8188.822769,8225.561502,Bear,113.82984600000054,56.01151099999879
2018-03-07,8225.862639,8355.953892,8208.396684,8345.414091,Bull,130.0912529999987,17.465955000001486
2018-03-08,8345.715228,8424.01089,8340.897034,8400.221054,Bull,78.29566200000045,4.818193999999494
2018-03-09,8400.221054,8557.153207,8387.018349,8550.551854,Bull,156.93215299999974,13.202704999999696
2018-03-11,8561.054006,8609.063842,8550.551854,8594.960953,Bull,48.00983599999927,10.502152000000933
2018-03-12,8595.561076,8623.766855,8564.054621,8598.861752,Bull,28.205778999999893,31.506455000000642
2018-03-13,8598.861752,8659.174109,8452.731813,8474.636301,Bear,146.12993900000038,60.31235699999888
2018-03-14,8475.236424,8547.55124,8434.428063,8480.937592,Bull,72.31481600000006,40.80836100000124
2018-03-15,8480.63753,8521.745953,8440.729354,8474.936362,Bear,39.90817600000082,41.108422999999675
2018-03-16,8474.936362,8503.442202,8441.329477,8456.33255,Bear,33.60688500000106,28.505839999999807
2018-03-18,8453.331936,8453.331936,8403.52173,8405.322099,Bear,49.81020600000011,0.0
2018-03-19,8405.322099,8405.322099,8187.177405,8275.695541,Bear,218.14469400000053,0.0
2018-03-20,8275.695541,8315.003595,8237.287672,8308.402242,Bull,39.30805400000099,38.407868999998755
2018-03-21,8308.102181,8342.909312,8212.38257,8270.594496,Bear,95.71961100000044,34.80713099999957
2018-03-22,8270.594496,8281.396709,7914.721584,7957.030252,Bear,355.8729119999998,10.802213000000847
2018-03-23,7957.630375,8067.152815,7824.403079,7859.210211,Bear,133.22729600000002,109.52244000000064
2018-03-25,7861.310641,7936.025949,7831.604555,7923.123305,Bull,74.71530799999982,29.70608600000014
2018-03-26,7922.823244,8186.877344,7864.311256,8163.472549,Bull,264.0541000000003,58.5119880000002
2018-03-27,8162.872426,8220.784291,7789.595948,7846.607629,Bear,373.27647799999977,57.911865000000034
2018-03-28,7846.607629,7898.218203,7706.77898,7776.393243,Bear,139.82864900000004,51.61057400000027
2018-03-29,7776.393243,7986.136216,7734.084575,7886.215744,Bull,209.74297299999944,42.30866800000058
2018-04-01,7870.012424,7907.82017,7859.510272,7877.513961,Bull,37.80774600000041,10.502151999999114
2018-04-02,7876.913838,7885.915682,7593.355742,7702.278058,Bear,283.55809600000066,9.001843999999437
2018-04-03,7702.878181,7797.697608,7623.061828,7733.784513,Bull,94.81942700000036,79.81635300000016
2018-04-04,7733.18439,7960.330929,7569.650885,7954.629761,Bull,227.1465389999994,163.53350500000033
2018-04-05,7954.629761,7987.0364,7783.89478,7832.204678,Bear,170.73498100000052,32.406638999999814
2018-04-06,7833.404924,7920.722814,7691.775907,7749.38771,Bear,141.6290170000002,87.31788999999935
2018-04-08,7757.189309,7823.802957,7753.588571,7813.300805,Bull,66.61364799999956,3.600738000000092
2018-04-09,7812.40062,7949.828777,7764.390784,7919.222506,Bull,137.42815699999937,48.00983600000018
2018-04-10,7918.922445,7983.735724,7852.608858,7915.021646,Bear,66.31358700000055,64.81327899999997
2018-04-11,7915.321707,7997.538552,7862.510887,7937.226195,Bull,82.21684499999992,52.810819999999694
2018-04-12,7937.826318,8034.146052,7909.320478,7986.436277,Bull,96.3197339999997,28.505840000000717
2018-04-13,7986.736339,8057.250786,7929.124535,7972.333388,Bear,57.61180400000012,70.51444699999956
2018-04-15,8010.741257,8039.247097,7983.435662,8004.139904,Bear,27.305594999999812,28.505840000000717
2018-04-16,8004.139904,8086.056688,7968.73265,8084.856442,Bull,81.916784,35.40725399999974
2018-04-17,8084.856442,8218.983922,8070.753552,8210.282139,Bull,134.1274799999992,14.102890000000116
2018-04-18,8209.982078,8242.088656,8157.771381,8236.087426,Bull,32.10657800000081,52.21069699999953
2018-04-19,8235.487303,8236.087426,8107.961175,8145.768922,Bear,127.52612799999952,0.6001230000001669
2018-04-20,8145.768922,8148.769536,7976.83431,8012.541626,Bear,168.93461200000002,3.0006139999995867
2018-04-22,8048.248941,8065.652507,8017.942732,8039.547159,Bear,30.3062089999994,17.403565999999955
2018-04-23,8039.84722,8075.254474,7941.727117,8011.041318,Bear,98.12010299999929,35.40725400000065
2018-04-24,8011.34138,8062.951954,7762.290354,7819.001973,Bear,249.0510260000001,51.61057400000027
2018-04-25,7819.302034,7936.626072,7716.681009,7913.8214,Bull,117.32403799999975,102.62102500000037
2018-04-26,7913.8214,8107.060991,7872.712977,8091.157733,Bull,193.23959100000047,41.108422999999675
2018-04-27,8091.457794,8128.065294,7949.228654,8008.040704,Bear,142.22914000000037,36.60750000000007
2018-04-29,8003.23972,8045.248327,8001.13929,8040.447343,Bull,42.008607000000666,2.1004299999995055
2018-04-30,8040.747405,8063.252015,7916.221892,7944.127609,Bear,124.5255130000005,22.504609999999957
2018-05-01,7944.42767,8089.657425,7896.117773,8051.849679,Bull,145.2297550000003,48.30989700000009
2018-05-02,8052.149741,8077.054843,7948.928593,7964.531789,Bear,103.22114800000054,24.905101999999715
2018-05-03,7964.531789,8009.240949,7847.207752,8000.839228,Bull,44.70916000000034,117.32403699999941
2018-05-04,8000.839228,8147.869352,7934.22558,8136.767077,Bull,147.0301239999999,66.61364799999956
2018-05-06,8136.467016,8199.779987,8128.365356,8198.579742,Bull,63.31297100000029,8.101659999999356
2018-05-07,8198.879803,8223.184783,8158.671565,8196.17925,Bear,40.208238000000165,24.304980000000796
2018-05-08,8196.479311,8206.681401,8126.865049,8187.177405,Bear,69.61426199999914,10.20209000000068
2018-05-09,8187.177405,8305.701689,8171.574209,8301.80089,Bull,118.52428399999917,15.603196000000025
2018-05-10,8301.500828,8367.214292,8279.296279,8362.413308,Bull,65.71346400000039,22.204549000000043
2018-05-11,8362.413308,8377.11632,8315.603718,8350.110788,Bear,46.809589999998934,14.703011999999944
2018-05-13,8351.611095,8394.819948,8351.010972,8393.919763,Bull,43.20885300000009,0.6001230000001669
2018-05-14,8393.31964,8417.924681,8348.310419,8360.612939,Bear,45.00922100000025,24.60504100000071
2018-05-15,8360.312878,8360.913001,8226.78552,8268.494066,Bear,133.5273580000012,0.6001230000001669
2018-05-16,8269.094189,8345.909927,8260.692467,8320.704763,Bull,76.81573800000115,8.4017219999987
2018-05-17,8320.704763,8356.112017,8251.690623,8314.403472,Bear,69.01413999999932,35.40725399999974
2018-05-18,8314.703533,8324.605562,8236.387488,8250.190316,Bear,78.31604499999958,9.902029000000766
2018-05-20,8304.501443,8339.008513,8304.501443,8315.903779,Bull,34.50707000000148,0.0
2018-05-21,8315.603718,8350.110788,8259.492221,8302.100951,Bear,56.11149699999987,34.50706999999966
2018-05-22,8302.100951,8347.410234,8242.688779,8258.291976,Bear,59.41217200000028,45.309283000000505
2018-05-23,8258.291976,8355.511894,8197.379496,8324.005439,Bull,97.21991799999887,60.91248000000087
2018-05-24,8323.705378,8406.222284,8263.993144,8382.217366,Bull,82.51690599999893,59.712234000000535
2018-05-25,8382.517427,8389.11878,8332.707222,8360.012816,Bear,49.81020500000159,6.601353000000017
2018-05-27,8388.518657,8401.721362,8376.816259,8398.120624,Bull,13.202704999999696,11.702398000001267
2018-05-28,8399.32087,8410.123083,8365.413923,8371.715214,Bear,33.90694699999949,10.802213000000847
2018-05-29,8372.015275,8373.215521,8270.294435,8329.106484,Bear,101.72083999999995,1.2002460000003339
2018-05-30,8329.106484,8395.420071,8315.903779,8388.518657,Bull,66.31358700000055,13.202704999999696
2018-05-31,8389.11878,8429.92714,8351.611095,8386.118165,Bear,37.50768500000049,40.808359999999084
2018-06-01,8385.818103,8510.343616,8380.717058,8504.642448,Bull,124.5255130000005,5.101044999999431
2018-06-03,8497.440973,8533.748412,8487.839006,8524.746567,Bull,36.30743900000016,9.601967000000514
2018-06-04,8524.446506,8587.459416,8520.545707,8576.05708,Bull,63.012909999999465,3.900799000000916
2018-06-05,8575.456957,8645.671343,8567.95542,8643.870974,Bull,70.21438599999965,7.5015370000000985
2018-06-06,8643.570912,8675.67749,8572.456342,8671.47663,Bull,32.10657800000081,71.11456999999973
2018-06-07,8671.176568,8682.878966,8541.850071,8574.856834,Bear,129.32649700000002,11.702397999999448
2018-06-08,8574.856834,8598.78305,8495.601243,8583.530087,Bull,23.92621599999984,79.255591000001
2018-06-10,8576.053145,8582.632854,8554.51955,8577.249456,Bull,6.579708999999639,21.533594999998968
2018-06-11,8576.950378,8631.083442,8564.688192,8611.942469,Bull,54.13306399999965,12.262185999999929
2018-06-12,8611.643391,8682.225729,8593.100574,8672.655243,Bull,70.58233800000016,18.54281699999956
2018-06-13,8672.655243,8721.105831,8636.466841,8646.037327,Bear,36.18840199999977,48.45058800000152
2018-06-14,8646.037327,8758.191466,8619.718489,8747.723747,Bull,112.15413900000021,26.318837999999232
2018-06-15,8748.022824,8752.50899,8667.271844,8705.55379,Bear,80.75097999999889,4.486166000000594
2018-06-17,8704.35748,8720.208598,8642.747473,8658.598591,Bear,61.61000700000113,15.851117999998678
2018-06-18,8658.598591,8710.039956,8600.278439,8622.111111,Bear,58.320152000000235,51.44136500000059
2018-06-19,8622.709267,8690.00175,8562.594648,8684.020196,Bull,67.29248299999927,60.11461899999995
2018-06-20,8684.020196,8803.053122,8682.524807,8784.510304,Bull,119.03292599999986,1.4953889999997045
2018-06-21,8784.510304,8792.585402,8639.756696,8662.785679,Bear,144.75360799999908,8.075098000001162
2018-06-22,8662.486601,8701.964858,8611.344314,8636.167763,Bear,51.14228700000058,39.47825699999885
2018-06-24,8640.653929,8640.653929,8588.016253,8607.157226,Bear,52.63767600000028,0.0
2018-06-25,8607.157226,8609.25077,8368.792296,8452.833131,Bear,238.36492999999973,2.093544000001202
2018-06-26,8453.132209,8529.696101,8443.262644,8497.395709,Bull,76.56389200000012,9.869564999999056
2018-06-27,8496.797553,8555.416783,8359.819965,8399.5973,Bear,136.97758799999974,58.61923000000024
2018-06-28,8400.494533,8495.601243,8321.538019,8484.535368,Bull,95.10671000000002,78.95651399999952
2018-06-29,8484.23629,8522.219158,8447.449732,8455.225753,Bear,36.786558000001605,37.982867999999144
2018-07-01,8461.506384,8479.451047,8428.009682,8437.879246,Bear,33.49670200000037,17.94466300000022
2018-07-02,8438.477401,8537.472121,8359.22181,8501.582797,Bull,98.9947200000006,79.255591000001
2018-07-03,8501.582797,8571.566979,8392.120357,8421.130894,Bear,109.46243999999933,69.98418200000015
2018-07-04,8421.429972,8437.28109,8394.812057,8408.270553,Bear,26.61791500000072,15.851118000000497
2018-07-05,8408.270553,8555.416783,8398.400989,8535.378577,Bull,147.1462300000003,9.869564000000537
2018-07-06,8534.780422,8658.598591,8499.489253,8650.523493,Bull,123.81816900000013,35.29116900000008
2018-07-08,8652.317959,8697.179615,8652.018881,8686.11374,Bull,44.86165599999913,0.2990780000000086
2018-07-09,8685.814662,8775.537973,8661.589368,8764.17302,Bull,89.72331099999974,24.22529399999985
2018-07-10,8763.873943,8766.565642,8618.821256,8659.196746,Bear,145.05268700000124,2.691698999999062
2018-07-11,8658.897669,8725.292919,8629.588054,8716.619665,Bull,66.39524999999958,29.30961500000012
2018-07-12,8716.320588,8868.252061,8691.497138,8867.354828,Bull,151.93147299999873,24.823449999999866
2018-07-13,8867.05575,8869.74745,8813.221764,8850.008321,Bear,53.83398599999964,2.6917000000012195
2018-07-15,8852.101865,8869.149294,8844.624922,8853.597254,Bull,17.047429000000193,7.476942999999665
2018-07-16,8853.896331,8864.364051,8746.228358,8764.472098,Bear,107.66797299999962,10.467720000000554
2018-07-17,8764.17302,8897.860754,8724.096608,8886.794879,Bull,133.68773399999918,40.076412000000346
2018-07-18,8886.794879,8888.290267,8830.56827,8855.39172,Bear,56.22660899999937,1.495388000001185
2018-07-19,8855.39172,8861.074196,8793.781713,8822.194095,Bear,61.610006999999314,5.6824759999999515
2018-07-20,8821.895017,8869.149294,8796.174334,8812.025453,Bear,25.720683000001372,47.254277
2018-07-22,8814.418074,8825.783027,8765.668409,8780.323216,Bear,48.74966499999937,11.364953000000241
2018-07-23,8780.323216,8910.122939,8746.826513,8903.54323,Bull,129.79972300000009,33.49670300000071
2018-07-24,8903.244152,8960.068916,8836.848902,8859.877885,Bear,66.39524999999958,56.82476400000087
2018-07-25,8859.877885,9008.220426,8838.942446,8860.476041,Bull,148.34254099999998,20.93543900000077
2018-07-26,8860.775118,8912.515561,8807.24021,8908.926629,Bull,51.740443000000596,53.53490799999963
2018-07-27,8908.926629,8932.852845,8689.403594,8732.769861,Bear,219.52303500000016,23.92621599999984
2018-07-29,8724.694763,8732.769861,8685.216507,8690.599905,Bear,39.47825600000033,8.075098000001162
2018-07-30,8690.898983,8744.134814,8573.660523,8630.186209,Bear,117.23845999999867,53.23583099999996
2018-07-31,8629.887131,8730.676317,8600.577516,8692.693449,Bull,100.78918599999997,29.30961500000012
2018-08-01,8693.291605,8737.555105,8662.486601,8689.104517,Bear,30.805003999999826,44.26349999999911
2018-08-02,8689.104517,8847.017544,8630.485287,8836.549824,Bull,157.9130270000005,58.61923000000024
2018-08-03,8836.549824,8870.644683,8807.539287,8859.877885,Bull,34.094859000000724,29.010537000000113
2018-08-05,8857.784341,8881.710558,8855.989875,8869.448372,Bull,23.92621700000018,1.7944660000011936
2018-08-06,8869.149294,8927.170369,8837.746135,8921.78697,Bull,58.021074999998746,31.403159000001324
2018-08-07,8921.487892,8956.180906,8913.113717,8937.039933,Bull,34.6930140000004,8.374174999999013
2018-08-08,8937.039933,8967.545859,8903.54323,8944.815953,Bull,30.505925999999818,33.49670300000071
2018-08-09,8945.115031,8978.910811,8918.198037,8922.385125,Bear,26.91699399999925,33.79578000000038
2018-08-10,8922.385125,8922.983281,8841.634145,8891.281044,Bear,80.75098000000071,0.5981560000000172
2018-08-12,8883.205946,8885.598568,8826.68026,8834.157203,Bear,56.52568600000086,2.392621999999392
2018-08-13,8834.456281,8947.208575,8831.465503,8897.561676,Bull,112.75229399999989,2.990778000001228
2018-08-14,8897.561676,8930.460223,8849.111088,8908.627551,Bull,32.89854700000069,48.4505879999997
2018-08-15,8908.328473,8922.684203,8752.808067,8853.597254,Bear,155.52040599999964,14.355730000001131
2018-08-16,8853.896331,8893.972743,8815.01623,8833.858125,Bear,38.88010100000065,40.076412000000346
2018-08-17,8834.456281,8861.074196,8759.088699,8841.335068,Bull,26.617914999998902,75.36758200000077
2018-08-19,8841.634145,8856.887108,8835.951669,8847.017544,Bull,15.252963000000818,5.6824759999999515
2018-08-20,8847.017544,8877.52347,8794.678946,8837.447058,Bear,52.338598000000275,30.505925999999818
2018-08-21,8838.045213,8915.20726,8795.277101,8829.072882,Bear,42.768111999999746,77.1620469999998
2018-08-22,8829.37196,8906.234929,8816.810696,8879.617014,Bull,76.8629689999998,12.561263999999937
2018-08-23,8880.514247,8942.423331,8866.158517,8902.346919,Bull,61.9090840000008,14.355729999999312
2018-08-24,8902.945075,8971.732946,8893.673666,8968.144014,Bull,68.78787100000045,9.27140899999904
2018-08-26,8971.134791,9006.42596,8970.835713,9002.837028,Bull,35.29116900000008,0.2990780000000086
2018-08-27,9002.837028,9081.494464,8993.565619,9061.755335,Bull,78.6574359999995,9.27140899999904
2018-08-28,9062.054413,9091.962183,9049.194072,9091.06495,Bull,29.9077699999998,12.860340999999607
2018-08-29,9090.765872,9181.087339,9069.830433,9164.937143,Bull,90.32146699999976,20.93543900000077
2018-08-30,9164.638065,9208.004332,9123.365342,9158.656511,Bear,41.27272300000004,43.366267000001244
2018-08-31,9158.656511,9190.358748,9131.739518,9180.489183,Bull,31.702237000001332,26.91699299999891
2018-09-02,9175.70394,9185.274427,9167.628842,9168.825153,Bear,8.075097999999343,9.570487000000867
2018-09-03,9169.124231,9196.041224,9160.750055,9181.984572,Bull,26.91699300000073,8.374175999999352
2018-09-04,9181.685494,9204.116322,9076.111065,9128.748741,Bear,105.57442900000024,22.430828000000474
2018-09-05,9128.748741,9129.645974,8976.219112,9004.033338,Bear,152.52962899999875,0.8972329999996873
2018-09-06,9004.033338,9025.566933,8861.971429,8902.047841,Bear,142.061909,21.533595000000787
2018-09-07,8902.047841,8966.05047,8844.325845,8893.374588,Bear,57.72199600000022,64.00262900000052
2018-09-09,8892.178277,8926.871291,8890.981966,8914.908183,Bull,34.693013999998584,1.196311000001515
2018-09-10,8914.908183,8956.479984,8869.448372,8952.591973,Bull,41.57180100000005,45.45981099999881
2018-09-11,8952.292896,9001.939794,8858.083419,8984.29421,Bull,49.646897999999055,94.20947700000033
2018-09-12,8984.593288,9021.379845,8882.607791,8939.432554,Bear,101.98549699999967,36.78655699999945
2018-09-13,8939.432554,9072.93385,8936.444979,9060.119393,Bull,133.50129599999855,2.9875750000010157
2018-09-14,9060.417404,9091.708521,8993.067,9028.530265,Bear,67.35040400000071,31.291117000000668
2018-09-16,9014.225755,9018.397904,9001.709308,9010.649627,Bear,12.516446999999971,4.17214899999999
2018-09-17,9010.649627,9029.722308,8847.637809,8883.399085,Bear,163.01181800000086,19.072680999999648
2018-09-18,8883.697096,9016.907851,8878.630915,8973.994319,Bull,133.21075500000006,5.066181000000142
2018-09-19,8973.696308,8995.153074,8905.451872,8967.736095,Bear,68.24443600000086,21.456765999999334
2018-09-20,8968.034106,9082.17218,8957.007713,9080.980138,Bull,114.13807400000042,11.02639299999828
2018-09-21,9081.278148,9104.224967,8996.941138,8996.941138,Bear,84.33700999999928,22.946819000000687
2018-09-23,8987.702808,8988.59684,8948.663415,8967.140074,Bear,39.03939299999911,0.894032000000152
2018-09-24,8967.140074,9052.371116,8909.028,9037.470585,Bull,85.23104199999943,58.112074000000575
2018-09-25,9037.172574,9089.026425,9000.517266,9086.344329,Bull,51.85385099999985,36.65530799999942
2018-09-26,9086.344329,9140.582265,9032.702414,9064.291542,Bear,53.641915000000154,54.237935999999536
2018-09-27,9064.291542,9162.337042,9042.834776,9140.284254,Bull,98.04549999999836,21.456766000001153
2018-09-28,9140.284254,9151.310648,9079.788095,9140.880276,Bull,11.026394000000437,60.49615900000026
2018-09-30,9145.350435,9194.820201,9143.860382,9192.734127,Bull,49.46976600000016,1.4900529999995342
2018-10-01,9192.734127,9212.99885,9121.509584,9136.708127,Bear,71.22454300000027,20.26472300000023
2018-10-02,9136.708127,9193.926169,9095.582659,9134.622052,Bear,41.12546800000018,57.21804200000042
2018-10-03,9134.324042,9183.197786,9083.662233,9096.17868,Bear,50.661809000001085,48.87374400000044
2018-10-04,9095.880669,9098.860776,8888.465266,8966.544053,Bear,207.41540300000088,2.980106999999407
2018-10-05,8966.544053,8981.742595,8757.936607,8866.710489,Bear,208.60744599999998,15.198542000000089
2018-10-07,8872.670702,8884.591128,8836.313404,8860.154255,Bear,36.35729799999899,11.920426000000589
2018-10-08,8860.750277,8868.796564,8685.818033,8808.598415,Bear,174.93224399999963,8.04628700000103
2018-10-09,8808.598415,8887.571234,8746.016181,8813.664596,Bull,78.97281899999871,62.58223399999952
2018-10-10,8813.962607,8835.419373,8255.490673,8302.874364,Bear,558.4719339999992,21.456766000001153
2018-10-11,8302.278343,8508.799714,8234.331917,8490.025044,Bull,206.52137100000073,67.94642600000043
2018-10-12,8490.323055,8580.024256,8386.019332,8564.527703,Bull,89.70120099999986,104.3037230000009
2018-10-14,8554.991363,8557.673459,8498.369342,8519.230086,Bear,56.62202099999922,2.682096000000456
2018-10-15,8518.932076,8549.329161,8416.714427,8471.846395,Bear,102.21764899999835,30.397085000000516
2018-10-16,8471.548384,8770.453054,8467.972257,8749.89032,Bull,298.9046699999999,3.5761270000002696
2018-10-17,8750.18833,8783.565522,8608.335267,8683.731958,Bear,141.85306300000047,33.37719199999992
2018-10-18,8683.731958,8707.87082,8456.945863,8549.627171,Bear,226.78609499999948,24.13886199999979
2018-10-19,8550.223193,8635.454235,8454.859789,8468.866289,Bear,95.36340399999972,85.23104199999943
2018-10-21,8446.515491,8508.203693,8412.244268,8501.945469,Bull,61.688201999999364,34.271222999999736
2018-10-22,8502.24348,8595.222799,8440.853289,8448.005544,Bear,61.390190999998595,92.97931900000003
2018-10-23,8448.303555,8552.905288,8277.54346,8525.78632,Bull,104.60173299999951,170.76009499999964
2018-10-24,8526.382342,8528.170406,8088.902726,8167.577535,Bear,437.47961600000053,1.788063999998485
2018-10-25,8167.279524,8434.595065,8110.955513,8151.48496,Bear,56.3240109999997,267.31554099999994
2018-10-26,8150.888939,8328.205268,8027.512535,8187.544247,Bull,177.3163289999993,123.37640400000055
2018-10-28,8222.709502,8283.801683,8201.252737,8236.417992,Bull,61.09218099999998,21.456764999998995
2018-10-29,8235.225949,8334.165481,7844.235993,8088.604716,Bear,390.98995599999944,98.93953200000033
2018-10-30,8088.008694,8186.054194,7940.195418,8155.061088,Bull,98.04550000000017,147.81327599999986
2018-10-31,8155.359098,8391.085512,8153.869045,8330.589353,Bull,235.72641399999975,1.4900529999995342
2018-11-01,8330.887364,8439.363236,8269.795183,8426.250768,Bull,108.47587199999907,61.09218099999998
2018-11-02,8426.250768,8515.057938,8238.504066,8315.390811,Bear,187.74670200000037,88.80717000000004
2018-11-04,8311.814683,8318.072906,8278.437492,8311.516672,Bear,33.3771910000014,6.258222999998907
2018-11-05,8311.814683,8342.509779,8183.372098,8283.503672,Bear,128.4425850000007,30.695095999999467
2018-11-06,8283.801683,8439.363236,8233.139875,8379.761108,Bull,155.56155299999955,50.66180799999893
2018-11-07,8379.165087,8619.659671,8371.41681,8583.898395,Bull,240.49458400000003,7.7482769999987795
2018-11-08,8583.898395,8602.077044,8501.647459,8517.144012,Bear,82.25093600000037,18.178648999999496
2018-11-09,8517.144012,8522.806214,8331.185374,8378.867076,Bear,185.95863800000006,5.662201999999525
2018-11-11,8375.588959,8467.972257,8359.198374,8453.369736,Bull,92.38329799999883,16.39058500000101
2018-11-12,8452.475704,8456.051831,8107.379386,8186.650215,Bear,345.0963180000008,3.5761270000002696
2018-11-13,8186.650215,8299.000226,8127.644109,8169.663609,Bear,59.00610599999982,112.35001100000045
2018-11-14,8169.365598,8260.258843,8041.519035,8091.584822,Bear,127.84656300000006,90.8932449999993
2018-11-15,8090.094769,8249.53046,8001.287599,8185.458173,Bull,159.43569099999968,88.80717000000004
2018-11-16,8185.756183,8242.974226,8113.339599,8221.815471,Bull,57.21804299999985,72.41658400000051
2018-11-18,8195.292524,8207.212949,8169.96162,8194.994513,Bear,25.330904000000373,11.92042500000025
2018-11-19,8194.696503,8266.219055,7905.924195,7925.294886,Bear,288.7723079999996,71.52255200000036
2018-11-20,7924.698865,7927.976982,7688.078419,7829.335461,Bear,236.6204459999999,3.2781169999998383
2018-11-21,7828.73944,7924.400855,7820.395142,7846.620078,Bull,95.66141499999958,8.34429799999998
2018-11-22,7846.322068,7858.540504,7756.024845,7775.991557,Bear,90.29722300000049,12.218435999999201
2018-11-23,7775.991557,7869.268887,7742.316355,7784.633866,Bull,93.27732999999989,33.675202000000354
2018-11-25,7792.978164,7847.812121,7784.633866,7836.785727,Bull,54.83395699999983,8.34429799999998
2018-11-26,7837.083738,7982.512929,7832.315568,7928.573003,Bull,145.42919100000017,4.768170000000282
2018-11-27,7928.573003,8028.704578,7883.275387,8021.552322,Bull,100.13157499999943,45.297616000000744
2018-11-28,8021.850333,8253.106587,8000.393567,8217.345311,Bull,231.2562539999999,21.456766000000243
2018-11-29,8217.941332,8277.245449,8157.147162,8233.139875,Bull,59.30411699999968,60.79417000000012
2018-11-30,8232.543853,8305.258449,8191.120375,8304.066406,Bull,72.71459600000162,41.423477999998795
2018-12-02,8393.171587,8481.382736,8393.171587,8466.184193,Bull,88.21114899999884,0.0
2018-12-03,8465.886182,8509.991757,8323.139087,8329.0993,Bear,142.74709500000063,44.10557499999959
2018-12-04,8329.0993,8406.284055,8085.624609,8153.273024,Bear,243.47469099999944,77.18475500000022
2018-12-05,8152.975013,8179.49796,7916.354567,7985.195025,Bear,236.6204459999999,26.522946999999476
2018-12-06,7985.195025,8173.239737,7903.54011,8133.306311,Bull,188.0447119999999,81.65491500000007
2018-12-07,8133.604322,8167.875545,7861.222599,7905.030163,Bear,272.3817230000004,34.271222999999736
2018-12-09,7863.010663,7879.103238,7812.646866,7839.765834,Bear,50.36379699999998,16.09257499999967
2018-12-10,7839.467823,8003.969695,7790.296068,7954.499929,Bull,164.50187199999982,49.1717550000003
2018-12-11,7953.903908,8116.319705,7928.573003,8071.91612,Bull,162.41579699999966,25.330904999999802
2018-12-12,8071.91612,8191.716396,8026.618503,8106.485354,Bull,119.80027599999994,45.29761700000017
2018-12-13,8105.889333,8151.782971,7962.844227,7966.122344,Bear,143.0451060000005,45.893637999999555
2018-12-14,7966.718365,8001.155954,7845.603484,7845.603484,Bear,121.11488099999951,34.437589000000116
2018-12-16,7836.104097,7903.490377,7834.619818,7897.256404,Bull,67.38627999999972,1.4842790000002424
2018-12-17,7897.256404,7901.412386,7627.117572,7706.378087,Bear,270.13883199999964,4.155982000000222
2018-12-18,7706.971798,7810.277637,7667.193113,7738.735375,Bull,103.30583900000056,39.778684999999314
2018-12-19,7739.329087,7848.868899,7465.33113,7499.172697,Bear,273.9979570000005,109.53981199999998
2018-12-20,7498.875842,7604.853383,7338.276822,7497.391562,Bear,160.59902000000056,105.97754099999929
2018-12-21,7497.688418,7525.889725,7160.163307,7220.425046,Bear,337.5251109999999,28.20130700000027
2018-12-23,7183.61492,7253.079191,7142.945667,7243.579803,Bull,69.46427099999983,40.669253000000026
2018-12-24,7243.579803,7270.593686,6992.439747,6998.67372,Bear,251.14005599999928,27.013883000000533
2018-12-25,7008.173107,7029.546729,6911.398098,6963.051017,Bear,96.77500899999995,21.37362200000007
2018-12-26,6964.23844,7492.641869,6964.23844,7413.084498,Bull,528.403429,0.0
2018-12-27,7413.381354,7537.170247,7187.770902,7502.141256,Bull,123.78889299999992,225.6104519999999
2018-12-28,7502.438112,7602.478536,7413.975066,7476.314796,Bear,88.46304599999985,100.0404239999998
2018-12-30,7495.313571,7554.387887,7494.423004,7540.138806,Bull,59.07431600000018,0.8905669999994643
2018-12-31,7540.435662,7571.902383,7460.581436,7542.810509,Bull,31.46672099999978,79.85422599999947
2019-01-01,7539.545094,7583.182905,7426.443012,7432.083273,Bear,113.10208200000034,43.6378109999996
2019-01-02,7432.380129,7610.493644,7307.403813,7375.977516,Bear,124.97631600000022,178.113515
2019-01-03,7376.571228,7485.814184,7286.623903,7375.977516,Bear,89.94732500000009,109.24295600000005
2019-01-04,7376.571228,7673.130231,7373.602669,7637.210672,Bull,296.5590030000003,2.968558999999914
2019-01-06,7660.365429,7712.908916,7646.710059,7662.146564,Bull,52.543486999999914,13.655370000000403
2019-01-07,7661.849708,7760.702709,7602.478536,7729.8297,Bull,98.8530010000004,59.371172000000115
2019-01-08,7729.532844,7848.275187,7679.364204,7833.72925,Bull,118.74234299999989,50.16863999999987
2019-01-09,7833.72925,7890.428719,7781.185763,7798.700259,Bear,52.543486999999914,56.699468999999226
2019-01-10,7799.29397,7886.569593,7750.906465,7853.915448,Bull,87.27562300000045,48.38750499999969
2019-01-11,7854.50916,7875.585926,7803.746808,7855.399728,Bull,21.076766000000134,50.76235199999974
2019-01-13,7835.807241,7839.963223,7767.827249,7771.092664,Bear,67.9799920000005,4.155981999999312
2019-01-14,7770.202096,7844.119205,7743.781925,7835.510385,Bull,73.91710899999998,26.420170999999755
2019-01-15,7834.619818,7946.23762,7791.278862,7942.378494,Bull,111.61780199999976,43.340956000000006
2019-01-16,7942.378494,7999.968531,7885.085314,7895.475269,Bear,57.293179999999666,57.59003700000085
2019-01-17,7895.772124,8026.982414,7851.540601,8002.046522,Bull,131.21029,44.23152300000038
2019-01-18,8002.343378,8108.024063,7989.28172,8081.01018,Bull,105.68068500000027,13.061657999999625
2019-01-20,8067.948522,8067.948522,8023.123288,8036.778657,Bear,44.82523399999991,0.0
2019-01-21,8036.481801,8048.652892,7982.750891,7989.875432,Bear,53.73091000000022,12.17109100000016
2019-01-22,7989.875432,8014.217612,7850.650034,7915.364611,Bear,139.2253979999996,24.342180000000553
2019-01-23,7915.661467,7984.532026,7827.792133,7932.285395,Bull,68.87055899999996,87.86933399999998
2019-01-24,7931.988539,8014.811324,7909.130638,7993.437702,Bull,82.8227850000003,22.85790100000031
2019-01-25,7993.140846,8086.947297,7974.142071,8068.83909,Bull,93.80645099999947,18.998775000000023
2019-01-27,8055.777432,8063.79254,8022.23272,8025.79499,Bear,33.54471199999989,8.01510800000051
2019-01-28,8025.498135,8033.216387,7894.287845,7940.597359,Bear,131.21029,7.718252000000575
2019-01-29,7940.894215,7980.6729,7856.884007,7924.270287,Bear,84.0102080000006,39.778684999999314
2019-01-30,7924.567143,8171.254361,7915.364611,8154.333577,Bull,246.68721800000003,9.202532000000247
2019-01-31,8154.630433,8244.280902,8121.085721,8170.957505,Bull,89.65046900000016,33.54471199999989
2019-02-01,8171.848073,8225.875839,8146.318469,8169.770082,Bear,25.52960400000029,54.027766000000156
2019-02-03,8150.177595,8189.659424,8143.646766,8170.066938,Bull,39.48182900000029,6.530829000000267
2019-02-04,8170.363794,8291.77784,8151.661874,8233.297236,Bull,121.41404600000078,18.701919999999518
2019-02-05,8233.594091,8352.039579,8229.438109,8326.806831,Bull,118.44548799999939,4.155982000000222
2019-02-06,8326.806831,8357.976696,8279.013038,8287.621858,Bear,47.79379300000073,31.169864999999845
2019-02-07,8287.621858,8292.371551,8141.271919,8156.708424,Bear,146.34993900000063,4.749692999999752
2019-02-08,8156.411568,8224.39156,8123.163712,8221.719857,Bull,67.97999199999958,33.247856000000866
2019-02-10,8219.048154,8240.718632,8188.768857,8198.861956,Bear,30.279297000000042,21.670478000000003
2019-02-11,8198.861956,8275.747623,8190.549992,8257.639416,Bull,76.88566699999865,8.311964000000444
2019-02-12,8257.34256,8380.240885,8256.451992,8377.866039,Bull,122.89832500000011,0.8905679999988934
2019-02-13,8377.866039,8394.786823,8314.932597,8346.993029,Bear,62.93344199999956,16.920783999999912
2019-02-14,8347.289885,8380.240885,8278.716182,8295.933822,Bear,68.57370300000002,32.95099999999911
2019-02-15,8296.230678,8425.06612,8282.575308,8388.55285,Bull,128.8354419999996,13.655370000000403
2019-02-17,8387.662282,8409.629615,8378.45975,8392.11512,Bull,21.967333000000508,9.202531999999337
2019-02-18,8391.818264,8414.676165,8378.162894,8397.755381,Bull,22.85790100000122,13.655370000000403
2019-02-19,8397.458525,8424.472408,8353.820714,8393.302543,Bear,43.63781100000051,27.013882999999623
2019-02-20,8393.005687,8447.033454,8350.258444,8426.550399,Bull,54.027766999999585,42.74724300000162
2019-02-21,8426.847255,8427.737823,8317.901155,8354.711282,Bear,108.94610000000102,0.8905679999988934
2019-02-22,8354.414426,8432.190661,8350.852155,8431.300093,Bull,77.77623500000118,3.562270999998873
2019-02-24,8440.799481,8463.657382,8433.081228,8441.986904,Bull,22.8579009999994,7.718253000000914
2019-02-25,8441.986904,8512.044887,8398.942805,8412.598174,Bear,43.04409899999882,70.0579830000006
2019-02-26,8412.89503,8491.264977,8410.520183,8455.048562,Bull,78.36994700000105,2.3748469999991357
2019-02-27,8455.048562,8468.407075,8368.960363,8426.847255,Bear,86.0881989999998,13.35851299999922
2019-02-28,8426.847255,8485.624715,8398.052237,8481.171877,Bull,58.77745999999934,28.79501800000071
2019-03-01,8481.468733,8507.295193,8435.159219,8501.06122,Bull,25.826460000000225,46.30951400000049
2019-03-03,8522.137986,8556.870121,8518.872571,8547.66759,Bull,34.7321350000002,3.265414999999848
2019-03-04,8547.66759,8563.104094,8400.427084,8485.921571,Bear,147.24050599999828,15.43650400000115
2019-03-05,8486.218427,8528.075103,8459.5014,8489.483841,Bull,41.856675999999425,26.7170270000006
2019-03-06,8489.780697,8515.310301,8423.878697,8425.659832,Bear,65.90200000000004,25.52960399999938
2019-03-07,8425.659832,8458.183306,8315.074842,8320.397057,Bear,110.58498999999938,32.52347400000144
2019-03-08,8320.397057,8349.669243,8238.494073,8347.599492,Bull,29.272186000000147,81.90298400000029
2019-03-10,8336.659383,8359.722317,8308.274233,8347.895171,Bull,23.062933999999586,28.385150000000067
2019-03-11,8348.19085,8550.139364,8343.459991,8538.903575,Bull,201.9485139999997,4.730859000001146
2019-03-12,8538.903575,8575.272049,8501.352388,8542.747398,Bull,36.36847399999897,37.55118700000094
2019-03-13,8542.451719,8662.497249,8537.425182,8615.188666,Bull,120.04552999999942,5.026536999999735
2019-03-14,8615.188666,8655.69664,8593.308446,8631.74667,Bull,40.507974000000104,21.880220000000918
2019-03-15,8631.450991,8705.96201,8615.484344,8688.221291,Bull,74.51101899999958,15.966646999999284
2019-03-17,8678.759574,8693.247828,8667.523786,8691.473756,Bull,14.48825399999987,11.235787999999957
2019-03-18,8691.473756,8727.842229,8659.540462,8710.988547,Bull,36.36847300000045,31.93329399999857
2019-03-19,8710.988547,8777.220563,8694.430543,8710.988547,Bear,16.558004000000437,66.23201599999993
2019-03-20,8711.579904,8820.685324,8692.360792,8784.908208,Bull,109.10541999999987,19.219112000000678
2019-03-21,8785.499565,8923.285813,8713.945333,8897.266093,Bull,137.78624800000034,71.55423200000041
2019-03-22,8897.266093,8915.893847,8696.500293,8703.005223,Bear,200.76580000000104,18.627753999999186
2019-03-24,8719.267549,8740.85209,8627.607169,8654.809604,Bear,91.66037999999935,21.584541000000172
2019-03-25,8655.69664,8737.599625,8621.989275,8721.337299,Bull,81.90298500000063,33.70736500000021
2019-03-26,8721.928656,8808.266821,8681.716361,8739.965054,Bull,86.33816499999921,40.21229499999936
2019-03-27,8739.669375,8757.705772,8605.43127,8651.852818,Bear,134.23810500000036,18.03639699999985
2019-03-28,8652.148496,8728.137908,8635.294814,8719.267549,Bull,75.98941200000081,16.853681999999026
2019-03-29,8718.97187,8769.23724,8700.048437,8767.167489,Bull,50.265370000000985,18.923432999999932
2019-03-31,8787.569316,8855.575404,8785.795244,8840.200114,Bull,68.00608800000009,1.7740719999983412
2019-04-01,8840.200114,8878.342659,8805.310034,8855.279725,Bull,38.14254500000061,34.890079999999216
2019-04-02,8855.279725,8950.783927,8852.618617,8943.68764,Bull,95.50420200000008,2.6611080000002403
2019-04-03,8943.68764,9007.849906,8924.172849,8956.6975,Bull,64.16226599999936,19.514790999999605
2019-04-04,8956.6975,8986.265365,8896.379057,8956.106143,Bear,60.318443000000116,29.567864999999074
2019-04-05,8956.401822,9003.710405,8951.079606,9003.710405,Bull,47.308583,5.322216000000481
2019-04-07,8997.796832,9011.989407,8974.438219,8979.760434,Bear,23.358613000000332,14.192574999999124
2019-04-08,8979.464756,9028.547411,8942.800604,9013.4678,Bull,49.08265500000016,36.664151999999376
2019-04-09,9013.4678,9013.763479,8959.949965,8984.491293,Bear,53.51783500000056,0.2956789999989269
2019-04-10,8984.491293,9060.776383,8979.760434,9034.460984,Bull,76.28509000000122,4.730858999999327
2019-04-11,9034.460984,9052.497381,8990.404866,9013.763479,Bear,44.056117999998605,18.03639699999985
2019-04-12,9014.059157,9065.507241,9008.736942,9052.497381,Bull,51.44808399999965,5.322215000000142
2019-04-14,9052.497381,9056.045525,9039.487521,9042.148628,Bear,13.009860000000117,3.5481440000003204
2019-04-15,9042.444307,9064.028848,8987.152401,9063.437491,Bull,21.584541000000172,55.29190600000038
2019-04-16,9063.437491,9111.63311,9051.610345,9096.849178,Bull,48.19561900000008,11.827146000001449
2019-04-17,9096.849178,9146.52319,9066.098599,9072.603529,Bear,30.75057899999956,49.67401199999949
2019-04-18,9072.603529,9134.104687,9059.889347,9125.530006,Bull,61.50115799999912,12.71418199999971
2019-04-21,9124.938649,9138.835545,9091.822641,9100.101643,Bear,33.116007999999056,13.896896000000197
2019-04-22,9100.101643,9162.194158,9071.125136,9153.323799,Bull,62.092515000000276,28.9765069999994
2019-04-23,9153.323799,9276.917472,9135.878759,9247.940965,Bull,123.5936729999994,17.445040000000517
2019-04-24,9248.236644,9311.216195,9227.834817,9307.668051,Bull,62.979551000000356,20.401826999999685
2019-04-25,9307.96373,9319.199518,9199.449667,9222.216923,Bear,108.51406299999871,11.235787999999957
2019-04-26,9222.216923,9278.987223,9172.542911,9269.229827,Bull,56.770300000000134,49.67401199999949
2019-04-28,9269.229827,9279.57858,9266.56872,9277.50883,Bull,10.348753000000215,2.6611069999999017
2019-04-29,9277.50883,9305.302622,9200.336703,9212.459528,Bear,77.17212699999982,27.793791999998575
2019-04-30,9212.459528,9298.797692,9154.210835,9292.292762,Bull,86.33816400000069,58.24869299999955
2019-05-01,9292.58844,9304.711265,9144.749118,9184.665735,Bear,147.8393219999998,12.122825000000375
2019-05-02,9184.370056,9231.087282,9085.909068,9184.074378,Bear,98.4609879999989,46.717226000000664
2019-05-03,9184.074378,9310.920516,9176.091054,9310.920516,Bull,126.84613800000079,7.983323999998902
2019-05-05,9237.000855,9237.000855,9068.464028,9129.669507,Bear,168.5368269999999,0.0
2019-05-06,9129.669507,9245.871215,9075.560315,9173.134268,Bull,116.20170799999869,54.109191999999894
2019-05-07,9173.134268,9229.904568,8966.454895,9082.656603,Bear,206.67937299999903,56.770300000000134
2019-05-08,9082.656603,9104.536822,8972.664147,8984.491293,Bear,109.99245599999995,21.88021900000058
2019-05-09,8984.786971,9053.088738,8847.887759,8926.538278,Bear,136.89921200000026,68.30176700000084
2019-05-10,8926.833957,9032.391233,8794.369924,9001.936333,Bull,105.55727599999955,132.4640330000002
2019-05-12,8910.86731,8931.269137,8878.046981,8898.448807,Bear,32.82032900000013,20.401826999999685
2019-05-13,8898.448807,8899.335843,8621.989275,8710.988547,Bear,276.45953200000076,0.8870360000000801
2019-05-14,8711.284225,8822.459396,8687.925612,8802.057569,Bull,111.17517100000077,23.358613000000332
2019-05-15,8802.353248,8915.893847,8697.387329,8860.897619,Bull,113.54059899999993,104.96591900000021
2019-05-16,8861.488977,9037.122092,8846.705044,8957.288857,Bull,175.63311499999872,14.783933000000616
2019-05-17,8957.288857,9012.285085,8878.046981,8884.84759,Bear,79.24187600000005,54.996227999999974
2019-05-19,8887.804376,8940.435175,8884.551911,8919.73767,Bull,52.63079900000048,3.2524649999995745
2019-05-20,8919.73767,8925.355564,8706.553367,8798.213747,Bear,213.184303,5.617893999999069
2019-05-21,8797.918068,8852.914296,8752.974914,8818.024216,Bull,54.996227999999974,44.943154000000504
2019-05-22,8818.024216,8838.426042,8724.589764,8738.190982,Bear,93.43445199999951,20.401825999999346
2019-05-23,8738.190982,8741.147768,8595.969554,8680.533646,Bear,142.22142800000074,2.9567860000006476
2019-05-24,8681.125003,8728.137908,8634.407778,8648.600353,Bear,46.71722499999851,47.01290500000141
2019-05-26,8652.148496,8659.540462,8625.537418,8627.015812,Bear,26.611077999999907,7.391966000001048
2019-05-27,8627.015812,8691.473756,8627.015812,8686.447219,Bull,64.45794399999977,0.0
2019-05-28,8686.447219,8718.676191,8565.810332,8574.089334,Bear,120.63688700000057,32.228972000000795
2019-05-29,8574.385013,8594.195482,8495.734493,8556.052937,Bear,78.65051999999923,19.810469000000012
2019-05-30,8555.757258,8599.813376,8490.116599,8518.20607,Bear,65.64065899999878,44.056118000000424
2019-05-31,8519.093106,8522.64125,8431.867906,8441.625301,Bear,87.22520000000077,3.5481440000003204
2019-06-02,8409.100651,8409.692008,8361.496389,8361.792067,Bear,47.604262000000745,0.5913569999993342
2019-06-03,8362.087746,8435.711729,8209.517565,8276.340939,Bear,152.57018099999914,73.62398300000132
2019-06-04,8276.636618,8540.08629,8261.261328,8522.049893,Bull,263.4496719999988,15.37528999999995
2019-06-05,8522.049893,8569.062797,8456.704912,8553.09615,Bull,47.01290400000107,65.34498100000019
2019-06-06,8552.800472,8632.929384,8520.275821,8621.693596,Bull,80.12891199999831,32.52465100000154
2019-06-07,8621.693596,8814.771751,8612.823237,8786.68228,Bull,193.07815500000106,8.870358999998643
2019-06-09,8833.695184,8852.322939,8789.047709,8809.153857,Bear,44.64747499999976,18.627754999999524
2019-06-10,8808.858178,8963.20243,8795.848318,8920.033348,Bull,154.34425199999896,13.009860000000117
2019-06-11,8919.73767,8989.51783,8861.784655,8877.455623,Bear,57.95301500000096,69.78016000000025
2019-06-12,8877.751302,8885.143268,8776.924884,8818.615573,Bear,100.82641800000056,7.391965999999229
2019-06-13,8818.319895,8912.937061,8806.492749,8889.874127,Bull,94.617166,11.827146000001449
2019-06-14,8889.282769,8889.874127,8812.997679,8851.140224,Bear,76.2850899999994,0.5913579999996728
2019-06-16,8847.887759,8888.100055,8841.974186,8883.369196,Bull,40.212296000001515,5.913572999999815
2019-06-17,8883.073518,8930.799382,8850.360312,8916.656249,Bull,47.725864,32.713205999998536
2019-06-18,8916.656249,9100.811631,8888.664631,9048.364178,Bull,184.15538200000083,27.991618000000017
2019-06-19,9048.069529,9152.964435,8992.675591,9149.7233,Bull,104.89490599999954,55.39393800000107
2019-06-20,9149.7233,9217.787129,9082.838065,9116.428007,Bear,66.88523499999974,68.06382900000062
2019-06-21,9117.017304,9197.161726,9105.820657,9130.276492,Bull,80.1444219999994,11.196647000000667
2019-06-23,9127.624654,9186.259728,9112.597575,9174.768432,Bull,58.63507400000162,15.027078999999503
2019-06-24,9174.473783,9182.134647,9091.972172,9096.097253,Bear,82.50161099999968,7.660864000001311
2019-06-25,9096.097253,9142.062436,8968.514405,8986.193321,Bear,127.58284800000001,45.96518300000025
2019-06-26,8985.898673,9097.570496,8982.952186,9046.301638,Bull,111.67182300000059,2.9464869999992516
2019-06-27,9046.596286,9094.62401,9017.131425,9051.605313,Bull,48.02772399999958,29.464861000000383
2019-06-28,9051.016015,9105.820657,9032.747802,9102.579522,Bull,54.80464200000097,18.268212999999378
2019-06-30,9171.232648,9221.912209,9160.919947,9189.795511,Bull,50.67956100000083,10.312700999998924
2019-07-01,9189.795511,9251.671719,9144.714274,9188.911565,Bear,45.08123700000033,61.87620799999968
2019-07-02,9188.616916,9244.010855,9149.428651,9227.510533,Bull,55.39393899999959,39.18826500000068
2019-07-03,9227.215884,9312.074684,9226.03729,9296.163659,Bull,84.85879999999997,1.178593999999066
2019-07-04,9296.163659,9322.387386,9289.092093,9316.199765,Bull,26.22372700000051,7.07156600000053
2019-07-05,9316.199765,9320.619494,9189.795511,9257.85934,Bear,126.40425399999913,4.419729000001098
2019-07-07,9257.85934,9267.877393,9223.385453,9226.331939,Bear,34.473887000000104,10.018052999999782
2019-07-08,9226.03729,9244.894801,9135.874815,9148.250057,Bear,90.162475000001,18.85751100000016
2019-07-09,9148.544705,9274.654311,9125.856762,9245.484098,Bull,126.10960599999999,22.687943000000814
2019-07-10,9245.778747,9383.379648,9206.295833,9380.138513,Bull,137.6009009999998,39.482914000000164
2019-07-11,9380.727811,9385.442188,9304.119172,9349.200409,Bear,76.60863900000004,4.7143770000002405
2019-07-12,9349.200409,9390.451215,9335.057276,9379.843865,Bull,41.25080600000001,14.14313299999958
2019-07-14,9379.549216,9391.629809,9359.513111,9386.915431,Bull,12.08059300000059,20.036104999999225
2019-07-15,9387.21008,9428.166237,9379.254567,9424.335805,Bull,40.95615699999871,7.955513000000792
2019-07-16,9424.335805,9430.523426,9339.182356,9365.99538,Bear,85.15344900000127,6.187620999999126
2019-07-17,9365.99538,9388.977972,9244.010855,9252.850314,Bear,121.98452499999985,22.982592000000295
2019-07-18,9252.850314,9399.290673,9231.930262,9389.27262,Bull,146.44035900000017,20.920051999999487
2019-07-19,9389.27262,9406.067591,9211.010211,9216.608534,Bear,178.26240899999902,16.79497100000117
2019-07-21,9228.394479,9256.975394,9223.97475,9244.894801,Bull,28.58091499999864,4.419729000001098
2019-07-22,9244.600152,9362.164948,9240.475072,9346.548572,Bull,117.56479599999875,4.125080000001617
2019-07-23,9346.548572,9411.960563,9320.324845,9388.094026,Bull,65.41199100000085,26.22372700000051
2019-07-24,9387.799377,9489.747796,9340.655599,9451.738126,Bull,101.94841900000029,47.14377799999966
2019-07-25,9451.738126,9469.417042,9331.226844,9444.37191,Bear,120.51128199999948,17.678915999998935
2019-07-26,9444.961208,9476.783258,9418.442833,9446.729099,Bull,31.822049999998853,26.51837500000147
2019-07-28,9449.380937,9460.282935,9431.112723,9439.657533,Bear,18.268213999999716,10.901997999999367
2019-07-29,9439.657533,9466.175908,9371.888352,9444.666559,Bull,26.51837499999965,67.76918099999966
2019-07-30,9444.666559,9448.202342,9344.191383,9422.567913,Bear,100.47517599999992,3.5357830000011745
2019-07-31,9422.567913,9430.228777,9172.116594,9271.707825,Bear,250.4513190000016,7.660863999999492
2019-08-01,9272.002473,9445.845153,9145.892868,9180.661404,Bear,126.10960499999965,173.84267999999975
2019-08-02,9180.956053,9197.751023,9016.542128,9084.605957,Bear,164.41392500000075,16.79497000000083
2019-08-04,9077.239742,9081.659471,8924.90641,8941.406732,Bear,152.33333200000015,4.419729000001098
2019-08-05,8942.585327,8974.702025,8514.755544,8721.30422,Bear,427.82978300000104,32.116697999999815
2019-08-06,8720.714923,8897.209441,8720.714923,8800.564697,Bull,176.49451800000134,0.0
2019-08-07,8800.859345,8964.094675,8706.866438,8952.014082,Bull,163.23532999999952,93.99290700000165
2019-08-08,8952.60338,9120.553087,8908.406088,9063.391257,Bull,167.94970699999976,44.19729200000074
2019-08-09,9063.096608,9098.74909,8953.487325,9038.935422,Bear,109.60928299999978,35.65248199999951
2019-08-11,9021.551154,9069.873526,9002.693643,9049.837421,Bull,48.32237199999872,18.85751100000016
2019-08-12,9050.13207,9086.963146,8880.41447,8936.397706,Bear,169.71759999999995,36.831076000000394
2019-08-13,8936.397706,9180.661404,8855.958635,9138.232004,Bull,244.26369800000066,80.43907099999888
2019-08-14,9138.232004,9144.124976,8799.975399,8851.833555,Bear,338.2566049999987,5.892971999999645
2019-08-15,8852.128203,8925.201059,8707.750384,8886.896739,Bull,73.07285600000068,144.37781899999936
2019-08-16,8886.307442,8995.622077,8883.066307,8969.692999,Bull,109.31463500000064,3.241135000000213
2019-08-18,8977.648511,9031.274559,8976.175268,9030.390613,Bull,53.62604800000008,1.473242999998547
2019-08-19,9030.685261,9134.106924,9028.328072,9113.776169,Bull,103.42166299999917,2.3571890000002895
2019-08-20,9113.776169,9136.464112,9018.899317,9067.516338,Bear,94.87685200000124,22.687942999998995
2019-08-21,9067.810986,9172.116594,9066.92704,9124.972817,Bull,104.30560799999876,0.8839459999999235
2019-08-22,9124.972817,9161.803893,9020.961857,9130.57114,Bull,36.831076000000394,104.01095999999961
2019-08-23,9130.865789,9148.250057,8777.876754,8827.672369,Bear,352.9890349999987,17.384267999999793
2019-08-25,8762.849674,8809.698803,8666.499579,8771.394484,Bull,46.849129000000175,96.35009499999978
2019-08-26,8771.983781,8987.961213,8755.483459,8949.656893,Bull,215.97743199999968,16.500322000001688
2019-08-27,8949.656893,9014.479588,8883.066307,8946.415759,Bear,66.59058600000026,64.82269500000075
2019-08-28,8946.415759,8964.094675,8844.46734,8922.254573,Bear,101.94841900000029,17.678916000000754
2019-08-29,8922.549221,9114.365467,8914.593709,9103.168819,Bull,191.81624600000032,7.955511999998635
2019-08-30,9103.463468,9158.26811,9011.533102,9046.301638,Bear,91.9303660000005,54.80464200000097
2019-09-01,8990.61305,9017.720722,8949.067596,9000.925752,Bull,27.107672000000093,41.545453999999154
2019-09-02,9001.2204,9069.873526,8934.629814,9011.533102,Bull,68.65312599999925,66.59058600000026
2019-09-03,9011.82775,9053.962502,8942.585327,9052.19461,Bull,42.134751999999935,69.24242299999969
2019-09-04,9052.783907,9239.885775,9034.515693,9218.376426,Bull,187.10186799999974,18.268214000001535
2019-09-05,9218.081778,9295.279713,9156.500218,9266.993447,Bull,77.19793500000014,61.581560000000536
2019-09-06,9266.698798,9305.003118,9238.117883,9269.645284,Bull,38.3043200000011,28.58091499999864
2019-09-08,9260.216529,9295.574362,9256.091448,9280.547283,Bull,35.35783300000003,4.1250810000001366
2019-09-09,9280.547283,9294.395768,9191.268754,9218.965723,Bear,89.27852899999925,13.848485000000437
2019-09-10,9219.555021,9249.019882,9127.330006,9224.858696,Bull,29.464861000000383,92.22501499999998
2019-09-11,9224.858696,9383.968945,9183.60789,9360.102408,Bull,159.1102490000012,41.25080600000001
2019-09-12,9360.102408,9408.42478,9318.262305,9360.691705,Bull,48.32237199999872,41.840103000000454
2019-09-13,9360.986354,9379.843865,9289.386741,9296.752957,Bear,71.59961300000032,18.85751100000016
2019-09-15,9259.92188,9259.92188,9165.045028,9207.474428,Bear,94.87685199999942,0.0
2019-09-16,9207.769076,9285.358441,9205.418658,9247.151927,Bull,77.58936499999982,2.3504179999999906
2019-09-17,9247.151927,9312.396897,9229.224256,9288.885196,Bull,65.24496999999974,17.927671000001283
2019-09-18,9288.885196,9321.801577,9185.433713,9260.377259,Bear,103.45148299999892,32.91638100000091
2019-09-19,9260.083363,9373.821215,9231.281529,9324.446644,Bull,113.7378520000002,28.80183399999987
2019-09-20,9324.74054,9348.546137,9182.200854,9206.88814,Bear,142.53968600000007,23.80559699999867
2019-09-22,9215.705028,9284.182856,9215.705028,9245.976342,Bull,68.47782799999914,0.0
2019-09-23,9246.564135,9292.705848,9178.674099,9260.965052,Bull,46.14171299999907,67.89003600000069
2019-09-24,9260.965052,9280.068309,9054.062085,9110.784063,Bear,206.902967,19.103257000000667
2019-09-25,9111.077959,9221.582953,9008.508164,9167.799937,Bull,110.50499399999899,102.56979499999943
2019-09-26,9168.093833,9219.819575,9092.856391,9131.356801,Bear,75.23744200000147,51.72574199999872
2019-09-27,9131.356801,9195.426186,8982.645293,9072.283653,Bear,148.71150800000032,64.0693850000007
2019-09-29,9093.73808,9121.364328,9058.764425,9090.211324,Bear,34.97365499999978,27.626248000000487
2019-09-30,9090.211324,9194.250601,9060.821698,9181.613061,Bull,104.03927699999986,29.389626000000135
2019-10-01,9181.613061,9218.350094,9041.424545,9065.230142,Bear,140.18851600000016,36.73703299999943
2019-10-02,9065.524039,9074.634823,8846.865221,8887.716801,Bear,218.65881799999988,9.110784000000422
2019-10-03,8887.422905,9006.744787,8786.616488,8999.985173,Bull,119.32188200000019,100.80641699999978
2019-10-04,8999.985173,9138.704207,8962.660348,9134.001867,Bull,138.71903400000156,37.32482499999969
2019-10-06,9066.699624,9107.551204,9031.432072,9096.677042,Bull,40.85157999999865,35.26755200000116
2019-10-07,9096.677042,9169.269418,9078.161578,9142.230963,Bull,72.59237600000051,18.515464000000065
2019-10-08,9142.818755,9151.341747,8939.736439,8968.244377,Bear,203.082316,8.522992000000158
2019-10-09,8968.244377,9089.623532,8914.755257,9036.428309,Bull,121.37915499999872,53.489120000000185
2019-10-10,9037.016101,9185.139816,9010.565438,9174.853447,Bull,148.12371500000154,26.450662999999622
2019-10-11,9174.265655,9308.870142,9153.105124,9238.33504,Bull,134.60448700000052,21.160530999999537
2019-10-13,9228.636463,9280.949997,9228.342567,9254.499334,Bull,52.31353399999898,0.2938960000010411
2019-10-14,9254.499334,9266.255184,9177.79241,9263.022325,Bull,11.755849999999555,76.70692400000007
2019-10-15,9263.022325,9371.470045,9249.209201,9331.500154,Bull,108.44772000000012,13.813124000000244
2019-10-16,9331.500154,9356.18744,9295.938707,9341.492627,Bull,24.687286000000313,35.561447000000044
2019-10-17,9341.198731,9398.508501,9312.98469,9330.618465,Bear,28.21404100000109,57.309769999999844
2019-10-18,9330.618465,9355.893544,9211.59048,9267.136873,Bear,119.02798499999881,25.275079000000915
2019-10-20,9256.850504,9298.877669,9246.858031,9290.94247,Bull,42.02716499999951,9.992473000000246
2019-10-21,9291.530263,9380.286933,9270.957524,9367.94329,Bull,88.75666999999885,20.572739000001093
2019-10-22,9367.94329,9391.454991,9181.613061,9218.937886,Bear,186.33022899999924,23.511701000001267
2019-10-23,9218.937886,9325.916125,9209.827102,9308.282349,Bull,106.97823900000003,9.110784000000422
2019-10-24,9308.576246,9385.870962,9302.698321,9327.679503,Bull,77.29471600000034,5.877925000000687
2019-10-25,9327.385606,9453.467102,9311.809105,9447.589177,Bull,126.0814960000007,15.576500999999553
2019-10-27,9461.108405,9480.799454,9461.108405,9473.745944,Bull,19.69104899999911,0.0
2019-10-28,9473.745944,9554.567415,9463.165679,9534.876366,Bull,80.82147099999929,10.580265000000509
2019-10-29,9534.58247,9538.697017,9459.051131,9467.280226,Bear,75.5313389999992,4.114547000001039
2019-10-30,9467.280226,9570.437813,9428.779816,9543.98715,Bull,103.1575869999997,38.50041000000056
2019-10-31,9543.693254,9568.086643,9458.757235,9544.868839,Bull,24.393389000000752,84.93601900000067
2019-11-01,9544.868839,9602.17861,9515.479213,9596.888477,Bull,57.30977100000018,29.389626000000135
2019-11-03,9598.651854,9633.037717,9597.476269,9624.514725,Bull,34.38586299999952,1.175584999999046
2019-11-04,9624.514725,9696.225413,9619.812385,9681.824496,Bull,71.71068799999921,4.702340000001641
2019-11-05,9681.824496,9696.225413,9631.862132,9661.83955,Bear,49.96236399999907,14.400917000000845
2019-11-06,9661.83955,9673.007608,9593.949514,9641.854605,Bear,67.89003600000069,11.168057999999291
2019-11-07,9642.148501,9736.4892,9635.388887,9645.969152,Bull,94.34069900000031,6.759614000000511
2019-11-08,9645.969152,9715.32867,9628.04148,9710.920226,Bull,69.35951800000112,17.927671999999802
2019-11-10,9707.099574,9712.389707,9675.358778,9680.648911,Bear,31.740796000000046,5.290133000000424
2019-11-11,9680.648911,9717.973736,9647.438634,9715.32867,Bull,37.32482499999969,33.21027700000013
2019-11-12,9715.32867,9757.649731,9689.171903,9697.694894,Bear,26.1567670000004,42.321060999998735
2019-11-13,9697.694894,9740.309852,9663.309032,9715.034773,Bull,42.614958000000115,34.385862000001
2019-11-14,9714.446981,9767.348308,9658.900588,9753.241287,Bull,52.9013270000014,55.546392999998716
2019-11-15,9753.535184,9785.569876,9740.309852,9784.688187,Bull,32.03469199999927,13.22533199999998
2019-11-17,9779.398054,9784.394291,9764.997138,9779.691951,Bull,4.9962370000012015,14.400915999998688
2019-11-18,9779.985847,9836.120033,9732.962445,9812.020539,Bull,56.13418599999932,47.023402000000715
2019-11-19,9811.432747,9850.227053,9756.474146,9777.046884,Bear,54.95860100000027,38.79430599999978
2019-11-20,9777.340781,9813.783917,9676.240467,9728.847898,Bear,101.10031400000116,36.44313599999987
2019-11-21,9729.141794,9766.760515,9694.755931,9747.363362,Bull,37.61872100000073,34.38586299999952
2019-11-22,9747.657258,9773.226233,9678.885533,9737.370889,Bear,68.7717249999987,25.568975000000137
2019-11-24,9761.176486,9776.459092,9753.241287,9770.28727,Bull,15.28260599999885,7.935198999999557
2019-11-25,9770.581167,9900.77721,9758.825316,9853.753808,Bull,130.19604299999992,11.755850999999893
2019-11-26,9853.753808,9892.254218,9835.238344,9886.964086,Bull,38.50041000000056,18.515464000000065
2019-11-27,9886.670189,9943.97996,9877.853302,9906.067342,Bull,57.30977100000018,8.816887000000861
2019-11-28,9906.361239,9934.869176,9891.960322,9897.250455,Bear,14.400916999999026,28.50793700000031
2019-11-29,9896.956558,9922.525533,9882.555642,9901.365002,Bull,25.568975000000137,14.400916000000507
2019-12-01,9903.716172,9936.92645,9901.365002,9931.636317,Bull,33.21027800000047,2.351169999999911
2019-12-02,9931.636317,9942.216582,9729.729586,9796.150141,Bear,201.90673100000095,10.58026499999869
2019-12-03,9796.444037,9800.264689,9602.472506,9711.508018,Bear,193.97153099999923,3.8206520000003366
2019-12-04,9711.801915,9779.985847,9663.896824,9746.481673,Bull,68.18393199999991,47.90509100000054
2019-12-05,9746.481673,9804.379237,9725.908935,9780.867536,Bull,57.897563999998965,20.572738000000754
2019-12-06,9780.573639,9886.082397,9780.279743,9880.792264,Bull,105.50875799999994,0.2938960000010411
2019-12-08,9876.677716,9892.548115,9851.990431,9859.631733,Bear,24.687284999999974,15.870398999999452
2019-12-09,9859.631733,9906.949031,9812.608332,9836.413929,Bear,47.023401000000376,47.31729799999994
2019-12-10,9836.120033,9872.563169,9753.82908,9833.768863,Bear,82.29095299999972,36.44313599999987
2019-12-11,9833.768863,9896.956558,9821.719116,9887.845774,Bull,63.18769500000053,12.049746999999115
2019-12-12,9887.845774,10015.619588,9853.269082,10004.483633,Bull,127.77381400000013,34.57669199999873
2019-12-13,10004.190581,10021.187566,9918.912608,9988.658854,Bear,85.2779730000002,16.996984999999768
2019-12-15,10003.604478,10022.359772,9998.915655,10014.740434,Bull,18.755294000000504,4.688822999998592
2019-12-16,10014.740434,10107.051642,10011.223816,10105.000282,Bull,92.31120800000099,3.516617999999653
2019-12-17,10105.293333,10112.033517,10075.402085,10085.072783,Bear,29.891247999999905,6.740184000000227
2019-12-18,10085.072783,10129.323553,10075.402085,10101.776716,Bull,44.25077000000056,9.670697999999902
2019-12-19,10101.776716,10177.677043,10091.226864,10163.317522,Bull,75.90032699999938,10.5498520000001
2019-12-20,10163.317522,10227.202739,10157.456492,10210.205754,Bull,63.88521700000092,5.861030000000028
2019-12-22,10210.791857,10226.030533,10206.982188,10219.876452,Bull,15.238675999999032,3.8096690000002127
2019-12-23,10219.876452,10248.888547,10212.843218,10228.961048,Bull,29.012095000000045,7.033234000000448
2019-12-24,10228.961048,10240.390054,10206.396086,10233.063768,Bull,11.4290060000003,22.56496199999856
2019-12-25,10233.649871,10244.785826,10232.184614,10241.855312,Bull,11.13595499999974,1.4652569999998377
2019-12-26,10241.855312,10355.266225,10240.390054,10345.302475,Bull,113.41091299999971,1.4652580000001763
2019-12-27,10345.595527,10366.40218,10279.072846,10291.087956,Bear,66.52268100000038,20.806652999999642
2019-12-29,10296.069831,10326.840234,10295.483728,10320.979205,Bull,30.770402999998623,0.586103000001458
2019-12-30,10321.272256,10322.737513,10187.933844,10253.284318,Bear,133.33841200000097,1.4652569999998377
2019-12-31,10253.57737,10282.882515,10189.10605,10282.589464,Bull,29.305144999998447,64.47132000000056
2020-01-01,10288.157442,10306.03358,10279.658949,10302.516963,Bull,17.876137999999628,8.498492999999144
2020-01-02,10302.516963,10441.130301,10297.82814,10336.803983,Bull,138.6133379999992,4.688823000000411
2020-01-03,10337.390086,10387.794936,10239.5109,10329.184645,Bear,97.87918600000012,50.404850000000806
2020-01-05,10282.882515,10309.550198,10254.163473,10293.432368,Bull,26.66768300000149,28.719041999998808
2020-01-06,10293.139316,10420.616699,10225.151379,10404.791921,Bull,127.47738299999946,67.98793699999987
2020-01-07,10404.498869,10426.477728,10172.402117,10320.393102,Bear,232.09675199999947,21.97885900000074
2020-01-08,10320.686153,10517.32368,10314.239021,10505.015518,Bull,196.63752699999895,6.447132000001147
2020-01-09,10505.30857,10598.205881,10494.172615,10596.447573,Bull,92.89731100000063,11.13595499999974
2020-01-10,10596.740624,10614.909814,10510.290445,10524.356915,Bear,86.45017899999948,18.169190000000526
2020-01-12,10525.236069,10569.77989,10525.236069,10565.384118,Bull,44.5438209999993,0.0
2020-01-13,10565.67717,10684.363009,10554.248163,10648.610732,Bull,118.68583899999976,11.429007000000638
2020-01-14,10648.31768,10663.263304,10580.036691,10599.378087,Bear,68.28098900000077,14.945623999999953
2020-01-15,10599.085036,10662.38415,10576.813125,10645.680217,Bull,63.29911399999946,22.271910999999818
2020-01-16,10645.973268,10735.060911,10639.526136,10712.789,Bull,89.08764300000075,6.447131999999328
2020-01-17,10713.082052,10771.692343,10702.239148,10751.178741,Bull,58.61029100000087,10.84290399999918
2020-01-19,10753.816204,10769.05488,10746.782969,10757.625873,Bull,15.238675999999032,7.033235000000786
2020-01-20,10757.625873,10762.314696,10691.689295,10699.308633,Bear,65.93657800000074,4.688822999998592
2020-01-21,10699.601685,10825.906862,10684.363009,10821.218039,Bull,126.30517700000019,15.238675999999032
2020-01-22,10821.51109,10847.59267,10753.523153,10755.867564,Bear,67.98793699999987,26.08158000000003
2020-01-23,10755.867564,10869.278477,10727.734625,10864.296603,Bull,113.41091299999971,28.132939000000988
2020-01-24,10864.296603,10886.568513,10678.208929,10710.151537,Bear,186.08767400000033,22.27190999999948
2020-01-26,10640.112239,10640.112239,10542.819156,10578.278382,Bear,97.29308300000048,0.0
2020-01-27,10577.692279,10613.151505,10462.523057,10579.450588,Bull,35.459225999999035,115.16922200000045
2020-01-28,10579.157537,10727.148522,10519.668091,10710.444589,Bull,147.99098500000036,59.48944599999959
2020-01-29,10710.444589,10735.940065,10600.257241,10619.598637,Bear,110.1873480000013,25.495476000000053
2020-01-30,10619.598637,10841.438589,10553.955112,10811.254289,Bull,221.83995200000027,65.6435249999995
2020-01-31,10810.961238,10812.133444,10509.997393,10565.384118,Bear,300.9638450000002,1.172205999999278
2020-02-02,10529.631841,10657.988378,10520.547246,10645.094114,Bull,128.35653699999966,9.084595000000263
2020-02-03,10644.801063,10768.468777,10579.74364,10761.14249,Bull,123.66771399999925,65.0574230000002
2020-02-04,10760.849439,10982.689391,10747.955175,10934.628952,Bull,221.83995200000027,12.894264000000476
2020-02-05,10934.628952,11092.290635,10922.320791,11076.465856,Bull,157.66168300000027,12.308160999999018
2020-02-06,11076.758908,11101.961333,10974.777001,11061.520232,Bear,101.98190699999941,25.202424999999494
2020-02-07,11061.227181,11094.341995,11001.151632,11019.320823,Bear,60.07554900000105,33.11481400000048
2020-02-09,11020.493028,11065.622952,10937.559467,11045.109351,Bull,45.12992399999894,82.93356100000165
2020-02-10,11044.816299,11233.541436,10993.825346,11224.16379,Bull,188.72513699999945,50.990953000000445
2020-02-11,11224.456841,11264.311839,11137.420559,11210.09732,Bear,87.03628199999912,39.854998000000705
2020-02-12,11209.511217,11286.290698,11198.961365,11234.420591,Bull,76.7794810000014,10.5498520000001
2020-02-13,11234.127539,11322.629079,11149.142617,11301.822425,Bull,88.50154000000111,84.98492199999964
2020-02-14,11301.822425,11311.200072,11239.109414,11288.63511,Bear,62.713010999999824,9.377646999999342
2020-02-16,11294.203088,11346.659298,11293.323933,11343.728784,Bull,52.45621000000028,0.8791550000005373
2020-02-17,11343.728784,11355.743893,11211.855629,11225.629047,Bear,131.87315500000113,12.015108999999939
2020-02-18,11225.335996,11344.314886,11176.103351,11332.88588,Bull,118.97889000000032,49.23264500000005
2020-02-19,11332.88588,11444.245433,11314.423638,11390.617016,Bull,111.35955300000023,18.462241999999605
2020-02-20,11390.910068,11421.973522,11155.882801,11209.804268,Bear,235.02726699999948,31.063454000001002
2020-02-21,11209.218166,11259.916067,11032.215087,11083.20604,Bear,177.00307900000007,50.69790099999955
2020-02-23,10966.278509,10977.707516,10846.420464,10881.87969,Bear,119.85804499999904,11.429007000000638
2020-02-24,10881.586639,10893.601748,10598.205881,10783.414401,Bear,283.38075799999933,12.015108999999939
2020-02-25,10783.12135,10812.719547,10327.133285,10454.610668,Bear,455.98806499999955,29.598197000001164
2020-02-26,10455.196771,10593.810109,10199.362851,10240.683106,Bear,255.83392000000094,138.6133379999992
2020-02-27,10240.683106,10368.45354,9602.710088,9633.187439,Bear,637.9730180000006,127.77043400000002
2020-02-28,9634.066593,10051.371866,9525.637555,10020.01536,Bull,417.30527299999994,108.42903800000022
2020-03-01,9787.039453,10037.012344,9640.513725,9978.695105,Bull,249.97289100000125,146.5257279999987
2020-03-02,9978.695105,10422.961111,9803.743386,10265.885531,Bull,444.26600599999983,174.9517190000006
2020-03-03,10266.471634,10552.782906,9973.420179,10204.930828,Bear,293.0514549999989,286.3112720000008
2020-03-04,10205.22388,10491.2421,10157.456492,10394.242068,Bull,286.0182199999999,47.76738800000021
2020-03-05,10394.828171,10395.414274,9987.486648,10012.102971,Bear,407.34152299999914,0.586103000001458
2020-03-06,10011.516868,10074.815982,9741.616477,9965.800841,Bear,269.90039100000104,63.29911399999946
2020-03-08,9704.398943,9722.861184,9486.954763,9486.954763,Bear,217.44418000000042,18.462240999999267
2020-03-09,9486.954763,9659.269018,9159.909339,9620.586226,Bull,172.31425500000114,327.0454239999999
2020-03-10,9621.172329,9821.619525,9297.05742,9555.528803,Bear,324.1149090000017,200.44719599999917
2020-03-11,9556.994061,9667.181408,8910.52255,9060.857947,Bear,646.4715109999997,110.18734700000095
2020-03-12,9063.49541,9158.444081,8138.038914,8527.504298,Bear,925.4564959999998,94.9486710000001
2020-03-13,8526.332092,9351.858042,8514.903085,9170.16614,Bull,825.5259499999993,11.429007000000638
2020-03-15,9263.942605,9266.580068,8857.187185,8857.187185,Bear,406.7554199999995,2.6374629999991157
2020-03-16,8857.187185,8874.082852,8126.754616,8557.612221,Bear,730.4325690000005,16.895666999998866
2020-03-17,8557.612221,8842.406459,8131.740715,8364.914164,Bear,425.8715059999995,284.7942380000004
2020-03-18,8364.914164,8709.834888,7989.490246,8127.047916,Bear,375.4239179999995,344.9207239999996
2020-03-19,8130.274215,8801.931068,8128.514416,8601.020612,Bull,671.6568529999995,1.7597990000003847
2020-03-20,8602.487111,8950.340835,8084.519425,8118.835518,Bear,517.967686,347.8537240000005
2020-03-22,7975.411849,7987.143847,7776.847793,7949.014855,Bear,198.56405600000016,11.731998000000203
2020-03-23,7952.534454,8583.422616,7820.549483,8453.197444,Bull,630.8881620000002,131.98497099999986
2020-03-24,8454.370644,8956.206834,8371.073462,8788.439271,Bull,501.83619,83.29718200000025
2020-03-25,8789.61247,9105.203201,8630.057305,8712.767887,Bear,159.55516499999976,315.59073100000023
2020-03-26,8717.753986,9260.652167,8576.383417,9059.741711,Bull,542.8981810000005,141.37056900000061
2020-03-27,9058.275211,9158.877089,8859.124555,8870.563253,Bear,199.1506559999998,100.60187799999949
2020-03-29,8676.691995,8925.117041,8640.616103,8911.625244,Bull,248.4250460000003,36.07589199999893
2020-03-30,8911.918544,9311.686356,8789.61247,9194.659681,Bull,399.76781200000005,122.30607400000008
2020-03-31,9193.486482,9379.731941,8990.816226,9018.97302,Bear,202.67025599999943,186.24545899999976
2020-04-01,9019.85292,9027.185418,8686.664193,8826.568262,Bear,333.18872699999883,7.3324979999997595
2020-04-02,8826.274962,8982.310528,8653.5213,8842.993059,Bull,156.03556600000047,172.75366199999917
2020-04-03,8841.819859,8987.003327,8709.248288,8824.808463,Bear,132.57157099999858,145.18346800000108
2020-04-05,8840.939959,9170.315787,8840.646659,9139.519294,Bull,329.3758280000002,0.2932999999993626
2020-04-06,9139.519294,9501.744714,9092.298004,9392.637138,Bull,362.22542000000067,47.2212899999995
2020-04-07,9392.050538,9741.370761,9330.750852,9482.973518,Bull,349.3202230000006,61.29968600000029
2020-04-08,9483.266818,9669.512277,9363.307144,9613.785289,Bull,186.24545899999976,119.95967399999972
2020-04-09,9614.665189,9768.354356,9504.971013,9665.699378,Bull,153.68916700000045,109.69417599999906
2020-04-12,9732.865063,9769.820855,9471.534821,9516.409711,Bear,261.330242,36.955792000000656
2020-04-13,9516.116411,9953.426615,9492.359116,9947.267316,Bull,437.31020399999943,23.75729500000125
2020-04-14,9948.147216,10218.569757,9872.769133,10170.175267,Bull,270.4225409999999,75.3780829999996
2020-04-15,10170.175267,10181.613965,9956.359614,10046.989294,Bear,213.81565299999966,11.438697999999931
2020-04-16,10046.989294,10519.788791,10022.3521,10455.849405,Bull,472.799497,24.637194000000818
2020-04-17,10457.022604,10503.070694,10194.519162,10338.23613,Bear,262.50344199999927,46.04809000000023
2020-04-19,10323.571134,10367.859424,10245.553351,10334.129931,Bull,44.288290000000416,78.01778299999933
2020-04-20,10332.956732,10378.124922,10092.744084,10158.73657,Bear,240.21264800000063,45.16819000000032
2020-04-21,10159.61647,10217.689857,9786.832251,9895.059928,Bear,372.78421900000103,58.07338699999855
2020-04-22,9894.473328,10206.837759,9894.180028,10107.702381,Bull,312.36443099999997,0.2932999999993626
2020-04-23,10107.995681,10308.319537,9970.144711,10015.606201,Bear,137.8509699999995,200.32385599999907
2020-04-24,10015.019601,10300.987039,9978.063809,10281.629243,Bull,285.9674379999997,36.955792000000656
2020-04-26,10284.268942,10427.399311,10242.033752,10420.360112,Bull,143.1303689999986,42.23519000000124
2020-04-27,10419.480213,10439.131308,10297.174139,10327.090733,Bear,122.30607400000008,19.65109499999926
2020-04-28,10325.917533,10495.151596,10153.457171,10374.018723,Bull,169.23406299999988,172.4603619999998
2020-04-29,10374.605322,10728.618345,10292.77464,10711.020349,Bull,354.01302300000134,81.8306819999998
2020-04-30,10711.606948,10719.526047,10308.906137,10352.021227,Bear,402.7008110000006,7.919098999998823
2020-05-01,10352.314527,10416.840513,10173.988166,10209.184159,Bear,178.32636100000127,64.52598599999874
2020-05-03,10117.674579,10171.641767,10038.190296,10138.792174,Bull,53.967187999998714,79.48428299999978
2020-05-04,10138.792174,10414.494114,10109.168881,10406.281715,Bull,275.701939999999,29.623293000000558
2020-05-05,10406.281715,10582.261677,10350.261428,10478.4335,Bull,175.97996200000125,56.02028699999937
2020-05-06,10478.7268,10625.083467,10475.5005,10584.608076,Bull,146.35666700000002,3.226300000000265
2020-05-07,10585.487976,10812.502126,10563.490481,10803.996428,Bull,227.01414999999906,21.997494999999617
2020-05-08,10804.289728,10838.019221,10694.888852,10819.834625,Bull,33.72949300000073,109.4008759999997
2020-05-10,10787.278332,10893.159609,10763.814337,10870.575514,Bull,105.88127700000041,23.463995000000068
2020-05-11,10870.575514,10956.512395,10697.821851,10869.988914,Bear,172.7536629999995,85.93688099999963
2020-05-12,10869.402314,10964.138193,10555.864683,10680.517155,Bear,313.53763100000106,94.73587899999984
2020-05-13,10680.810455,10796.66393,10415.960613,10531.227488,Bear,264.84984200000144,115.85347499999989
2020-05-14,10531.520788,10699.874951,10379.298121,10684.916654,Bull,168.35416299999997,152.222667
2020-05-15,10684.623354,10733.017844,10471.394301,10696.648652,Bull,48.39449000000059,213.2290529999991
2020-05-17,10717.179647,10809.862427,10688.142954,10792.264431,Bull,92.68277999999918,29.036693000000014
2020-05-18,10791.971131,10982.909389,10764.107637,10961.791794,Bull,190.93825800000013,27.863494000001083
2020-05-19,10960.618594,11048.315275,10879.081212,10971.763991,Bull,87.69668100000126,81.53738200000043
2020-05-20,10972.350591,11149.210452,10936.567999,11093.776765,Bull,176.859860999999,35.78259199999957
2020-05-21,11093.776765,11158.00945,10890.813209,10900.492107,Bear,202.9635560000006,64.23268499999904
2020-05-22,10899.905507,11054.474573,10842.12542,11053.301373,Bull,154.56906600000002,57.780086999999185
2020-05-24,11023.67808,11104.335562,11018.105381,11085.857666,Bull,80.65748200000053,5.572699000000284
2020-05-25,11085.564366,11256.851529,11079.698368,11241.893232,Bull,171.28716299999905,5.865998000001127
2020-05-26,11242.186532,11267.410326,10996.401186,11124.279958,Bear,245.78534600000057,25.223793999999543
2020-05-27,11124.573258,11154.783151,10761.174638,11022.21158,Bear,363.39861999999994,30.209892999999283
2020-05-28,11020.745081,11222.242136,10934.808199,11089.670565,Bull,201.49705500000164,85.93688199999997
2020-05-29,11090.843765,11251.57213,10995.227986,11247.172631,Bull,160.72836500000085,95.61577899999975
2020-05-31,11160.64915,11238.666933,11087.030866,11222.828736,Bull,78.01778300000115,73.61828400000013
2020-06-01,11223.415336,11269.463426,11123.400058,11233.387534,Bull,46.04809000000023,100.01527800000076
2020-06-02,11234.267434,11371.238504,11150.970252,11346.894609,Bull,136.97107000000142,83.29718200000025
2020-06-03,11346.894609,11413.180394,11310.525417,11346.014709,Bear,36.36919200000011,66.28578500000003
2020-06-04,11346.601309,11429.898491,11230.161235,11330.763113,Bear,116.4400740000001,83.29718200000025
2020-06-05,11331.056412,11551.617964,11264.770627,11506.449774,Bull,220.5615519999992,66.28578500000003
2020-06-07,11519.648271,11585.934056,11507.036374,11547.511765,Bull,66.28578500000003,12.611897000000681
2020-06-08,11546.631865,11615.85065,11435.17789,11595.319654,Bull,69.21878500000093,111.45397499999854
2020-06-09,11594.439755,11751.35522,11510.849273,11739.916523,Bull,156.91546500000004,83.59048199999961
2020-06-10,11739.623223,11914.429984,11683.309635,11753.99492,Bull,174.80676099999982,56.31358800000089
2020-06-11,11753.70162,11762.207318,11244.532931,11404.967996,Bear,509.1686890000001,8.505698000000848
2020-06-12,11404.967996,11555.137563,11139.238255,11315.511516,Bear,265.7297409999992,150.16956700000082
2020-06-14,11188.512644,11260.664428,11151.263552,11190.565743,Bull,72.15178399999968,37.24909200000002
2020-06-15,11189.099244,11686.916606,11005.825944,11631.113576,Bull,497.8173619999998,183.27330000000075
2020-06-16,11631.994676,11750.062139,11497.186305,11704.538615,Bull,118.0674629999994,134.808371000001
2020-06-17,11704.244915,11803.809268,11591.170355,11700.133113,Bear,113.07455999999911,99.56435300000157
2020-06-18,11700.720513,11782.075456,11659.015091,11755.642442,Bull,81.35494300000028,41.70542200000091
2020-06-19,11755.936142,11880.171308,11649.322986,11659.896191,Bear,106.61315600000125,124.23516600000039
2020-06-21,11592.932556,11745.362937,11564.14994,11713.055919,Bull,152.43038100000012,28.782616000000417
2020-06-22,11711.881119,11933.918437,11683.685904,11877.528007,Bull,222.0373180000006,28.195214999999735
2020-06-23,11879.290208,12096.040923,11852.269793,12020.266283,Bull,216.75071500000013,27.020415000000867
2020-06-24,12020.853683,12024.965485,11662.539493,11733.32123,Bear,358.31418999999914,4.111802000001262
2020-06-25,11733.61493,11889.569713,11613.491567,11861.080798,Bull,155.95478300000104,120.12336300000061
2020-06-26,11860.493398,11888.982313,11541.535028,11565.618441,Bear,318.9583700000003,28.488914999999906
2020-06-28,11496.011504,11609.379764,11489.843801,11527.731121,Bull,113.36825999999928,6.167702999999165
2020-06-29,11527.731121,11774.732952,11429.341569,11761.810145,Bull,247.00183099999958,98.38955200000055
2020-06-30,11762.397546,11949.484545,11677.811901,11900.436619,Bull,187.0869989999992,84.58564500000102
2020-07-01,11900.142919,12112.194431,11837.291085,12086.348818,Bull,212.051512,62.851833999999144
2020-07-02,12086.936218,12244.065801,12076.363012,12159.480156,Bull,157.1295829999999,10.573206000000937
2020-07-03,12158.599056,12205.884781,12110.725931,12137.452645,Bear,47.873124999998254,47.28572500000155
2020-07-05,12155.955755,12340.986853,12149.200651,12321.308942,Bull,185.03109799999947,6.7551040000016656
2020-07-06,12321.015242,12528.661252,12291.938927,12456.998414,Bull,207.6460100000004,29.07631500000025
2020-07-07,12456.411014,12563.905271,12342.161653,12357.140361,Bear,114.24936100000014,107.49425700000029
2020-07-08,12356.846661,12563.905271,12341.574253,12537.472257,Bull,207.05861000000004,15.272407999998904
2020-07-09,12537.472257,12657.595621,12405.894587,12549.220263,Bull,120.12336400000095,131.57766999999876
2020-07-10,12548.632863,12743.649767,12482.844028,12739.244264,Bull,195.01690400000007,65.7888350000012
2020-07-12,12744.530867,12816.487405,12743.943467,12780.655986,Bull,71.95653800000036,0.5874000000003434
2020-07-13,12780.949686,12991.532698,12407.656788,12480.788127,Bear,373.2928979999997,210.58301200000096
2020-07-14,12480.494427,12616.771299,12169.465962,12563.317871,Bull,136.27687200000037,311.0284649999994
2020-07-15,12563.024171,12648.490916,12395.615082,12461.110217,Bear,167.40908899999886,85.46674500000154
2020-07-16,12460.816516,12506.927441,12306.623935,12442.607107,Bear,154.19258100000116,46.11092499999904
2020-07-17,12442.019706,12534.828956,12379.461573,12479.319626,Bull,92.80925000000025,62.558132999998634
2020-07-19,12477.851125,12519.850248,12396.496182,12434.677203,Bear,81.35494299999846,41.99912300000142
2020-07-20,12434.089802,12947.477675,12389.741079,12939.841471,Bull,513.3878729999997,44.34872300000097
2020-07-21,12939.25407,12990.945298,12669.931027,12751.579671,Bear,269.3230430000003,51.69122799999968
2020-07-22,12751.285971,12804.445699,12642.323213,12731.90176,Bear,108.96275799999967,53.15972800000054
2020-07-23,12731.60806,12850.556623,12276.960219,12328.651446,Bear,454.64784099999997,118.94856299999992
2020-07-24,12328.357746,12371.825369,12101.621226,12289.295625,Bear,226.73652000000038,43.46762300000046
2020-07-26,12323.658544,12386.216677,12219.101288,12368.300967,Bull,62.55813300000045,104.55725600000005
2020-07-27,12367.713567,12639.092511,12328.651446,12574.184777,Bull,271.37894400000005,39.06212100000084
2020-07-28,12573.891076,12592.981587,12349.797857,12363.308065,Bear,224.09321900000032,19.090511000000333
2020-07-29,12362.426964,12572.716276,12356.259261,12526.899052,Bull,210.28931199999897,6.167703000000984
2020-07-30,12527.780152,12851.144024,12338.637252,12774.194583,Bull,323.3638719999999,189.14289999999892
2020-07-31,12774.781983,12844.68262,12559.793469,12822.067708,Bull,69.90063699999882,214.98851400000058
2020-08-02,12844.38892,12869.940834,12777.425285,12841.451919,Bear,66.96363500000007,25.55191400000149
2020-08-03,12841.745619,13008.567307,12804.739399,12986.833496,Bull,166.821688,37.0062199999993
2020-08-04,12987.127196,13043.811326,12902.835251,13032.06332,Bull,56.68412999999964,84.29194499999903
2020-08-05,13032.65072,13091.978152,12998.581502,13020.902714,Bear,34.06921800000055,59.327432000000044
2020-08-06,13020.902714,13255.569138,12983.015394,13163.64099,Bull,234.66642400000092,37.88731999999982
2020-08-07,13163.93469,13237.653429,12964.218584,13077.293144,Bear,199.71610599999985,73.71873899999991
2020-08-09,13087.572649,13106.663159,13008.567307,13062.901836,Bear,79.00534200000038,19.090509999999995
2020-08-10,13063.195536,13095.208853,12838.514917,13050.56643,Bear,224.68061899999884,32.013317000000825
2020-08-11,13050.272729,13108.13166,12741.300165,12801.802397,Bear,308.9725639999997,57.85893099999885
2020-08-12,12800.333897,13141.026078,12791.229192,13060.258535,Bull,340.69218100000035,9.10470499999974
2020-08-13,13059.964835,13235.303828,13033.825521,13160.116588,Bull,175.3389929999994,26.139314000000013
2020-08-14,13160.116588,13202.11571,13035.587722,13095.796254,Bear,124.52886600000056,41.99912199999926
2020-08-16,13093.152952,13146.01898,13089.92225,13136.326875,Bull,52.86602800000037,3.230702000000747
2020-08-17,13136.620575,13289.638357,13128.396971,13269.960446,Bull,153.017781999999,8.223604000000705
2020-08-18,13269.079346,13436.194734,13237.653429,13413.286122,Bull,167.11538800000017,31.42591700000048
2020-08-19,13413.286122,13437.369535,13183.0252,13220.03142,Bear,230.26092199999948,24.08341300000029
2020-08-20,13218.856619,13538.402389,13217.975518,13517.255977,Bull,319.54577000000063,0.8811010000008537
2020-08-21,13518.137078,13596.555019,13400.950716,13582.751112,Bull,78.4179409999997,117.18636200000037
2020-08-23,13605.366024,13645.309245,13588.918815,13633.561239,Bull,39.94322099999954,16.44720899999993
2020-08-24,13633.854939,13771.600312,13543.395291,13718.440584,Bull,137.74537299999974,90.45964800000002
2020-08-25,13718.440584,13813.305735,13598.02352,13791.571923,Bull,94.86515099999997,120.4170639999993
2020-08-26,13790.984523,14099.369686,13776.593215,14050.32176,Bull,308.38516300000083,14.39130799999839
2020-08-27,14050.615461,14151.648314,13903.471682,14102.012988,Bull,101.03285300000061,147.143779
2020-08-28,14101.425588,14119.047597,14004.210836,14099.957087,Bear,97.21475199999986,17.622009000000617
2020-08-30,14100.838187,14205.395443,14095.257884,14194.234837,Bull,104.55725600000005,5.580302999998821
2020-08-31,14194.822237,14302.610194,14083.803578,14289.687388,Bull,107.78795700000046,111.01865900000121
2020-09-01,14289.099987,14587.793046,14244.457564,14535.808118,Bull,298.6930590000011,44.642422999999326
2020-09-02,14535.808118,14644.183476,14299.966893,14550.493126,Bull,108.37535799999932,235.84122500000012
2020-09-03,14550.493126,14580.450542,13607.128225,13733.419292,Bear,943.364900999999,29.957416000001103
2020-09-04,13734.006692,13913.163788,13089.62855,13555.143298,Bear,644.3781420000014,179.157095999999
2020-09-06,13546.625993,13566.891304,13283.764353,13422.097127,Bear,262.86163999999917,20.26531100000102
2020-09-07,13421.803427,13610.065227,13358.951593,13510.794574,Bull,188.2617999999984,62.85183400000096
2020-09-08,13509.326073,13597.14242,12846.738521,13109.893861,Bear,662.5875520000009,87.81634699999995
2020-09-09,13110.187561,13485.24266,12987.714596,13363.944496,Bull,375.05509899999925,122.47296500000084
2020-09-10,13365.412997,13588.625115,13026.189317,13207.108613,Bear,339.22367999999915,223.21211800000128
2020-09-11,13207.108613,13341.329584,12849.381823,13006.217706,Bear,357.7267900000006,134.22097099999883
2020-09-13,13044.986127,13208.283413,13044.986127,13181.556699,Bull,163.29728599999908,0.0
2020-09-14,13181.850399,13347.976388,13137.746569,13307.106535,Bull,166.1259889999983,44.103830000000016
2020-09-15,13307.400563,13521.158715,13280.644041,13494.108165,Bull,213.75815200000034,26.756521999999677
2020-09-16,13494.990248,13571.143428,13014.254927,13058.065057,Bear,480.7353210000001,76.15317999999934
2020-09-17,13058.94714,13142.74504,12824.607047,13053.948669,Bear,234.3400930000007,83.79789999999957
2020-09-18,13054.242697,13128.925737,12633.783057,12864.888845,Bear,420.4596399999991,74.68303999999989
2020-09-20,12843.130794,12925.752583,12763.449282,12801.378858,Bear,79.68151200000102,82.6217889999989
2020-09-21,12800.496774,12993.084931,12533.225577,12906.934809,Bull,192.58815700000014,267.27119700000003
2020-09-22,12908.11092,13161.856842,12816.668299,13071.296304,Bull,253.74592200000006,91.44262099999833
2020-09-23,13071.590332,13198.316279,12613.789173,12629.960697,Bear,457.80115900000055,126.72594700000082
2020-09-24,12631.430836,12951.038967,12537.635993,12878.41412,Bull,319.60813100000087,93.79484299999967
2020-09-25,12877.238009,13132.748098,12718.169013,13095.994633,Bull,255.51008899999943,159.06899599999997
2020-09-27,13107.755742,13162.15087,13102.169215,13150.095733,Bull,54.39512800000011,5.586526999999478
2020-09-28,13150.683789,13460.589005,13150.389761,13459.412894,Bull,309.9052159999992,0.2940280000002531
2020-09-29,13460.00095,13464.999421,13209.489333,13250.653213,Bear,250.51161700000011,4.998471000000791
2020-09-30,13250.065158,13555.853986,13133.630181,13474.702336,Bull,305.78882800000065,116.43497699999898
2020-10-01,13474.408308,13648.472718,13457.942756,13481.759001,Bull,174.06441000000086,16.46555199999966
2020-10-02,13480.58289,13488.521638,13177.734339,13233.01155,Bear,302.84855099999913,7.938748000000487
2020-10-04,13300.04987,13367.382218,13266.824738,13333.56903,Bull,67.33234799999991,33.225132000001395
2020-10-05,13333.863058,13522.334826,13251.829324,13469.115809,Bull,188.47176799999943,82.03373400000055
2020-10-06,13469.115809,13554.08982,13169.501563,13276.82168,Bear,299.614246000001,84.97401099999843
2020-10-07,13276.527653,13549.973432,13266.824738,13535.566074,Bull,273.4457790000015,9.702914999999848
2020-10-08,13534.978018,13645.826468,13510.867745,13635.535498,Bull,110.8484499999995,24.110273000000234
2020-10-09,13635.241471,13806.365603,13587.020925,13793.134356,Bull,171.12413200000083,48.22054599999865
2020-10-11,13787.253802,13850.763789,13746.089921,13846.647401,Bull,63.509987000001274,41.16388099999858
2020-10-12,13846.059346,14345.024386,13843.413096,14180.368863,Bull,498.96503999999914,2.6462499999997817
2020-10-13,14180.368863,14406.182151,14135.676649,14281.220371,Bull,225.8132880000012,44.692213999998785
2020-10-14,14281.220371,14322.678279,13950.733214,13992.191122,Bear,330.48715699999957,41.457908000000316
2020-10-15,13990.426956,14044.528056,13803.425326,13929.857246,Bear,187.00162999999884,54.10109999999986
2020-10-16,13929.563218,14139.204982,13868.69948,13872.52184,Bear,60.86373800000001,209.64176399999997
2020-10-18,13897.808224,14020.417783,13897.808224,13986.01654,Bull,122.60955900000044,0.0
2020-10-19,13986.01654,14055.113054,13632.595221,13762.261445,Bear,353.42131900000095,69.09651399999893
2020-10-20,13761.379362,13868.69948,13641.122025,13800.191021,Bull,107.32011799999964,120.2573369999991
2020-10-21,13800.485049,13853.704066,13625.244528,13654.353272,Bear,175.24052100000154,53.21901699999944
2020-10-22,13653.177161,13788.72394,13538.212323,13722.861731,Bull,135.54677900000024,114.96483799999987
2020-10-23,13721.68562,13750.794364,13585.256758,13724.33187,Bull,29.108743999999206,136.42886200000066
2020-10-25,13682.873961,13689.930626,13610.543142,13659.057716,Bear,72.33081899999888,7.056665000000066
2020-10-26,13659.351744,13755.20478,13340.919723,13542.034683,Bear,318.4320209999987,95.85303600000043
2020-10-27,13542.622739,13669.936741,13508.809551,13572.907594,Bull,127.31400199999916,33.81318800000008
2020-10-28,13573.495649,13603.780505,13082.763385,13229.18919,Bear,490.7322640000002,30.284856000000218
2020-10-29,13229.777245,13475.584419,13107.755742,13160.386703,Bear,122.02150299999994,245.8071740000014
2020-10-30,13160.386703,13268.000849,12871.94551,13041.893532,Bear,288.44119300000057,107.61414599999989
2020-11-01,12977.795489,13039.541311,12915.755641,13032.190618,Bull,61.74582200000077,62.03984800000035
2020-11-02,13031.308534,13186.55517,12869.299261,13034.542839,Bull,155.24663599999985,162.00927299999967
2020-11-03,13035.71895,13841.060874,13020.429509,13555.853986,Bull,805.3419240000003,15.289441000000807
2020-11-04,13552.619681,14098.041101,13294.757371,14074.224856,Bull,545.4214200000006,257.86231000000043
2020-11-05,14072.46069,14253.875793,14000.423898,14072.166662,Bear,72.03679200000079,181.41510299999936
2020-11-06,14074.812911,14241.526628,13958.377934,14224.473021,Bull,166.71371699999872,116.4349770000008
2020-11-08,14277.103983,14594.065864,14256.81607,14562.310871,Bull,316.96188099999927,20.287913000000117
2020-11-09,14562.016843,14565.545175,13738.4452,13787.841857,Bear,823.5716429999993,3.528331999999864
2020-11-10,13788.135885,13962.494322,13529.097464,13713.452844,Bear,259.0384209999993,174.35843700000078
2020-11-11,13713.158816,14016.595423,13613.777447,13956.31974,Bull,303.43660700000146,99.38136899999881
2020-11-12,13956.025713,14084.809854,13849.587678,13938.384049,Bear,106.43803500000104,128.78414099999827
2020-11-13,13938.384049,14057.759304,13880.166561,14048.938472,Bull,119.37525499999902,58.21748800000023
2020-11-15,14063.051803,14189.77775,14063.051803,14165.373449,Bull,126.725946999999,0.0
2020-11-16,14165.961504,14226.531215,13938.972105,14108.626099,Bear,226.98939900000005,60.5697110000001
2020-11-17,14108.626099,14182.133029,14034.237086,14054.524999,Bear,74.38901299999998,73.50693000000138
2020-11-18,14053.348888,14145.673592,13914.861832,13971.315154,Bear,138.48705599999994,92.32470399999875
2020-11-19,13971.609182,14129.796095,13883.400866,14100.981378,Bull,158.18691299999955,88.2083160000002
2020-11-20,14099.51124,14138.028871,13964.552517,14005.128342,Bear,134.95872299999974,38.51763100000062
2020-11-22,13988.66279,14060.699581,13985.722512,14050.996666,Bull,72.03679100000045,2.940278000000035
2020-11-23,14050.702638,14115.388737,13887.811282,14071.872634,Bull,64.68609899999865,162.8913560000001
2020-11-24,14072.166662,14316.797725,13963.670433,14238.880379,Bull,244.63106300000072,108.49622900000031
2020-11-25,14239.762462,14363.84216,14204.479136,14347.08258,Bull,124.07969799999955,35.28332600000067
2020-11-26,14347.08258,14376.191324,14262.696624,14331.205083,Bear,84.38595600000008,29.108743999999206
2020-11-27,14331.205083,14474.984638,14325.912584,14434.70284,Bull,143.77955499999916,5.292499000001044
2020-11-29,14450.286309,14509.973936,14360.607855,14380.895768,Bear,89.67845399999896,59.68762700000116
2020-11-30,14380.895768,14585.833088,14214.476078,14561.13476,Bull,204.9373199999991,166.41969000000063
2020-12-01,14559.664621,14715.79334,14506.445604,14609.943361,Bull,156.12871900000027,53.21901699999944
2020-12-02,14610.237389,14698.445705,14480.865192,14671.395155,Bull,88.2083160000002,129.3721970000006
2020-12-03,14669.925016,14748.724445,14635.523773,14711.676952,Bull,78.7994290000006,34.40124299999843
2020-12-04,14712.559035,14743.431946,14640.816272,14712.265008,Bear,71.7427630000002,30.872911000000386
2020-12-06,14730.788754,14786.654021,14712.853063,14717.263479,Bear,17.93569099999877,55.86526700000104
2020-12-07,14717.851534,14833.404428,14671.689182,14792.240547,Bull,115.55289400000038,46.16235199999937
2020-12-08,14791.064436,14907.205386,14703.738204,14874.274281,Bull,116.14094999999907,87.32623200000126
2020-12-09,14874.568309,14881.919002,14474.102555,14493.802412,Bear,400.46575400000074,7.350693000000319
2020-12-10,14493.802412,14641.404327,14370.016742,14544.963235,Bull,147.6019150000011,123.7856699999993
2020-12-11,14544.963235,14568.191425,14388.834516,14543.199069,Bear,156.12871899999845,23.228190000001632
2020-12-13,14590.243504,14631.407385,14567.897397,14572.601841,Bear,22.346106999999392,41.1638810000004
2020-12-14,14572.307813,14754.310971,14569.955591,14652.871408,Bull,182.00315800000135,2.3522219999995286
2020-12-15,14653.165436,14849.86998,14649.049048,14838.402899,Bull,196.70454400000017,4.116387999998551
2020-12-16,14838.108872,14952.485655,14786.065965,14950.133433,Bull,114.3767829999997,52.04290700000092
2020-12-17,14950.42746,15015.113559,14917.496356,14962.188569,Bull,64.68609899999865,32.93110400000114
2020-12-18,14962.482597,15042.164109,14830.758179,14993.649535,Bull,79.6815119999992,131.7244179999998
2020-12-20,15007.17481,15033.637305,14965.716902,15010.703143,Bull,26.462494999999763,41.457908000000316
2020-12-21,15010.703143,15014.525503,14655.517658,14887.505528,Bear,355.18548499999997,3.822360000000117
2020-12-22,14887.799556,15007.17481,14811.352349,14933.373853,Bull,119.3752540000005,76.44720699999925
2020-12-23,14932.49177,14982.182454,14846.635675,14900.442748,Bear,85.856095000001,49.69068399999924
2020-12-24,14900.442748,14964.834819,14883.683168,14940.13649,Bull,64.39207100000021,16.759579999999914
2020-12-27,14908.675524,15037.753693,14883.977196,15029.226889,Bull,129.07816900000034,24.6983280000004
2020-12-28,15029.226889,15154.482698,14984.534676,15146.837977,Bull,125.25580900000023,44.692213000000265
2020-12-29,15147.132005,15193.294357,15063.92216,15142.427561,Bear,83.2098449999994,46.16235200000119
2020-12-30,15142.427561,15183.297414,15078.329519,15111.554651,Bear,64.09804199999962,40.86985300000015
2020-12-31,15111.260623,15167.12589,15050.102857,15151.836448,Bull,55.86526699999922,61.157766000000265
2021-01-03,15158.893114,15177.710888,15083.916045,15134.194785,Bear,74.97706900000048,18.81777399999919
2021-01-04,15134.488813,15242.102958,14727.848477,14927.493298,Bear,406.6403360000004,107.61414499999955
2021-01-05,14927.199271,15106.262152,14791.94652,14831.934289,Bear,135.252751,179.06288099999983
2021-01-06,14833.698456,15049.514802,14691.095012,14947.781211,Bull,215.8163459999996,142.6034440000003
2021-01-07,14948.369266,15263.86101,14889.85775,15251.511845,Bull,315.49174400000084,58.51151600000048
2021-01-08,15251.511845,15436.455281,15203.879355,15434.397087,Bull,184.94343599999956,47.63249000000178
2021-01-10,15399.113761,15413.227091,15315.021833,15333.545579,Bear,84.09192799999983,14.113330000000133
2021-01-11,15333.839607,15377.355709,15138.605201,15190.942135,Bear,195.23440599999958,43.51610199999959
2021-01-12,15190.648107,15241.220875,15015.701614,15190.648107,Bear,174.94649300000128,50.572767999999996
2021-01-13,15190.060052,15307.083084,15078.623546,15247.395457,Bull,117.02303199999915,111.43650600000001
2021-01-14,15247.983513,15323.254609,15089.502572,15093.324932,Bear,158.4809409999998,75.2710960000004
2021-01-15,15092.736877,15208.583798,14987.768981,15005.998699,Bear,104.96789600000011,115.8469210000003
2021-01-17,15023.93439,15049.514802,14968.363151,15037.753693,Bull,25.580411999999342,55.57123900000079
2021-01-18,15036.577582,15229.459766,15010.409115,15189.177969,Bull,192.88218400000005,26.16846699999951
2021-01-19,15189.471997,15358.831963,15112.142706,15346.776827,Bull,169.359966,77.32929100000001
2021-01-20,15347.070854,15750.476886,15338.838078,15734.893416,Bull,403.4060320000008,8.232775999998921
2021-01-21,15734.599389,15787.524378,15622.574828,15699.022035,Bear,112.02456100000018,52.92498899999919
2021-01-22,15698.139952,15756.35744,15642.568713,15707.254811,Bull,58.21748800000023,55.57123899999897
2021-01-24,15724.602446,15841.037423,15723.132308,15830.746453,Bull,116.43497699999898,1.4701380000005884
2021-01-25,15831.334509,15941.594903,15511.726377,15762.532022,Bear,319.6081319999994,110.260393999999
2021-01-26,15762.82605,15994.813921,15740.185915,15951.885874,Bull,231.98787100000118,22.640134999999646
2021-01-27,15951.885874,15963.352955,15153.894642,15326.194886,Bear,797.9912320000003,11.46708100000069
2021-01-28,15326.488914,15752.829107,15179.181026,15291.793643,Bear,147.30788799999937,426.340193
2021-01-29,15291.793643,15485.851938,15088.326461,15137.135062,Bear,203.46718200000032,194.0582949999989
2021-01-31,15111.848679,15269.153509,14968.657179,15260.038649,Bull,157.30482999999913,143.19150000000081
2021-02-01,15260.332677,15726.072585,15208.583798,15677.263983,Bull,465.73990799999956,51.74887900000067
2021-02-02,15678.146067,15932.774072,15643.744823,15930.42185,Bull,254.62800500000048,34.40124399999877
2021-02-03,15930.127822,15976.87823,15695.493702,15738.127721,Bear,234.63412000000062,46.75040799999988
2021-02-04,15739.009805,16014.21975,15721.662169,16009.515307,Bull,275.2099450000005,17.34763600000042
2021-02-05,16010.691418,16040.388217,15900.431023,15999.224336,Bear,110.26039500000115,29.696798999999373
2021-02-07,16023.040582,16097.723623,16001.28253,16084.786403,Bull,74.68304100000023,21.758051999999225
2021-02-08,16085.080431,16110.366814,15990.403505,16088.608763,Bull,25.28638300000057,94.6769260000001
2021-02-09,16088.902791,16173.288746,16035.095718,16159.469444,Bull,84.38595499999974,53.807072999999946
2021-02-10,16159.763471,16194.164715,15897.196718,16052.737381,Bear,262.566753000001,34.40124400000059
2021-02-11,16052.149326,16164.173887,16023.922665,16132.418893,Bull,112.02456100000018,28.226661000000604
2021-02-12,16133.006949,16254.734425,16049.209049,16254.734425,Bull,121.72747600000002,83.79790000000139
2021-02-14,16265.025395,16308.835525,16242.091233,16280.314836,Bull,43.810129999999845,22.93416200000138
2021-02-15,16280.902892,16348.529267,16268.553728,16329.417466,Bull,67.62637499999983,12.349163999999291
2021-02-16,16329.123438,16335.003992,16105.662371,16181.227495,Bear,223.46106700000018,5.8805539999993925
2021-02-17,16181.227495,16212.688461,15928.069628,16028.921136,Bear,253.1578669999999,31.460966000000553
2021-02-18,16028.627108,16076.847654,15839.861312,16014.807806,Bear,188.76579599999968,48.22054599999865
2021-02-19,16014.807806,16146.826252,15918.366714,15963.352955,Bear,96.44109200000094,132.01844600000004
2021-02-21,15977.466285,16029.215164,15902.783244,15905.135466,Bear,74.68304100000023,51.74887899999885
2021-02-22,15905.429494,15921.601018,15518.194987,15652.859683,Bear,387.2345069999992,16.17152399999941
2021-02-23,15653.741766,15659.328293,15003.940505,15392.939179,Bear,649.8012609999987,5.586527000001297
2021-02-24,15392.939179,15697.845924,15240.044764,15686.378843,Bull,304.9067449999984,152.89441500000066
2021-02-25,15686.67287,15705.490645,14892.209972,14936.31413,Bear,794.4628979999998,18.81777499999953
2021-02-26,14936.608158,15394.703345,14913.968023,15178.592971,Bull,458.0951870000008,22.640134999999646
2021-02-28,15239.456709,15390.292929,15226.225462,15357.361824,Bull,150.83621999999923,13.231246999999712
2021-03-01,15357.361824,15675.499817,15330.311274,15548.77387,Bull,318.1379930000003,27.05054999999993
2021-03-02,15548.185815,15645.803017,15346.188771,15461.447637,Bear,201.99704400000155,97.61720199999945
2021-03-03,15461.447637,15515.25471,14714.617229,14790.182353,Bear,746.8304079999998,53.807072999999946
2021-03-04,14790.476381,15050.690913,14471.456305,14666.102656,Bear,319.0200760000007,260.21453199999996
2021-03-05,14666.102656,14933.961908,14357.079522,14880.742891,Bull,267.8592520000002,309.0231339999991
2021-03-07,14954.249821,15008.644949,14714.617229,14745.196112,Bear,239.63259199999993,54.39512800000011
2021-03-08,14745.49014,14955.131904,14444.699783,14631.113357,Bear,300.79035699999986,209.64176399999997
2021-03-09,14629.937246,15133.60673,14544.37518,15003.35245,Bull,503.669484,85.56206600000041
2021-03-10,15003.058422,15281.502673,14940.13649,15102.145764,Bull,278.4442510000008,62.92193199999929
2021-03-11,15103.321875,15429.692643,15082.151879,15307.377112,Bull,326.3707680000007,21.169996000000538
2021-03-12,15306.789057,15315.315861,15016.877725,15214.464353,Bear,289.9113319999997,8.526803999999174
2021-03-14,15230.635877,15300.614475,15199.468939,15233.870182,Bull,69.97859799999969,31.1669380000003
2021-03-15,15232.988099,15451.156667,15138.899229,15445.864168,Bull,218.16856799999914,94.08886999999959
2021-03-16,15445.864168,15637.701428,15390.553425,15441.159921,Bear,55.310743,191.83726000000024
2021-03-17,15440.571473,15618.57688,15222.257404,15527.073274,Bull,178.00540700000056,218.31406900000002
2021-03-18,15527.367498,15568.853055,15007.474021,15059.845859,Bear,519.8934769999996,41.48555699999997
2021-03-19,15059.845859,15179.889175,14925.091353,15094.270045,Bull,120.04331600000114,134.7545059999993
2021-03-21,15072.497483,15221.374732,15050.724921,15202.250185,Bull,148.87724900000103,21.77256199999829
2021-03-22,15201.661737,15484.410821,15146.641884,15320.233934,Bull,282.74908399999913,55.019852999999785
2021-03-23,15319.93971,15502.06425,15274.923466,15357.01191,Bull,182.1245399999989,45.01624400000037
2021-03-24,15356.717686,15470.582302,15007.768244,15074.262826,Bear,348.9494419999992,113.86461600000075
2021-03-25,15074.55705,15134.284484,14840.354895,15105.45055,Bull,59.72743400000036,234.20215499999904
2021-03-26,15106.921669,15286.103971,14918.618429,15251.385561,Bull,179.18230200000107,188.30323999999928
2021-03-28,15271.098557,15271.098557,15118.396398,15153.114808,Bear,152.70215899999857,0.0
2021-03-29,15153.114808,15303.168952,15073.085931,15225.199642,Bull,150.05414399999972,80.02887700000065
2021-03-30,15225.493866,15225.78809,15036.602178,15164.001089,Bear,188.89168800000152,0.2942239999993035
2021-03-31,15163.118418,15485.587716,15135.167155,15448.221292,Bull,322.469298,27.951263000000836
2021-04-01,15447.338621,15737.737524,15442.925264,15726.851243,Bull,290.39890299999934,4.41335700000127
2021-04-02,15726.557019,15762.1581,15702.72489,15704.784457,Bear,23.83212900000035,35.601081000000704
2021-04-04,15698.605757,15718.612976,15657.708647,15678.892761,Bear,40.897109999999884,20.007219000000987
2021-04-05,15679.186985,16031.961337,15665.946914,15980.177946,Bull,352.77435200000036,13.240071000000171
2021-04-06,15980.47217,16070.504656,15916.625602,15958.993831,Bear,63.846567999999024,90.03248600000006
2021-04-07,15958.699607,16132.585881,15902.797083,16129.055195,Bull,173.8862740000004,55.902524000000994
2021-04-08,16129.349419,16290.289844,16104.634619,16232.916201,Bull,160.9404250000007,24.71479999999974
2021-04-09,16233.504649,16287.936054,16062.560613,16254.100315,Bull,54.43140499999936,170.94403600000078
2021-04-11,16262.044358,16279.10934,16203.199596,16222.02992,Bear,58.84476199999881,17.06498200000169
2021-04-12,16222.324144,16280.874682,16161.125591,16231.150858,Bull,58.550537999999506,61.198553000000175
2021-04-13,16232.03353,16469.472146,16209.084072,16453.289837,Bull,237.43861599999946,22.94945800000096
2021-04-14,16453.584061,16510.66348,16209.084072,16256.74833,Bear,244.49998900000173,57.07941899999787
2021-04-15,16256.454106,16516.84218,16255.571435,16461.822327,Bull,260.3880740000004,0.8826709999993909
2021-04-16,16461.23388,16546.558785,16422.102113,16504.779004,Bull,85.32490500000131,39.131766999998945
2021-04-18,16463.58767,16538.026295,16445.05157,16527.434238,Bull,74.43862499999886,18.53610000000117
2021-04-19,16527.728461,16534.201385,16265.869268,16379.145436,Bear,261.8591929999984,6.4729240000015125
2021-04-20,16378.556988,16398.564208,16134.939671,16171.1292,Bear,243.61731700000018,20.007219999999506
2021-04-21,16172.011872,16390.031717,16124.05339,16369.730274,Bull,218.01984500000253,47.958482000000004
2021-04-22,16370.024498,16411.510055,16125.524509,16207.024505,Bear,244.4999889999999,41.48555699999815
2021-04-23,16207.318729,16454.172508,16167.010067,16362.963126,Bull,246.85377899999912,40.30866200000128
2021-04-25,16382.087674,16410.921608,16364.728469,16396.798865,Bull,28.833934000000227,17.359205000000657
2021-04-26,16397.387312,16522.726657,16318.241107,16505.661675,Bull,125.33934500000032,79.1462049999991
2021-04-27,16505.955899,16535.378281,16373.555183,16444.463122,Bear,132.4007160000001,29.422382000000653
2021-04-28,16444.757346,16513.017271,16332.952297,16496.834961,Bull,68.25992500000211,111.80504899999869
2021-04-29,16496.540737,16551.854814,16262.92703,16355.607531,Bear,233.6137069999986,55.31407699999909
2021-04-30,16355.607531,16425.632798,16264.398149,16317.946883,Bear,91.2093819999991,70.02526699999908
2021-05-02,16335.600312,16362.963126,16318.829554,16322.948688,Bear,16.77075800000057,27.36281400000007
2021-05-03,16322.948688,16414.746517,16150.533533,16173.482991,Bear,172.4151550000006,91.79782899999918
2021-05-04,16173.188767,16214.674325,15747.741134,15976.058812,Bear,425.44763299999977,41.48555800000031
2021-05-05,15975.764589,16082.862056,15830.418025,15857.192392,Bear,145.3465639999995,107.0974669999996
2021-05-06,15856.898168,16077.566028,15757.156296,16056.087689,Bull,220.66785999999956,99.74187200000051
2021-05-07,16055.793466,16262.338582,15991.946898,16141.706819,Bull,206.54511600000114,63.846567999999024
2021-05-09,16144.649057,16184.663496,16136.41079,16149.650862,Bull,40.014438999998674,8.238267000000633
2021-05-10,16149.062414,16153.475771,15499.710459,15553.259193,Bear,649.3519550000001,4.413356999999451
2021-05-11,15554.141865,15741.856657,15376.430682,15584.446917,Bull,187.71479200000067,177.71118299999944
2021-05-12,15583.270022,15697.428862,15252.268233,15365.544401,Bear,331.0017889999999,114.15884000000005
2021-05-13,15364.367506,15562.968579,15199.60217,15506.183383,Bull,198.60107299999981,164.7653360000004
2021-05-14,15505.300712,15801.289868,15491.472193,15768.042577,Bull,295.98915599999964,13.828519000000597
2021-05-16,15747.152686,15827.475787,15700.076876,15730.381929,Bear,47.075810000000274,80.32310099999995
2021-05-17,15730.676152,15768.336801,15514.715874,15710.963157,Bear,215.96027800000047,37.66064899999947
2021-05-18,15711.257381,15808.351239,15449.103964,15465.874721,Bear,262.15341699999954,97.09385800000018
2021-05-19,15466.168945,15585.623813,15245.795309,15571.795294,Bull,119.45486800000072,220.37363600000026
2021-05-20,15570.618398,15943.694193,15477.055226,15903.973978,Bull,373.07579499999883,93.56317200000012
2021-05-21,15903.679754,15970.46856,15765.394562,15786.872901,Bear,138.2851920000012,66.78880599999866
2021-05-23,15750.683372,15825.41622,15719.201424,15783.342215,Bull,74.73284799999965,31.481947999998738
2021-05-24,15782.753767,16106.988409,15779.223082,16088.158085,Bull,324.23464199999944,3.530684999999721
2021-05-25,16087.863861,16169.069634,16013.71946,16130.820538,Bull,81.20577299999968,74.14440099999956
2021-05-26,16131.408986,16157.006457,16071.681552,16093.748337,Bear,59.72743400000036,25.597470999999132
2021-05-27,16093.454114,16147.885519,16029.607546,16118.463138,Bull,54.43140499999936,63.84656800000084
2021-05-28,16119.345809,16198.197791,16079.625594,16107.576857,Bear,39.72021500000119,78.85198200000013
2021-05-30,16122.288047,16146.4144,16111.990214,16117.286243,Bear,10.297833000000537,24.126352999999654
2021-05-31,16117.286243,16137.587686,16066.385523,16116.697795,Bear,50.90071999999964,20.30144300000029
2021-06-01,16116.697795,16209.378296,15996.654479,16054.028123,Bear,120.04331599999932,92.68050100000073
2021-06-02,16053.439675,16138.470357,16009.600327,16106.399961,Bull,85.03068200000052,43.83934799999952
2021-06-03,16106.399961,16120.228481,15843.658097,15913.683364,Bear,262.7418639999996,13.828520000000935
2021-06-04,15914.271812,16222.02992,15879.259178,16197.903567,Bull,307.758108,35.01263400000062
2021-06-06,16209.67252,16223.206815,16162.302486,16175.542557,Bear,47.37003399999958,13.534294999999474
2021-06-07,16176.131005,16318.241107,16113.461333,16285.582263,Bull,142.11010200000055,62.66967199999999
2021-06-08,16285.876487,16379.145436,16172.600319,16260.867463,Bear,113.27616800000033,93.26894900000116
2021-06-09,16260.573239,16363.845798,16251.158077,16276.755549,Bull,103.27255900000091,9.415161999999327
2021-06-10,16277.343997,16461.23388,16154.064219,16447.405361,Bull,183.88988299999983,123.27977800000008
2021-06-11,16447.405361,16473.885504,16396.798865,16468.001027,Bull,26.48014300000068,50.606496000000334
2021-06-13,16475.356623,16510.369256,16474.179727,16498.30608,Bull,35.0126330000021,1.176896000000852
2021-06-14,16497.423409,16669.948186,16436.478821,16643.15662,Bull,172.52477700000236,60.944587999998475
2021-06-15,16643.15662,16668.770535,16488.001064,16528.924446,Bear,155.15555600000152,25.613914999998087
2021-06-16,16529.218859,16599.877935,16287.211522,16382.306863,Bear,242.00733700000092,70.65907599999991
2021-06-17,16381.129211,16725.003383,16331.079032,16707.633027,Bull,343.8741719999998,50.050178999999844
2021-06-18,16708.221853,16728.241924,16498.894339,16508.021136,Bear,209.32751400000052,20.020071000002645
2021-06-20,16513.909392,16542.761849,16467.980993,16488.295477,Bear,45.928399000000354,28.85245699999723
2021-06-21,16488.001064,16668.476122,16438.245298,16659.349325,Bull,180.475058,49.7557659999984
2021-06-22,16659.643738,16841.885272,16565.431636,16824.514916,Bull,182.24153400000068,94.21210199999769
2021-06-23,16824.514916,16858.961216,16760.038509,16842.474098,Bull,34.44629999999961,64.47640699999829
2021-06-24,16842.768511,16984.086663,16834.230539,16912.249936,Bull,141.31815199999983,8.537971999998263
2021-06-25,16913.133174,16951.406841,16856.017087,16876.920397,Bear,57.116086999998515,38.273667000001296
2021-06-27,16899.295772,16919.02143,16879.570113,16907.539331,Bull,19.725657999999385,19.725658999999723
2021-06-28,16907.833743,17099.202075,16898.706946,17059.456345,Bull,191.36833200000183,9.126797000000806
2021-06-29,17059.750758,17191.942113,17039.14186,17173.394106,Bull,132.19135500000266,20.60889799999859
2021-06-30,17173.688518,17182.815316,17097.435598,17133.648375,Bear,76.252919999999,9.126798000001145
2021-07-01,17133.648375,17201.06891,17041.791576,17105.679157,Bear,91.85679900000105,67.42053500000111
2021-07-02,17105.679157,17345.625604,17091.547342,17312.651369,Bull,239.94644700000208,14.131814999997005
2021-07-04,17316.478735,17337.087633,17307.057525,17315.88991,Bear,9.421210000000428,20.60889799999859
2021-07-05,17315.595497,17339.737348,17281.44361,17295.575425,Bear,34.15188699999999,24.141851000000315
2021-07-06,17296.164251,17426.589129,17223.444285,17415.401442,Bull,130.42487800000163,72.71996599999693
2021-07-07,17414.812617,17527.867139,17342.387063,17410.102011,Bear,72.42555400000128,113.05452200000218
2021-07-08,17409.218773,17422.46735,17123.638339,17289.392756,Bear,285.5804339999995,13.248576999998477
2021-07-09,17288.215105,17466.923685,17273.494464,17446.020375,Bull,178.70858000000226,14.720640999999887
2021-07-11,17457.502475,17479.877849,17421.584111,17436.599165,Bear,35.91836400000102,22.375373999999283
2021-07-12,17436.893578,17533.460982,17411.574076,17521.095644,Bull,96.56740400000126,25.319501999998465
2021-07-13,17520.801231,17658.58643,17422.761763,17498.72027,Bear,98.03946800000267,137.7851989999981
2021-07-14,17498.72027,17660.058494,17477.81696,17567.024044,Bull,161.33822399999917,20.90331000000151
2021-07-15,17567.024044,17620.901589,17321.18934,17405.685819,Bear,245.83470400000078,53.87754499999937
2021-07-16,17405.685819,17511.085608,17259.657061,17274.377702,Bear,146.02875799999674,105.39978900000278
2021-07-18,17282.032435,17290.86482,17207.545992,17236.104036,Bear,74.4864430000016,8.832384999997885
2021-07-19,17236.692861,17273.200051,17011.172643,17199.008021,Bear,225.52021799999784,36.507190000000264
2021-07-20,17198.713608,17408.629947,17095.669121,17297.341902,Bull,209.91633900000306,103.04448699999921
2021-07-21,17297.341902,17495.187316,17274.083289,17477.81696,Bull,197.84541399999944,23.258613000001787
2021-07-22,17477.81696,17662.119384,17463.685144,17632.972515,Bull,184.30242400000134,14.131816000000981
2021-07-23,17633.266928,17802.848711,17587.338528,17772.229778,Bull,169.5817829999978,45.92840000000069
2021-07-25,17780.178924,17813.447573,17752.504119,17764.575045,Bear,27.67480499999874,33.26864900000146
2021-07-26,17763.986219,17822.57437,17710.403086,17785.772768,Bull,58.588150999999925,53.58313300000009
2021-07-27,17784.595116,17819.630242,17398.914324,17553.186641,Bear,385.6807919999992,35.035125999998854
2021-07-28,17552.892228,17752.504119,17539.054826,17630.3228,Bull,199.61189100000047,13.83740200000102
2021-07-29,17630.617212,17763.691806,17453.969521,17480.466675,Bear,176.64769100000194,133.0745939999979
2021-07-30,17478.994611,17641.216074,17442.487421,17625.317782,Bull,162.22146300000168,36.507189999996626
2021-08-01,17632.678102,17706.281307,17628.26191,17698.920986,Bull,73.60320499999943,4.416192000000592
2021-08-02,17699.804225,17731.011983,17584.983226,17630.911625,Bear,114.82099899999957,31.207758000000467
2021-08-03,17631.500451,17726.006966,17486.943757,17719.824296,Bull,94.50651500000095,144.55669399999897
2021-08-04,17719.529884,17791.955437,17661.236145,17770.168888,Bull,72.42555300000095,58.29373900000064
2021-08-05,17770.168888,17867.913944,17746.32145,17859.375972,Bull,97.74505599999975,23.847438000000693
2021-08-06,17859.375972,17862.3201,17720.413122,17773.996255,Bear,138.9628499999999,2.944127999999182
2021-08-08,17771.052127,17776.940383,17668.596466,17721.29636,Bear,102.45566099999996,5.888256000002002
2021-08-09,17721.29636,17836.11736,17717.763407,17791.072198,Bull,114.82099999999991,3.5329530000017257
2021-08-10,17790.777786,17849.954762,17658.292017,17715.408104,Bear,132.48576899999898,59.17697600000247
2021-08-11,17715.702517,17804.909601,17621.196002,17668.596466,Bear,94.50651500000095,89.20708399999785
2021-08-12,17667.713227,17771.34654,17595.582087,17748.971165,Bull,103.63331299999845,72.13114000000132
2021-08-13,17748.676753,17831.701167,17729.834332,17808.442555,Bull,83.02441399999952,18.842421000001195
2021-08-15,17805.204014,17809.620206,17774.585081,17790.777786,Bear,30.618932999997924,4.416192000000592
2021-08-16,17790.777786,17828.462626,17567.318456,17797.54928,Bull,37.684840000001714,223.45932999999786
2021-08-17,17797.54928,17800.198996,17543.471018,17680.667391,Bear,254.07826199999909,2.6497159999998985
2021-08-18,17680.667391,17708.636609,17436.893578,17479.583437,Bear,243.7738129999998,27.969218000002
2021-08-19,17479.877849,17663.591448,17323.839056,17570.262585,Bull,183.7135989999988,156.0387929999997
2021-08-20,17570.262585,17782.534227,17489.29906,17776.64597,Bull,212.2716419999997,80.96352499999921
2021-08-22,17770.757714,17842.005616,17766.635934,17839.061488,Bull,71.24790199999916,4.1217799999976705
2021-08-23,17839.355901,18062.226404,17802.259885,18049.27224,Bull,222.87050300000192,37.09601599999951
2021-08-24,18048.683414,18116.987188,18029.252168,18074.002917,Bull,68.30377399999998,19.4312460000001
2021-08-25,18074.29733,18132.296655,18039.262204,18050.449891,Bear,35.03512600000249,57.99932499999704
2021-08-26,18050.155478,18094.611814,17965.364587,18050.155478,Bear,84.79089100000056,44.45633599999928
2021-08-27,18050.744304,18187.351852,17994.511456,18169.098257,Bull,136.60754799999995,56.23284799999965
2021-08-29,18174.397688,18201.483667,18159.382634,18176.75299,Bull,27.085978999999497,15.015053999999509
2021-08-30,18176.458578,18425.531822,18172.336798,18421.998868,Bull,249.07324399999925,4.1217800000013085
2021-08-31,18421.998868,18462.333424,18274.498046,18388.435807,Bear,147.50082199999815,40.33455600000161
2021-09-01,18388.435807,18487.947339,18354.872745,18384.019614,Bear,33.56306200000108,99.5115319999968
2021-09-02,18384.019614,18467.927268,18314.538189,18399.329081,Bull,83.90765399999873,69.48142500000176
2021-09-03,18399.623494,18462.627837,18315.127015,18436.130683,Bull,63.00434300000052,84.49647900000127
2021-09-05,18437.308335,18447.31837,18421.410042,18446.140719,Bull,10.010034999999334,15.898293000002013
2021-09-06,18446.140719,18499.429439,18439.95805,18460.272534,Bull,53.28872000000047,6.182668999997986
2021-09-07,18460.272534,18490.891468,18379.309009,18459.389296,Bear,80.96352499999921,30.6189340000019
2021-09-08,18459.389296,18471.754634,18281.563954,18342.212994,Bear,177.8253420000001,12.36533799999961
2021-09-09,18341.918581,18460.566947,18307.472282,18362.527479,Bull,118.64836599999762,34.44629900000291
2021-09-10,18363.70513,18451.44015,18175.280926,18192.062457,Bear,188.424203999999,87.73502000000008
2021-09-12,18197.6563,18248.884131,18182.93566,18196.478649,Bear,14.720639999999548,51.22783100000015
2021-09-13,18197.6563,18331.989896,18078.941859,18206.496923,Bull,134.3335960000004,118.71444100000008
2021-09-14,18205.907754,18292.810165,18081.00395,18158.479659,Bear,124.9038040000014,86.90241099999912
2021-09-15,18158.774243,18288.685983,18037.700037,18245.971238,Bull,129.91173999999955,121.07420600000114
2021-09-16,18245.382069,18302.531451,18097.795263,18288.685983,Bull,57.149381999999605,147.58680599999934
2021-09-17,18288.685983,18297.523516,18000.582397,18008.241593,Bear,288.1035860000011,8.837533000001713
2021-09-19,18009.714515,18073.639339,17916.920415,17957.278484,Bear,92.79409999999916,63.924824000001536
2021-09-20,17957.573069,17985.558591,17448.236566,17776.992805,Bear,509.33650299999863,27.985522000002675
2021-09-21,17776.69822,17867.430229,17593.172112,17721.316345,Bear,183.5261079999982,90.73200900000302
2021-09-22,17719.843423,17942.549262,17692.44707,17903.369531,Bull,222.70583900000202,27.39635300000009
2021-09-23,17902.780362,18083.949795,17881.570282,18018.552048,Bull,181.16943299999912,21.210080000000744
2021-09-24,18018.552048,18068.925988,17883.337789,18050.956337,Bull,50.373939999997674,135.2142590000003
2021-09-26,18050.956337,18144.339605,18030.040842,18109.284057,Bull,93.38326800000141,20.9154950000011
2021-09-27,18109.873226,18145.517943,17774.04696,17876.856931,Bear,335.82626600000003,35.64471699999922
2021-09-28,17877.151516,17901.602024,17369.58252,17506.269702,Bear,507.5689960000018,24.45050799999808
2021-09-29,17505.975117,17587.869592,17334.526971,17494.780908,Bear,171.44814600000245,81.89447499999733
2021-09-30,17494.486324,17537.790237,17173.683865,17207.266492,Bear,320.8024590000023,43.30391299999974
2021-10-01,17207.855661,17460.609113,17129.496199,17412.591849,Bull,252.7534519999972,78.35946200000035
2021-10-03,17421.723967,17480.640855,17311.843969,17360.155818,Bear,109.87999800000034,58.916887999999744
2021-10-04,17359.566649,17382.249651,16930.062531,17088.254377,Bear,429.50411800000074,22.68300199999794
2021-10-05,17085.897701,17386.079249,17029.926657,17176.62971,Bull,300.18154799999684,55.97104400000171
2021-10-06,17176.335125,17543.092757,16994.576524,17491.54048,Bull,366.7576319999971,181.75860100000136
2021-10-07,17491.245895,17676.53951,17477.400426,17530.72021,Bull,185.29361499999868,13.845468999999866
2021-10-08,17531.309379,17670.353237,17428.499409,17445.879891,Bear,102.80996999999843,139.0438580000009
2021-10-10,17451.476995,17473.570828,17326.278607,17404.638069,Bear,125.1983880000007,22.093832999998995
2021-10-11,17405.521822,17553.992381,17199.018128,17247.624561,Bear,206.5036939999991,148.47055900000123
2021-10-12,17247.329976,17419.661875,17186.645581,17249.981236,Bull,172.3318990000007,60.68439500000022
2021-10-13,17252.337912,17482.408362,17193.715608,17464.438711,Bull,230.07044999999925,58.62230400000044
2021-10-14,17466.206217,17796.729963,17459.136191,17792.900365,Bull,330.5237460000026,7.070025999997597
2021-10-15,17793.194949,17845.925565,17717.486747,17845.041811,Bull,52.73061600000074,75.70820200000162
2021-10-17,17845.925565,17867.724813,17765.209427,17779.054896,Bear,80.71613799999977,21.799247999999352
2021-10-18,17779.054896,18048.010493,17720.727176,18014.427866,Bull,268.9555970000001,58.327720000001136
2021-10-19,18013.544113,18179.689739,18005.884917,18124.013279,Bull,166.14562600000136,7.65919600000052
2021-10-20,18124.307863,18201.194403,18050.956337,18065.980144,Bear,73.3515260000022,76.88653999999951
2021-10-21,18065.685559,18245.087485,18029.746257,18148.169203,Bull,179.40192599999864,35.9393020000025
2021-10-22,18148.463788,18221.226145,17997.636553,18056.848026,Bear,150.82723500000066,72.76235699999961
2021-10-24,18057.14261,18096.91151,18023.559984,18091.60899,Bull,39.76890000000276,33.582625999999436
2021-10-25,18091.903575,18362.626678,18054.785935,18352.610807,Bull,270.72310300000026,37.11764000000039
2021-10-26,18353.199976,18501.081366,18267.770487,18320.206518,Bear,85.42948899999828,147.88138999999865
2021-10-27,18319.911934,18520.523939,18272.778423,18407.992682,Bull,200.61200499999904,47.133511
2021-10-28,18407.698098,18590.635037,18372.347964,18441.869893,Bull,182.93693899999926,35.35013400000025
2021-10-29,18441.869893,18694.034176,18376.766731,18693.150423,Bull,252.1642830000019,65.10316199999943
2021-10-31,18718.190101,18746.175623,18682.545383,18707.585061,Bear,35.64471799999956,27.985521999999037
2021-11-01,18707.585061,18752.951065,18580.619166,18699.631281,Bear,126.96589500000118,45.36600399999952
2021-11-02,18699.631281,18830.132189,18678.715785,18806.565434,Bull,130.50090799999816,20.91549600000144
2021-11-03,18805.976265,19073.753524,18777.106989,19043.70591,Bull,267.7772589999986,28.869276000001264
2021-11-04,19044.000495,19296.459363,19038.40339,19255.806709,Bull,252.45886800000153,5.597105000000738
2021-11-05,19254.922956,19381.888851,19197.47899,19259.636307,Bull,126.96589500000118,57.44396599999891
2021-11-07,19198.657327,19247.852929,19155.05883,19219.572823,Bull,49.19560199999978,43.59849699999904
2021-11-08,19220.161992,19317.669442,19186.284781,19229.29411,Bull,97.50744999999733,33.87721100000272
2021-11-09,19229.883278,19315.018182,19009.534115,19050.186768,Bear,220.3491630000026,85.13490399999864
2021-11-10,19050.186768,19139.740439,18731.446401,18874.909024,Bear,318.7403669999985,89.55367100000149
2021-11-11,18874.319856,18987.734866,18849.280178,18929.112562,Bull,113.41501000000062,25.039677999997366
2021-11-12,18929.112562,19104.68489,18855.466451,19089.071915,Bull,175.57232800000202,73.6461109999982
2021-11-14,19103.506552,19137.383763,19095.552772,19124.127463,Bull,33.87721100000272,7.953779999999824
2021-11-15,19124.127463,19179.214754,18950.322642,19070.21851,Bear,173.80482100000154,55.08729099999982
2021-11-16,19070.513095,19234.891214,19020.728324,19197.184405,Bull,164.37811900000088,49.78477099999873
2021-11-17,19197.184405,19320.615287,19171.555559,19261.403814,Bull,123.43088200000057,25.628845999999612
2021-11-18,19261.109229,19548.623646,19211.029874,19520.048955,Bull,287.5144169999985,50.07935500000167
2021-11-19,19520.048955,19593.98965,19451.999949,19546.561555,Bull,73.94069500000114,68.04900599999746
2021-11-21,19560.701608,19598.408417,19540.080697,19583.679195,Bull,37.70680899999934,20.62091099999816
2021-11-22,19583.38461,19757.778601,19229.588694,19245.201669,Bear,353.79591600000276,174.39399100000082
2021-11-23,19245.201669,19346.833302,18993.037386,19247.263761,Bull,101.63163300000087,252.16428299999825
2021-11-24,19245.201669,19340.647029,18973.594813,19339.174107,Bull,95.44536000000153,271.6068559999985
2021-11-25,19339.763276,19367.159629,19154.469661,19202.192341,Bear,185.29361500000232,27.39635300000009
2021-11-26,19204.254432,19216.332394,18839.264307,18904.662053,Bear,364.99012500000026,12.077961999999388
2021-11-28,18908.197067,19149.167141,18898.181195,19099.676955,Bull,240.97007400000075,10.015871999999945
2021-11-29,19100.266123,19373.051318,19049.597599,19214.859472,Bull,272.7851950000004,50.668524000000616
2021-11-30,19215.154056,19391.020969,18934.415082,19284.3814,Bull,175.86691300000166,280.73897399999987
2021-12-01,19284.3814,19357.143758,18647.489834,18795.371225,Bear,636.8915659999984,72.76235799999995
2021-12-02,18795.960394,18931.469238,18573.843724,18845.155996,Bull,135.50884399999995,222.11667000000307
2021-12-03,18846.039749,18996.866984,18309.012309,18485.173806,Bear,537.027439999998,150.82723500000066
2021-12-05,18519.051017,18586.510855,18467.793324,18575.61123,Bull,67.45983799999885,51.2576930000032
2021-12-06,18575.905815,18805.387096,18334.051987,18800.968329,Bull,229.4812810000003,241.85382799999934
2021-12-07,18801.557498,19345.654965,18780.347418,19329.747405,Bull,544.0974670000032,21.210079999997106
2021-12-08,19329.158236,19368.043382,19149.75631,19287.03266,Bear,179.40192599999864,38.88514600000053
2021-12-09,19287.03266,19344.771211,18998.929075,19026.325428,Bear,288.10358500000075,57.73855099999855
2021-12-10,19026.030844,19251.093358,19013.658297,19235.185798,Bull,225.06251399999746,12.372546999999031
2021-12-12,19235.185798,19332.398665,19233.418292,19295.281025,Bull,97.212867000002,1.7675060000001395
2021-12-13,19294.98644,19340.05786,18928.523393,18969.765215,Bear,366.4630470000011,45.07142000000022
2021-12-14,18969.176046,19009.828699,18539.966513,18790.952458,Bear,429.2095330000011,40.65265300000101
2021-12-15,18791.247043,19272.598023,18547.331124,19270.830516,Bull,481.35097999999925,243.91591899999912
2021-12-16,19269.652178,19391.904722,18576.789568,18655.443614,Bear,692.8626100000001,122.25254399999903
2021-12-17,18654.265277,18802.146667,18443.048231,18651.319432,Bear,211.21704599999794,147.88139000000228
2021-12-19,18628.931014,18678.715785,18346.719118,18358.79708,Bear,282.2118960000007,49.78477099999873
2021-12-20,18357.324158,18603.007583,18254.808772,18599.767155,Bull,245.68342499999926,102.51538599999913
2021-12-21,18598.883401,18838.380554,18387.96094,18788.006614,Bull,239.49715300000025,210.9224609999983
2021-12-22,18788.890367,19083.180226,18713.771334,19063.148484,Bull,294.28985900000043,75.11903299999904
2021-12-23,19064.032237,19272.892607,19024.557922,19210.440705,Bull,208.86037000000215,39.47431499999948
2021-12-26,19211.913627,19281.140972,19211.913627,19247.852929,Bull,69.22734499999933,0.0
2021-12-27,19246.969176,19537.724021,19212.208212,19516.513942,Bull,290.7548450000031,34.76096399999733
2021-12-28,19516.808526,19630.518121,19386.307618,19500.017213,Bear,130.5009080000018,113.70959500000026
2021-12-29,19500.311797,19518.281448,19310.010247,19409.579789,Bear,190.30155000000013,17.96965100000307
2021-12-30,19408.696035,19522.111046,19266.706334,19342.70912,Bear,141.98970100000224,113.41501100000096
2021-12-31,19344.182042,19400.153087,19223.107836,19244.023332,Bear,121.07420600000114,55.97104499999841
2022-01-02,19272.892607,19357.438342,19272.892607,19334.75534,Bull,84.5457349999997,0.0
2022-01-03,19335.049925,19487.350082,19197.47899,19482.636731,Bull,152.3001570000015,137.57093499999974
2022-01-04,19483.2259,19517.986864,19017.782479,19069.629341,Bear,465.44342099999994,34.76096399999733
2022-01-05,19069.040172,19158.888428,18405.930591,18476.041688,Bear,663.1095810000006,89.84825599999749
2022-01-06,18475.157935,18730.562647,18380.301744,18600.650908,Bull,255.40471199999956,94.85619099999894
2022-01-07,18600.061739,18650.435679,18276.018852,18347.013702,Bear,324.0428869999996,50.373939999997674
2022-01-09,18370.285873,18436.272789,18281.91054,18415.062709,Bull,65.98691599999802,88.37533299999996
2022-01-10,18416.535631,18463.374557,17854.763098,18382.953004,Bear,561.7725329999994,46.838926000000356
2022-01-11,18384.131342,18722.019698,18234.77703,18720.252192,Bull,337.8883559999995,149.35431199999948
2022-01-12,18720.841361,18864.303984,18573.549139,18657.505705,Bear,147.29222200000004,143.46262299999944
2022-01-13,18657.80029,18829.54302,18162.898425,18278.670112,Bear,494.9018649999998,171.74273000000176
2022-01-14,18279.25928,18406.814344,18043.297142,18401.806409,Bull,127.55506400000013,235.96213799999896
2022-01-16,18401.806409,18444.815737,18272.778423,18292.51558,Bear,129.02798600000096,43.009328000000096
2022-01-17,18293.399334,18424.783995,18154.060892,18179.10057,Bear,139.3384420000002,131.38466100000005
2022-01-18,18179.10057,18216.21821,17734.86723,17766.976934,Bear,444.23333999999886,37.11764000000039
2022-01-19,17766.976934,18113.408239,17667.701977,17798.497469,Bull,346.4313050000019,99.27495699999781
2022-01-20,17799.086638,18075.996015,17206.382739,17320.386918,Bear,592.7038990000001,276.90937699999995
2022-01-21,17320.386918,17508.331793,16978.079795,16981.02564,Bear,342.3071229999987,187.94487500000105
2022-01-23,16979.847302,17182.521399,16943.024246,17144.225421,Bull,202.6740970000028,36.82305599999745
2022-01-24,17142.752499,17173.97845,16150.29751,16864.959369,Bear,992.454988999998,31.22595100000035
2022-01-25,16864.3702,16968.358509,16367.11166,16758.319801,Bear,497.2585400000007,103.9883090000003
2022-01-26,16756.257709,17250.570405,16313.497291,16418.663938,Bear,442.76041800000166,494.31269599999723
2022-01-27,16417.780184,16978.963548,16357.979542,16672.301143,Bull,561.1833640000004,59.80064200000015
2022-01-28,16671.41739,17017.554111,16297.589732,17003.708642,Bull,346.1367210000026,373.82765799999834
2022-01-30,17031.694164,17086.781455,16912.976633,17072.052233,Bull,55.08729099999982,118.71753100000205
2022-01-31,17072.346817,17574.613292,16967.76934,17533.076886,Bull,502.2664749999967,104.57747700000255
2022-02-01,17532.193133,17892.764491,17356.031636,17874.205671,Bull,360.57135800000106,176.16149700000096
2022-02-02,17874.205671,17981.434408,17382.249651,17422.902304,Bear,491.95602000000144,107.22873700000127
2022-02-03,17422.60772,17521.882677,17034.345424,17443.523215,Bull,99.27495700000145,388.2622960000008
2022-02-04,17444.112384,17469.741231,16924.170842,17256.756678,Bear,519.9415420000005,25.62884699999995
2022-02-06,17300.944345,17342.186167,17204.320647,17323.332763,Bull,41.24182199999996,96.62369799999942
2022-02-07,17323.332763,17446.763644,17099.448586,17150.11711,Bear,223.8841769999999,123.43088100000023
2022-02-08,17149.822526,17462.965789,17047.601724,17440.282786,Bull,313.14326300000175,102.22080199999982
2022-02-09,17440.577371,17755.193556,17389.908847,17687.14455,Bull,314.61618499999895,50.668524000000616
2022-02-10,17686.555381,17736.929321,17118.30199,17137.744563,Bear,568.2533909999984,50.37394000000131
2022-02-11,17137.155394,17400.219302,16710.007952,16799.267038,Bear,427.1474420000013,263.0639080000001
2022-02-13,16791.313258,16847.873471,16713.83755,16786.305323,Bear,77.47570799999812,56.56021300000066
2022-02-14,16785.716154,16960.993897,16533.257286,16786.894492,Bull,175.27774299999874,252.45886800000153
2022-02-15,16786.599907,17221.111961,16778.940712,17171.32719,Bull,434.5120539999989,7.659195000000182
2022-02-16,17171.621774,17284.447616,16945.675506,17109.759041,Bear,225.9462679999997,112.82584200000201
2022-02-17,17110.053626,17185.172659,16648.439803,16805.747896,Bear,461.6138229999997,75.11903299999904
2022-02-18,16804.569558,16835.795509,16386.259649,16489.364204,Bear,418.3099089999996,31.22595100000035
2022-02-20,16441.052355,16597.771279,16272.550054,16570.080341,Bull,156.7189240000007,168.50230100000044
2022-02-21,16568.607419,16682.317014,16002.121535,16139.987054,Bear,566.4858839999997,113.70959500000026
2022-02-22,16138.219548,16624.283879,16041.301266,16446.64946,Bull,486.0643309999996,96.91828199999873
2022-02-23,16445.765706,16577.739537,15440.938171,15515.468035,Bear,1004.8275349999985,131.97383100000297
2022-02-24,15516.646373,16476.991657,15348.73324,16325.869838,Bull,960.3452839999991,167.91313300000002
2022-02-25,16327.34276,16727.977603,16214.222334,16717.961732,Bull,400.6348429999998,113.1204259999995
2022-02-27,16379.189622,16442.819862,16123.195741,16331.172358,Bear,255.99388100000033,63.63024000000041
2022-02-28,16332.350696,16841.098029,16313.497291,16746.241838,Bull,508.74733300000116,18.85340499999984
2022-03-01,16745.947254,16882.92902,16378.895038,16575.677446,Bear,367.0522159999982,136.9817660000008
2022-03-02,16574.204524,16838.446769,16392.445922,16778.351543,Bull,264.24224499999764,181.7586020000017
2022-03-03,16776.584036,16957.458884,16196.547268,16435.455251,Bear,580.0367679999999,180.87484799999947
2022-03-04,16435.749835,16567.723666,16182.996383,16259.588338,Bear,252.75345199999902,131.97383100000297
2022-03-06,16218.051932,16218.051932,15940.258802,16027.161213,Bear,277.79313,0.0
2022-03-07,16025.688291,16355.033698,15555.826104,15559.361117,Bear,469.86218700000063,329.3454069999989
2022-03-08,15559.950286,16103.163999,15440.054418,15655.984814,Bull,543.213713000001,119.89586799999961
2022-03-09,15655.101061,16286.690107,15652.744386,16154.716277,Bull,631.589046000001,2.356674999999086
2022-03-10,16155.010861,16169.445499,15785.307385,15975.019766,Bear,369.7034760000006,14.434637999998813
2022-03-11,15973.546844,16332.64528,15650.38771,15673.954465,Bear,323.15913399999954,359.0984360000002
2022-03-13,15744.949316,15804.160789,15658.636074,15720.204223,Bear,86.31324200000017,59.21147299999939
2022-03-14,15720.204223,15845.697196,15336.655278,15463.326589,Bear,383.54894500000046,125.49297299999853
2022-03-15,15463.326589,15891.652369,15250.636621,15866.023522,Bull,428.3257799999992,212.6899680000006
2022-03-16,15866.318107,16527.071013,15857.480574,16457.2545,Bull,660.7529060000015,8.837532999999894
2022-03-17,16457.549084,16652.85857,16283.449678,16484.650853,Bull,195.30948600000193,174.09940599999754
2022-03-18,16483.177931,17018.437864,16469.627046,17009.600331,Bull,535.2599330000012,13.550884999996924
2022-03-20,16972.777275,17009.305746,16898.541996,16921.224998,Bear,74.23527900000045,36.528471000001446
2022-03-21,16919.457491,17046.71797,16713.248381,16868.494382,Bear,206.20910999999978,127.26047900000049
2022-03-22,16868.494382,17310.665631,16851.408485,17277.083005,Bull,442.1712489999991,17.08589700000084
2022-03-23,17276.78842,17300.64976,17016.375773,17102.39443,Bear,260.412647000001,23.861339999999473
2022-03-24,17103.867352,17455.895762,17007.538239,17443.228631,Bull,352.028409999999,96.32911299999978
2022-03-25,17442.050293,17487.121713,17171.32719,17383.427989,Bear,270.72310300000026,45.07142000000022
2022-03-27,17387.552171,17415.243109,17299.766007,17317.146489,Bear,87.78616400000101,27.690937999999733
2022-03-28,17315.968151,17671.531574,17272.958823,17644.135221,Bull,355.5634229999996,43.009328000000096
2022-03-29,17644.135221,17991.744864,17631.173506,17927.82004,Bull,347.6096429999998,12.961715000001277
2022-03-30,17926.936286,17966.116017,17689.501225,17843.568889,Bear,237.43506100000013,39.179731000000174
2022-03-31,17843.274305,17888.05114,17504.796779,17570.783695,Bear,338.47752599999876,44.776835000000574
2022-04-01,17570.783695,17627.933077,17351.0237,17500.967182,Bear,219.7599949999967,57.14938200000324
2022-04-03,17493.602571,17513.634313,17440.577371,17510.983053,Bull,20.031741999999213,53.02520000000004
2022-04-04,17510.983053,17880.686529,17468.857477,17855.646851,Bull,369.7034759999988,42.125575999998546
2022-04-05,17855.352267,17908.377467,17408.173082,17435.569435,Bear,447.17918499999723,53.02520000000004
2022-04-06,17436.453189,17490.067557,16961.877651,17029.042904,Bear,474.57553800000096,53.61436799999865
2022-04-07,17030.515826,17243.500378,16870.261889,17124.782848,Bull,212.9845520000017,160.25393699999768
2022-04-08,17124.488263,17253.516249,16862.602693,16883.223604,Bear,261.88556999999855,129.02798600000096
2022-04-10,16903.255347,16946.853844,16728.272187,16737.69889,Bear,174.98315999999977,43.59849700000268
2022-04-11,16737.69889,16857.005589,16382.430051,16388.027156,Bear,355.2688390000003,119.30669900000066
2022-04-12,16388.616324,16831.671327,16356.801205,16533.257286,Bull,443.0550030000013,31.81511899999896
2022-04-13,16533.55187,16840.50886,16403.640131,16831.376742,Bull,306.9569900000024,129.91173899999922
2022-04-14,16831.671327,16845.81138,16351.2041,16369.76292,Bear,480.4672269999992,14.14005299999917
2022-04-17,16369.468336,16383.313804,16177.988448,16203.32271,Bear,191.47988799999985,13.845467999999528
2022-04-18,16205.679385,16519.117233,16203.028125,16492.310048,Bull,313.4378480000014,2.6512599999987287
2022-04-19,16492.310048,16781.886556,16294.054718,16621.632619,Bull,289.5765080000019,198.25532999999996
2022-04-20,16622.516372,16847.873471,16445.471122,16608.376319,Bear,177.0452499999992,225.35709900000074
2022-04-21,16608.081735,16830.198405,16039.828344,16155.010861,Bear,568.2533910000002,222.11666999999943
2022-04-22,16153.537939,16238.672843,15668.357361,15690.15661,Bear,485.1805779999995,85.13490400000046
2022-04-24,15712.250443,15742.592641,15595.889588,15645.379774,Bear,116.36085500000081,30.34219799999846
2022-04-25,15645.674359,16006.245717,15535.205193,15992.105664,Bull,360.57135799999924,110.46916600000077
2022-04-26,15990.927326,15995.346093,15084.490995,15384.083373,Bear,906.4363310000008,4.418766999999207
2022-04-27,15385.556296,15619.161759,15236.201983,15550.228999,Bull,233.60546299999987,149.35431299999982
2022-04-28,15549.934415,15957.050115,15357.276189,15728.747172,Bull,407.1157000000003,192.65822599999956
2022-04-29,15728.452587,15828.611298,15120.135712,15189.363056,Bear,608.3168750000004,100.15871100000004
2022-05-01,15191.425148,15284.219247,15089.793515,15255.644556,Bull,92.79409900000064,101.63163300000087
2022-05-02,15257.412063,15520.475971,14976.378504,15461.559082,Bull,263.0639080000001,281.0335589999995
2022-05-03,15461.264497,15534.910608,15281.273403,15446.535275,Bear,179.99109400000088,73.64611100000002
2022-05-04,15445.356938,15972.663091,15180.525523,15954.69344,Bull,527.3061529999995,264.83141500000056
2022-05-05,15954.104271,15964.120142,14971.075984,15130.740752,Bear,983.028287000001,10.015870999999606
2022-05-06,15132.213675,15234.434476,14751.610574,14921.880382,Bear,380.6031010000006,102.22080099999948
2022-05-08,14852.947622,14890.949016,14739.827196,14816.124567,Bear,113.1204259999995,38.0013940000008
2022-05-09,14815.829983,14875.33604,14260.538307,14493.554602,Bear,555.2916759999989,59.50605700000051
2022-05-10,14493.260017,14784.604032,14340.370691,14671.189021,Bull,291.34401499999876,152.88932600000044
2022-05-11,14670.894437,14791.968643,14047.553755,14108.532735,Bear,623.340682,121.07420599999932
2022-05-12,14108.532735,14314.152676,13773.590223,14283.515894,Bull,205.61994099999902,334.94251200000144
2022-05-13,14283.810478,14649.095188,14216.350641,14568.968219,Bull,365.2847099999999,67.45983699999852
2022-05-15,14621.993419,14727.749234,14418.435569,14508.283824,Bear,203.55785000000105,105.75581500000044
2022-05-16,14509.167577,14627.590523,14364.232031,14521.540124,Bull,118.4229460000006,144.9355460000006
2022-05-17,14521.245539,14839.985907,14511.524253,14722.15213,Bull,318.7403680000007,9.721285999999964
2022-05-18,14722.446714,14776.355667,13912.928664,14059.042548,Bear,809.5180500000006,53.90895300000011
2022-05-19,14060.220886,14230.490694,13791.265289,14153.604154,Bull,170.26980800000092,268.9555969999983
2022-05-20,14153.014986,14254.05745,13540.573928,13949.162551,Bear,612.4410580000003,101.04246400000011
2022-05-22,13982.156009,14149.185388,13972.729306,14097.043941,Bull,167.0293789999996,9.426703000000998
2022-05-23,14098.811448,14229.017772,13885.237727,13959.178422,Bear,213.57372100000066,130.20632399999886
2022-05-24,13958.000084,14013.38196,13640.732639,13985.396437,Bull,55.381876000001284,317.2674449999995
2022-05-25,13985.396437,14182.47343,13753.558481,13992.761049,Bull,197.07699300000058,231.8379559999994
2022-05-26,13991.582711,14544.223126,13961.240513,14452.901949,Bull,552.6404150000017,30.34219799999846
2022-05-27,14452.018195,14988.751051,14415.19514,14985.510622,Bull,536.7328559999987,36.82305500000075
2022-05-29,14971.075984,15102.460646,14932.780007,15099.809386,Bull,131.3846620000004,38.295976999999766
2022-05-30,15100.10397,15180.525523,14936.609604,15026.457859,Bear,163.4943660000008,80.42155300000013
2022-05-31,15026.163275,15045.605848,14705.655401,14939.850033,Bear,320.5078740000008,19.442572999998447
2022-06-01,14941.028371,15110.414426,14675.902372,14805.814112,Bear,265.12599899999987,169.38605499999903
2022-06-02,14806.697865,15253.87705,14661.467734,15190.541394,Bull,447.17918499999905,145.23013100000026
2022-06-03,15189.657641,15209.983968,14732.75717,14787.549876,Bear,456.900470999999,20.326327000000674
2022-06-05,14787.844461,14905.972822,14761.037276,14900.964887,Bull,118.12836099999913,26.807185000001482
2022-06-06,14900.670302,15094.506866,14715.082103,14746.602638,Bear,185.5881989999998,193.83656399999927
2022-06-07,14746.01347,15012.317806,14626.117601,14892.716522,Bull,266.30433599999924,119.89586899999995
2022-06-08,14893.011107,15062.691746,14807.876203,14843.226336,Bear,85.13490400000046,169.68063900000016
2022-06-09,14842.637167,14995.526493,14440.823987,14480.592886,Bear,401.813180000001,152.88932599999862
2022-06-10,14481.182055,14539.215191,13931.487484,13973.61306,Bear,549.694571,58.03313600000001
2022-06-12,13866.678907,13871.981427,13633.368028,13668.128992,Bear,233.31087899999875,5.3025200000010955
2022-06-13,13668.718161,13703.682014,13266.9464,13477.966703,Bear,401.77176099999997,34.96385299999929
2022-06-14,13479.142304,13559.964843,13209.048071,13381.861356,Bear,270.0942330000016,80.82253899999887
2022-06-15,13381.567456,13865.327093,13353.059142,13687.223606,Bull,483.7596369999992,28.50831400000061
2022-06-16,13687.517506,13693.689409,13012.134975,13260.774497,Bear,675.3825309999993,6.171903000000384
2022-06-17,13260.480597,13397.144164,13071.502804,13293.397413,Bull,136.6635669999996,188.97779300000002
2022-06-19,13322.493527,13445.931587,13253.426993,13336.306834,Bull,123.43805999999859,69.06653400000141
2022-06-20,13337.188534,13527.341927,13317.203324,13509.707919,Bull,190.1533929999987,19.985210000000734
2022-06-21,13509.707919,13728.957426,13438.584084,13486.489807,Bear,71.12383500000033,219.24950700000045
2022-06-22,13486.489807,13808.310465,13308.38632,13586.121956,Bull,321.82065800000055,178.1034870000003
2022-06-23,13585.240256,13949.088634,13501.772615,13934.099727,Bull,363.8483780000006,83.46764099999928
2022-06-24,13933.805826,14281.783597,13878.258699,14263.267888,Bull,347.97777099999985,55.54712699999982
2022-06-26,14268.851991,14378.182844,14192.437953,14350.26233,Bull,109.3308530000013,76.41403799999898
2022-06-27,14350.850131,14415.214262,14073.114495,14135.715225,Bear,277.73563599999943,64.36413100000027
2022-06-28,14134.833525,14312.055312,13704.857614,13766.576645,Bear,429.97591099999954,177.2217870000004
2022-06-29,13766.870545,13812.131167,13595.232861,13693.983309,Bear,171.63768399999935,45.260621999999785
2022-06-30,13693.689409,13736.89273,13344.242138,13404.491667,Bear,349.4472710000009,43.20332099999905
2022-07-01,13404.785567,13671.940798,13381.861356,13649.310487,Bull,267.1552309999988,22.924211000001378
2022-07-03,13644.020284,13659.009192,13519.406623,13548.208838,Bear,124.61366099999941,14.988907999999356
2022-07-04,13548.796638,13812.131167,13534.689431,13725.136724,Bull,263.33452899999975,14.107206999999107
2022-07-05,13723.373323,13958.787339,13389.20886,13869.441695,Bull,235.41401600000063,334.16446299999916
2022-07-06,13870.617296,14076.935197,13787.149655,14007.574763,Bull,206.31790100000035,83.4676410000011
2022-07-07,14008.456463,14305.295608,13977.890848,14218.888966,Bull,296.8391449999999,30.565615000001344
2022-07-08,14218.595066,14355.258633,14051.365884,14295.596904,Bull,136.6635669999996,167.22918199999913
2022-07-10,14283.253098,14283.253098,14136.009126,14150.410233,Bear,147.2439719999984,0.0
2022-07-11,14149.822432,14208.014661,13858.56739,13880.903801,Bear,291.2550420000007,58.192228999998406
2022-07-12,13880.903801,14137.184726,13768.633946,13879.1404,Bear,112.26985500000046,256.2809249999991
2022-07-13,13877.964799,14071.938894,13495.012911,13813.306767,Bear,382.9518879999996,193.9740950000014
2022-07-14,13813.306767,13952.027635,13532.63213,13917.935219,Bull,138.72086800000034,280.6746370000001
2022-07-15,13918.523019,14132.482324,13801.844662,14129.837223,Bull,213.9593050000003,116.67835700000069
2022-07-17,14158.345536,14233.877873,14140.123728,14227.999871,Bull,75.53233699999873,18.221808000000237
2022-07-18,14227.70597,14326.456419,13939.096029,14003.16626,Bear,288.6099410000006,98.75044899999921
2022-07-19,14003.460161,14528.659718,13977.303048,14508.674508,Bull,525.1995569999999,26.157113000001118
2022-07-20,14508.674508,14715.580209,14384.354747,14629.761367,Bull,206.90570099999968,124.31976100000065
2022-07-21,14629.173567,14877.519189,14546.293727,14739.386121,Bull,248.34562200000073,82.8798399999996
2022-07-22,14741.443422,14928.363914,14511.319609,14611.539558,Bear,230.12381300000015,186.92049199999929
2022-07-24,14629.761367,14642.986874,14558.637533,14596.844551,Bear,71.12383399999999,13.225507000001016
2022-07-25,14596.256751,14693.243799,14420.504465,14470.467489,Bear,175.75228600000082,96.98704799999905
2022-07-26,14469.879689,14499.857504,14191.850153,14457.829783,Bear,278.029536,29.97781500000019
2022-07-27,14457.241983,14918.371309,14417.565463,14774.360238,Bull,461.1293260000002,39.67651999999907
2022-07-28,14774.360238,15221.676257,14635.05157,15164.95353,Bull,447.31601899999987,139.30866799999967
2022-07-29,15164.365729,15296.914694,14982.14764,15255.768674,Bull,132.54896499999995,182.21808899999996
2022-07-31,15260.471076,15281.337987,15171.419333,15197.576446,Bear,89.05174299999999,20.866911000000982
2022-08-01,15196.988645,15410.65405,15108.524702,15172.301033,Bear,88.46394299999884,213.66540499999974
2022-08-02,15171.713233,15396.840743,15065.027481,15191.992343,Bull,225.12751000000026,106.68575200000123
2022-08-03,15193.461844,15647.537566,15156.724326,15569.947928,Bull,454.0757220000014,36.73751799999991
2022-08-04,15569.654028,15734.825909,15499.999694,15721.306502,Bull,165.1718809999984,69.65433400000074
2022-08-05,15719.543101,15721.306502,15382.733536,15537.325012,Bear,336.80956499999957,1.763401000000158
2022-08-07,15550.550519,15626.082856,15480.014484,15554.37122,Bull,75.53233700000055,70.536035000001
2022-08-08,15553.78342,15775.678029,15424.467357,15538.206712,Bear,129.3160630000002,221.89460900000086
2022-08-09,15537.618912,15545.260316,15239.604166,15308.6707,Bear,298.01474600000074,7.641403999999966
2022-08-10,15309.5524,15820.938651,15261.646677,15795.663239,Bull,511.3862509999999,47.90572299999985
2022-08-11,15795.369338,15958.777819,15617.853652,15683.981184,Bear,177.51568600000064,163.4084810000004
2022-08-12,15683.687284,15968.476523,15677.221481,15964.655821,Bull,284.7892389999997,6.465802999999141
2022-08-14,15954.663217,15958.190018,15904.994092,15925.567102,Bear,49.66912499999853,3.5268009999999776
2022-08-15,15925.273202,16112.781494,15865.023673,16071.047674,Bull,187.50829200000044,60.24952900000062
2022-08-16,16071.047674,16153.633614,15897.352688,16053.119765,Bear,173.6949859999986,82.58594000000085
2022-08-17,16053.413665,16072.811074,15760.395221,15827.992254,Bear,293.01844399999936,19.397408999999243
2022-08-18,15828.286155,15959.365619,15765.685424,15862.084671,Bull,131.07946400000037,62.60073100000045
2022-08-19,15862.378571,15864.435872,15551.726119,15576.707631,Bear,310.65245199999845,2.0573010000007343
2022-08-21,15549.081018,15549.081018,15490.888789,15506.171597,Bear,58.192229000000225,0.0
2022-08-22,15507.053297,15514.694701,15135.269615,15187.583841,Bear,371.78368200000114,7.641403999999966
2022-08-23,15186.11434,15304.556098,15075.313986,15134.681815,Bear,110.80035400000088,118.44175799999903
2022-08-24,15134.975715,15296.032994,15077.959087,15261.058877,Bull,161.05727899999874,57.01662800000122
2022-08-25,15261.646677,15481.190085,15238.134665,15445.628167,Bull,219.54340799999954,23.51201200000105
2022-08-26,15446.215967,15541.439614,14762.604233,14764.367633,Bear,683.6117340000001,95.22364700000071
2022-08-28,14677.373191,14710.877807,14579.210543,14656.21238,Bear,98.16264800000135,33.50461600000017
2022-08-29,14656.800181,14824.617163,14616.241961,14753.493328,Bull,167.81698200000028,40.5582200000008
2022-08-30,14753.199428,14881.045991,14398.168054,14639.753972,Bear,355.03137400000014,127.84656300000097
2022-08-31,14640.341773,14710.290007,14252.393583,14297.066404,Bear,387.948190000001,69.9482339999995
2022-09-01,14296.772504,14483.986896,14128.073822,14461.356585,Bull,187.21439199999986,168.6986820000002
2022-09-02,14461.356585,14649.746577,14154.524835,14260.328886,Bear,306.8317499999994,188.38999200000035
2022-09-04,14237.110775,14282.959198,14171.571043,14243.870478,Bull,45.848423000001276,65.53973199999928
2022-09-05,14243.870478,14382.297446,14170.689343,14294.127403,Bull,138.42696799999976,73.18113500000072
2022-09-06,14294.127403,14394.641252,14014.922266,14086.340001,Bear,279.20513700000083,100.51384899999903
2022-09-07,14086.340001,14467.234588,14072.526694,14445.779877,Bull,380.89458699999886,13.81330700000035
2022-09-08,14445.779877,14595.08115,14243.282678,14586.558046,Bull,149.30127299999913,202.49719900000127
2022-09-09,14585.676346,14828.731765,14525.720716,14801.399052,Bull,243.05541900000026,59.95563000000038
2022-09-11,14843.132872,14905.733603,14781.119942,14791.112546,Bear,62.01293000000078,62.60073100000045
2022-09-12,14791.406447,15033.316187,14789.966937,14989.203658,Bull,241.90974000000097,1.4395100000001548
2022-09-13,14989.203658,15175.878532,14118.638515,14185.537649,Bear,870.5651429999998,186.67487400000027
2022-09-14,14186.706192,14336.571937,14116.301427,14283.111057,Bull,149.86574500000097,70.40476499999932
2022-09-15,14283.987465,14317.875236,13894.862374,13910.929852,Bear,389.1250909999999,33.8877709999997
2022-09-16,13910.929852,13977.244713,13763.693331,13976.660442,Bull,66.31486100000075,147.2365209999989
2022-09-18,13929.042281,13964.390731,13853.963341,13882.592664,Bear,75.07893999999942,35.3484499999995
2022-09-19,13883.469072,14130.616089,13779.760809,14086.795696,Bull,247.14701699999932,103.70826300000044
2022-09-20,14086.50356,14126.23405,13821.828386,13941.896263,Bear,264.67517399999997,39.73048999999992
2022-09-21,13941.896263,14186.706192,13496.681069,13576.434185,Bear,445.21519400000034,244.8099289999991
2022-09-22,13574.681369,13784.142848,13438.253879,13452.860676,Bear,136.42749000000003,209.4614789999996
2022-09-23,13452.56854,13506.321556,13121.578505,13307.376971,Bear,330.9900350000007,53.75301600000057
2022-09-25,13277.579104,13317.893866,13185.848414,13199.578804,Bear,91.73069000000032,40.31476199999997
2022-09-26,13198.702396,13482.366408,13153.713459,13320.815225,Bull,283.6640119999993,44.98893700000008
2022-09-27,13320.523089,13518.006994,13068.994033,13126.836952,Bear,251.5290559999994,197.48390499999914
2022-09-28,13126.544816,13570.883602,13019.330921,13492.006894,Bull,444.33878600000025,107.21389499999896
2022-09-29,13492.006894,13497.265341,12960.90373,13104.342483,Bear,531.1031640000001,5.25844700000016
2022-09-30,13104.342483,13271.444249,12882.319158,12922.049648,Bear,222.0233250000001,167.10176599999977
2022-10-02,12889.038285,12912.701297,12726.318559,12824.768375,Bear,162.71972600000117,23.66301199999907
2022-10-03,12825.060511,13353.534452,12788.543517,13336.882703,Bull,528.4739410000002,36.51699399999961
2022-10-04,13337.174838,13642.749046,13329.579304,13524.433985,Bull,305.574208,7.595534000000043
2022-10-05,13524.433985,13706.72682,13282.253279,13672.546914,Bull,182.2928350000002,242.1807059999992
2022-10-06,13673.131185,13697.086334,13410.793099,13448.478637,Bear,262.33808599999975,23.955148999999437
2022-10-07,13448.186501,13489.669806,12904.521491,12966.454313,Bear,543.6650100000006,41.483304999999746
2022-10-09,12933.150814,12949.802564,12837.622357,12921.465376,Bear,95.52845700000034,16.651749999999083
2022-10-10,12920.004696,13013.488202,12709.958945,12767.801864,Bear,210.04575099999965,93.48350600000049
2022-10-11,12768.094,12900.139451,12582.003398,12743.262444,Bear,186.0906019999984,132.04545099999996
2022-10-12,12742.386036,12826.813327,12626.700199,12667.599232,Bear,115.68583699999908,84.42729099999997
2022-10-13,12669.352048,13070.162577,12251.88977,13026.926455,Bull,400.8105289999985,417.4622780000009
2022-10-14,13025.17364,13150.207828,12534.677373,12557.463978,Bear,490.49626700000044,125.03418799999963
2022-10-16,12526.789702,12624.947383,12518.609896,12607.711362,Bull,98.1576810000006,8.179806000000099
2022-10-17,12606.250682,13278.163376,12604.790002,13241.938518,Bull,671.9126940000006,1.4606800000001385
2022-10-18,13241.354246,13358.500763,12949.218292,13221.781137,Bear,292.1359540000012,117.14651699999922
2022-10-19,13222.949681,13232.590167,12863.330321,12948.926156,Bear,359.6193600000006,9.640486000000237
2022-10-20,12948.341884,13238.14075,12833.532454,12877.644983,Bear,114.80942999999934,289.798866000001
2022-10-21,12877.352847,13305.33202,12778.610895,13295.691533,Bull,427.9791729999997,98.74195200000031
2022-10-23,13314.096098,13473.602329,13278.163376,13343.017558,Bull,159.5062309999994,35.93272199999956
2022-10-24,13341.849014,13456.658444,13096.746948,13421.602129,Bull,114.80943000000116,245.10206599999947
2022-10-25,13421.602129,13711.693131,13363.75921,13429.4898,Bull,290.0910019999992,57.84291900000062
2022-10-26,13427.736984,13676.052545,13338.927654,13440.590966,Bull,248.31556100000125,88.80933000000005
2022-10-27,13440.590966,13458.411259,12762.251281,13024.589368,Bear,678.339684999999,17.820293000000675
2022-10-28,13024.881504,13585.490399,12926.431687,13584.906127,Bull,560.6088949999994,98.44981700000062
2022-10-30,13546.344181,13549.265541,13458.411259,13505.153012,Bear,87.93292199999996,2.921360000000277
2022-10-31,13505.153012,13523.265441,13283.129687,13420.725721,Bear,222.0233250000001,18.112428999998883
2022-11-01,13420.725721,13577.310593,13191.398997,13286.635318,Bear,229.32672400000047,156.58487199999945
2022-11-02,13287.511726,13391.512126,12738.588269,12825.936919,Bear,548.9234570000008,104.00039999999899
2022-11-03,12826.813327,12849.307796,12494.946883,12591.93602,Bear,331.8664439999993,22.4944689999993
2022-11-04,12591.643884,12823.891968,12428.632022,12703.531955,Bull,232.24808400000074,163.01186199999938
2022-11-06,12604.497866,12727.779239,12563.014561,12688.925157,Bull,123.2813729999998,41.483304999999746
2022-11-07,12687.756613,12928.184503,12635.464277,12844.925756,Bull,240.42789000000084,52.29233600000043
2022-11-08,12845.217892,13124.207728,12770.723224,12969.959944,Bull,278.98983599999883,74.49466800000118
2022-11-09,12971.128488,13034.52199,12646.273308,12711.711761,Bear,324.8551800000005,63.39350199999899
2022-11-10,12712.880305,13698.547013,12629.621558,13692.99643,Bull,985.6667079999988,83.25874699999986
2022-11-11,13692.704294,13878.502761,13519.175538,13831.176736,Bull,185.79846700000053,173.5287559999997
2022-11-13,13778.300129,13819.783434,13740.906727,13741.490999,Bear,37.393401999999696,41.483305000001565
2022-11-14,13741.490999,13903.918589,13674.299729,13808.974404,Bull,162.42759000000115,67.19126999999935
2022-11-15,13808.682268,14161.290364,13747.333718,13932.547912,Bull,352.60809599999993,61.348550000000614
2022-11-16,13931.963641,13979.289665,13679.558176,13745.288766,Bear,252.40546499999982,47.32602399999996
2022-11-17,13744.412358,13820.951978,13471.265241,13689.782935,Bear,273.14711700000043,76.53961999999956
2022-11-18,13690.367207,13839.064407,13563.288067,13684.816624,Bear,127.07913999999982,148.69720000000052
2022-11-20,13698.839149,13737.401095,13623.175937,13650.344581,Bear,75.66321199999948,38.56194599999981
2022-11-21,13650.344581,13671.670506,13500.186701,13535.827287,Bear,150.15787999999884,21.325925000001007
2022-11-22,13534.950879,13741.198863,13469.22029,13720.165074,Bull,206.24798399999963,65.73058900000069
2022-11-23,13720.749346,13911.221988,13704.974004,13890.188199,Bull,190.4726419999988,15.775342000000819
2022-11-24,13890.188199,13944.233351,13875.289266,13912.098396,Bull,54.0451520000006,14.898933000000397
2022-11-25,13912.098396,13926.705193,13749.378669,13773.333818,Bear,162.7197269999997,14.60679700000037
2022-11-27,13708.479636,13726.884201,13621.715258,13637.198463,Bear,86.76437799999985,18.40456500000073
2022-11-28,13637.198463,13775.378769,13526.186801,13642.749046,Bull,138.1803060000002,111.0116620000008
2022-11-29,13643.041182,13677.221089,13397.354845,13477.400096,Bear,245.686337000001,34.17990699999973
2022-11-30,13477.400096,14123.020554,13435.916791,14107.537349,Bull,645.6204580000012,41.483304999999746
2022-12-01,14107.537349,14191.96464,13956.210925,14048.818022,Bear,151.32642400000077,84.42729099999997
2022-12-02,14048.818022,14101.69463,13719.288666,13997.986366,Bear,329.5293559999991,52.87660800000049
2022-12-04,14023.110058,14040.930351,14000.61559,14017.267339,Bear,22.49446800000078,17.820293000000675
2022-12-05,14017.267339,14020.772971,13725.131385,13792.322655,Bear,292.1359539999994,3.5056320000003325
2022-12-06,13792.906927,13842.862175,13440.590966,13527.939616,Bear,352.31596100000024,49.95524800000021
2022-12-07,13528.523888,13550.726221,13347.691733,13431.242616,Bear,180.83215500000006,22.20233300000109
2022-12-08,13430.95048,13658.524388,13411.669507,13650.344581,Bull,227.5739080000003,19.280972999998994
2022-12-09,13650.928853,13728.052745,13458.119123,13500.186701,Bear,192.80972999999904,77.12389200000143
2022-12-11,13500.186701,13522.973305,13464.83825,13505.153012,Bull,22.786603999998988,35.34845099999984
2022-12-12,13504.860876,13705.558276,13474.478737,13700.884101,Bull,200.6973999999991,30.38213900000119
2022-12-13,13700.007693,14276.165384,13678.288047,13881.629976,Bull,576.1576910000003,21.719645999999557
2022-12-14,13881.051478,13964.355142,13570.398232,13728.038846,Bear,310.65324599999985,83.30366400000094
2022-12-15,13728.038846,13731.799081,13194.37475,13259.744986,Bear,533.6640959999986,3.7602349999997386
2022-12-16,13260.323483,13295.611841,13045.70085,13097.187142,Bear,214.62263300000086,35.28835799999979
2022-12-18,13107.310851,13170.656345,13097.76564,13127.847518,Bull,63.345493999999235,9.545211000000563
2022-12-19,13127.26902,13202.473717,12777.277933,12811.987793,Bear,349.99108700000033,75.20469700000103
2022-12-20,12811.409295,13032.106155,12803.310328,12986.983337,Bull,220.69686000000002,8.098966999999902
2022-12-21,12987.561834,13177.887566,12936.364791,13157.640148,Bull,190.32573199999933,51.19704300000012
2022-12-22,13157.350899,13172.10259,12577.117741,12787.690891,Bear,580.2331579999991,14.751691000001301
2022-12-23,12788.558637,12892.398968,12630.050277,12804.467323,Bull,103.84033099999942,158.5083599999998
2022-12-26,12847.27615,12939.546528,12847.27615,12913.803382,Bull,92.27037800000107,0.0
2022-12-27,12912.935636,12931.73681,12601.414643,12627.736287,Bear,311.5209930000001,18.801174000000174
2022-12-28,12629.182531,12722.899152,12447.823513,12495.838819,Bear,181.35901800000102,93.71662099999958
2022-12-29,12496.706565,12809.673802,12493.524828,12732.444364,Bull,312.96723699999893,3.181737000000794
2022-12-30,12732.733613,12786.533896,12559.762811,12775.253191,Bull,53.80028300000049,172.97080199999982
2023-01-02,12868.680564,12900.497936,12671.41286,12785.3769,Bear,197.26770399999987,31.817371999999523
2023-01-03,12784.509154,12937.521786,12547.325111,12701.20549,Bear,237.1840429999993,153.01263199999994
2023-01-04,12700.626992,12806.202816,12569.018773,12706.701218,Bull,105.57582400000138,131.60821899999974
2023-01-05,12706.990467,12781.038168,12501.334547,12552.242341,Bear,205.65591999999924,74.0477009999995
2023-01-06,12552.53159,12918.720612,12438.856799,12852.771878,Bull,366.18902199999866,113.67479100000128
2023-01-08,12873.308545,12932.893805,12869.548311,12919.877607,Bull,59.585259999999835,3.7602339999994
2023-01-09,12920.745354,13172.970336,12866.077325,12912.646387,Bear,54.66802900000039,252.22498199999973
2023-01-10,12912.357138,13075.782728,12835.706197,13048.882587,Bull,163.42559000000074,76.65094099999988
2023-01-11,13049.461085,13297.058085,13004.338267,13284.909634,Bull,247.59699999999975,45.122818000001644
2023-01-12,13284.909634,13397.716679,13063.634277,13295.322592,Bull,112.80704499999956,221.27535700000044
2023-01-13,13295.90109,13443.707243,13177.01982,13422.881327,Bull,147.80615300000136,118.88126999999986
2023-01-15,13436.765271,13465.979404,13400.898416,13427.22006,Bear,35.866855000000214,29.214132999999492
2023-01-16,13427.798558,13434.162032,13317.305504,13356.354096,Bear,110.49305400000048,6.363473999999769
2023-01-17,13356.354096,13528.167903,13340.734659,13468.004145,Bull,171.81380700000045,15.61943699999938
2023-01-18,13467.136399,13605.68659,13243.547051,13260.612732,Bear,223.58934800000134,138.55019099999845
2023-01-19,13260.901981,13290.116113,13083.881696,13195.242496,Bear,177.0202850000005,29.214131999999154
2023-01-20,13194.953247,13521.515179,13149.541181,13511.102221,Bull,326.5619320000005,45.41206599999896
2023-01-22,13509.945226,13519.779686,13479.574099,13500.400015,Bear,30.371127000000342,9.834460000000036
2023-01-23,13499.532268,13864.275046,13481.309592,13804.111289,Bull,364.7427779999998,18.22267600000123
2023-01-24,13803.82204,13896.092418,13650.520159,13676.841802,Bear,153.3018809999994,92.27037800000107
2023-01-25,13677.131051,13813.6565,13426.352313,13809.317768,Bull,136.52544899999884,250.77873800000089
2023-01-26,13809.317768,14014.684439,13773.161664,13932.827019,Bull,205.36667099999977,36.156104000001505
2023-01-27,13932.827019,14240.877026,13902.455892,14139.639935,Bull,308.0500069999998,30.371127000000342
2023-01-29,14129.805474,14175.50679,14061.253501,14080.633173,Bear,68.55197300000145,45.70131599999877
2023-01-30,14080.343924,14091.33538,13793.409082,13801.508049,Bear,286.9348420000006,10.991455999999744
2023-01-31,13802.375796,14064.435238,13734.691569,14010.634955,Bull,262.05944199999976,67.68422699999974
2023-02-01,14010.056458,14531.572103,13947.867959,14496.862243,Bull,521.5156450000013,62.188498999999865
2023-02-02,14497.72999,14982.800282,14471.697595,14649.296378,Bull,485.07029200000034,26.03239500000018
2023-02-03,14648.428631,14899.785867,14521.737643,14597.231588,Bear,126.69098800000029,251.35723599999983
2023-02-05,14545.745296,14584.504639,14511.035436,14546.034545,Bull,38.759343000001536,34.709859999999026
2023-02-06,14546.034545,14587.975625,14411.244589,14506.118206,Bear,134.78995600000053,41.94107999999869
2023-02-07,14505.828957,14830.944645,14415.294072,14813.300466,Bull,325.11568799999986,90.53488499999912
2023-02-08,14813.589715,14817.060701,14477.193322,14568.017456,Bear,336.3963930000009,3.4709860000002664
2023-02-09,14567.438958,14726.815065,14307.982755,14353.97332,Bear,259.45620299999973,159.37610700000005
2023-02-10,14353.105573,14400.253133,14165.383081,14279.63637,Bear,187.72249200000078,47.14755999999943
2023-02-12,14297.569797,14308.561253,14190.836978,14234.802801,Bear,106.73281900000075,10.991455999999744
2023-02-13,14235.092049,14539.960319,14230.753317,14484.135294,Bull,304.86826999999903,4.338732000000164
2023-02-14,14484.135294,14678.799759,14335.750643,14531.572103,Bull,194.66446499999984,148.3846510000003
2023-02-15,14531.861352,14801.152015,14490.498769,14781.193846,Bull,269.29066299999977,41.362583000000086
2023-02-16,14780.326099,14791.028306,14340.089376,14346.742099,Bear,440.236723,10.702207000000271
2023-02-17,14346.742099,14374.220738,14191.415476,14328.230174,Bear,155.32662299999902,27.47863900000084
2023-02-19,14323.602192,14354.262569,14284.842849,14343.560362,Bull,30.660377000000153,38.75934299999972
2023-02-20,14343.271113,14367.278766,14270.091158,14289.47083,Bear,73.17995500000143,24.007652999998754
2023-02-21,14289.181581,14297.859046,13988.362795,14025.097397,Bear,300.81878600000164,8.677464999998847
2023-02-22,14025.097397,14130.094723,13923.281808,14104.640826,Bull,104.99732600000061,101.81558899999982
2023-02-23,14104.640826,14185.919748,13916.918334,14088.73214,Bear,187.72249200000078,81.27892199999951
2023-02-24,14089.599887,14096.541859,13794.855326,13883.654718,Bear,294.7445609999995,6.941972000000533
2023-02-26,13887.414953,13938.322747,13872.374013,13897.538662,Bull,50.90779400000065,15.040939999998955
2023-02-27,13897.249413,14103.194582,13891.464436,13984.024063,Bull,205.94516900000053,5.784976999999344
2023-02-28,13984.60256,14083.81491,13871.506267,13966.958382,Bear,113.0962929999987,99.21234999999979
2023-03-01,13967.536879,14047.948055,13715.311897,13753.781992,Bear,252.22498199999973,80.41117600000143
2023-03-02,13753.203494,13995.304767,13690.147249,13927.331292,Bull,242.10127300000022,63.05624499999976
2023-03-03,13926.752794,14264.59543,13905.926878,14259.388951,Bull,337.8426359999994,20.82591599999978
2023-03-05,14238.273787,14321.288202,14203.563927,14280.214867,Bull,83.01441499999964,34.709860000000845
2023-03-06,14280.793365,14446.532946,14225.836087,14296.123553,Bull,165.73958099999982,54.95727799999986
2023-03-07,14296.412802,14325.048436,14044.477069,14065.881482,Bear,251.93573300000025,28.63563399999839
2023-03-08,14066.170731,14178.399278,14009.188711,14129.226977,Bull,112.22854700000062,56.982019999999466
2023-03-09,14129.516226,14292.941816,13798.326312,13827.251195,Bear,331.1899140000005,163.42559000000074
2023-03-10,13826.961947,14010.056458,13646.759924,13759.566969,Bear,180.20202299999983,183.09451099999933
2023-03-12,13762.170208,13971.297114,13710.394667,13938.901245,Bull,209.12690600000133,51.775540999999066
2023-03-13,13940.05824,13994.72627,13507.052738,13871.217018,Bear,433.005502,54.66802999999891
2023-03-14,13872.374013,14171.539719,13779.866156,14139.472877,Bull,299.1657059999998,92.50785700000051
2023-03-15,14139.759188,14272.607531,13853.734415,14255.142555,Bull,132.84834299999966,286.0247729999992
2023-03-16,14255.715177,14589.26759,14102.538747,14587.836034,Bull,333.55241299999943,153.17642999999953
2023-03-17,14587.263412,14672.011493,14395.148675,14485.622978,Bear,192.11473699999988,84.74808099999973
2023-03-19,14533.150617,14601.865278,14471.021112,14494.21231,Bear,62.12950499999897,68.71466099999998
2023-03-20,14495.357554,14587.836034,14344.471613,14541.73995,Bull,92.47847999999976,150.88594100000046
2023-03-21,14541.453639,14771.64775,14534.295862,14752.751219,Bull,230.1941110000007,7.157776999998532
2023-03-22,14752.178597,14982.086397,14519.407685,14627.060653,Bear,232.77091199999995,229.90779999999904
2023-03-23,14627.060653,14923.678936,14582.968746,14724.406421,Bull,296.6182829999998,44.09190699999999
2023-03-24,14724.12011,14801.996725,14576.669902,14799.706237,Bull,77.87661500000104,147.4502080000002
2023-03-26,14791.975837,14843.798143,14776.515039,14821.75219,Bull,51.822306000000026,15.460798000000068
2023-03-27,14821.465879,14870.425074,14619.616565,14661.417983,Bear,201.84931399999914,48.95919500000127
2023-03-28,14660.845361,14697.49318,14469.303246,14643.380385,Bear,191.5421150000002,36.6478189999998
2023-03-29,14642.807763,14881.304895,14640.230963,14837.4993,Bull,238.4971319999986,2.5768000000007305
2023-03-30,14836.926677,15047.079013,14834.063567,15037.058125,Bull,210.15233600000101,2.8631100000002334
2023-03-31,15036.485503,15244.919972,14954.027911,15240.911617,Bull,208.4344689999998,82.45759200000066
2023-04-02,15188.230377,15203.691176,15117.225229,15145.856337,Bear,71.00514800000019,15.460799000000407
2023-04-03,15145.283715,15207.41322,15064.543989,15174.201134,Bull,62.12950500000079,80.73972599999979
2023-04-04,15174.487445,15287.580323,15080.863721,15138.69856,Bear,93.62372400000095,113.09287799999947
2023-04-05,15138.412249,15158.454025,14895.047827,14918.811647,Bear,243.36442200000056,20.041775999998208
2023-04-06,14918.811647,15106.91803,14834.636189,15072.274388,Bull,188.10638300000028,84.17545799999971
2023-04-07,15072.560699,15108.349585,15027.89617,15099.18763,Bull,35.788886000000275,44.664528999999675
2023-04-09,15094.034031,15120.947273,15038.203369,15044.502213,Bear,55.83066199999848,26.913242000000537
2023-04-10,15044.788524,15101.76443,14850.955921,15055.954657,Bull,56.97590599999967,193.83260299999893
2023-04-11,15055.954657,15127.246116,14949.446933,14974.355998,Bear,106.50772400000096,71.29145900000003
2023-04-12,14974.069687,15165.03918,14802.855658,14858.113698,Bear,171.21402899999885,190.9694930000005
2023-04-13,14857.827387,15149.29207,14839.217166,15111.212696,Bull,291.46468300000015,18.610220999999
2023-04-14,15111.212696,15180.213667,14954.600533,15116.652606,Bull,69.00097099999948,156.61216299999978
2023-04-16,15131.540783,15134.117583,15087.448876,15094.892964,Bear,44.09190699999999,2.5767999999989115
2023-04-17,15095.179275,15137.839627,14976.073864,15075.996432,Bear,119.10541100000046,42.660351999998966
2023-04-18,15075.996432,15230.318107,15046.22008,15076.569055,Bull,154.32167499999923,29.77635200000077
2023-04-19,15076.569055,15147.860515,14962.617243,15041.06648,Bear,113.95181199999934,71.29146000000037
2023-04-20,15041.639102,15117.225229,14913.085426,14982.086397,Bear,128.55367599999954,75.58612700000049
2023-04-21,14982.659019,15027.89617,14868.134586,14975.214931,Bear,114.5244330000005,45.23715099999936
2023-04-23,14968.343465,14973.783376,14935.990312,14940.57129,Bear,32.35315300000002,5.4399109999994835
2023-04-24,14939.998668,15041.639102,14850.669609,14899.342494,Bear,89.32905899999969,101.640433999999
2023-04-25,14899.056183,14919.38427,14659.127494,14856.10952,Bear,239.9286890000003,20.32808699999987
2023-04-26,14856.10952,14902.205605,14732.136821,14856.682142,Bull,46.09608499999922,123.97269899999992
2023-04-27,14856.968453,15269.542725,14846.088632,15125.814561,Bull,412.57427199999984,10.879820999998628
2023-04-28,15125.52825,15272.978458,15081.722654,15261.239704,Bull,147.4502080000002,43.80559600000015
2023-04-30,15251.218816,15282.140413,15227.454996,15268.970103,Bull,30.921596999998656,23.763820000000123
2023-05-01,15268.970103,15312.203077,15184.508333,15230.031796,Bear,84.46176999999989,43.23297400000047
2023-05-02,15230.604418,15271.546903,15014.439549,15101.478119,Bear,216.16486900000018,40.94248499999958
2023-05-03,15102.337052,15247.783083,14938.853423,15069.697589,Bear,163.4836290000003,145.4460309999995
2023-05-04,15069.9839,15086.303632,14890.180539,15012.149061,Bear,179.8033609999984,16.31973199999993
2023-05-05,15011.290128,15299.319078,14975.501242,15243.774728,Bull,288.0289499999999,35.788886000000275
2023-05-07,15250.073571,15269.256414,15225.164507,15246.351527,Bear,24.909064000001308,19.182842999998684
2023-05-08,15246.637838,15309.626277,15179.641045,15278.70468,Bull,62.988438999998834,66.99679300000025
2023-05-09,15278.70468,15283.571968,15175.060068,15202.545932,Bear,103.64461200000005,4.867287999999462
2023-05-10,15201.973309,15400.959513,15120.37465,15385.212403,Bull,198.9862039999989,81.59865900000113
2023-05-11,15384.926092,15454.213374,15302.182189,15449.346086,Bull,69.28728200000114,82.7439030000005
2023-05-12,15449.632397,15453.640752,15243.774728,15312.489388,Bear,205.85766899999908,4.008354999999938
2023-05-14,15321.937654,15345.128851,15289.011879,15343.124674,Bull,23.191197000000102,32.9257749999997
2023-05-15,15343.410985,15437.893643,15290.729745,15410.121467,Bull,94.48265799999899,52.68123999999989
2023-05-16,15410.121467,15523.214345,15376.336759,15478.549816,Bull,113.09287799999947,33.78470800000105
2023-05-17,15478.263505,15654.344822,15431.308488,15626.858958,Bull,176.0813169999983,46.955017000000225
2023-05-18,15626.286336,15987.897235,15611.398159,15947.527372,Bull,361.61089900000115,14.888176999998905
2023-05-19,15948.099994,15955.257771,15820.691562,15851.326848,Bear,127.40843200000018,7.157777000000351
2023-05-21,15810.670674,15895.132443,15797.786675,15889.692533,Bull,84.46176899999955,12.883999000001495
2023-05-22,15889.406222,16009.656877,15832.430316,15949.531549,Bull,120.25065499999982,56.97590599999967
2023-05-23,15950.104172,15960.411371,15701.29984,15745.678058,Bear,248.8043319999997,10.307199000000764
2023-05-24,15745.964369,15900.286043,15536.957278,15842.164893,Bull,154.3216740000007,209.0070909999995
2023-05-25,15842.164893,16069.209582,15834.720805,15980.166835,Bull,227.0446890000003,7.444087999998374
2023-05-26,15980.739458,16456.015857,15969.000703,16454.011679,Bull,475.2763989999985,11.73875500000031
2023-05-28,16534.465094,16559.94678,16472.335589,16485.792209,Bear,62.12950500000079,25.481685999999172
2023-05-29,16485.505898,16528.452561,16454.29799,16484.360654,Bear,31.207908000000316,42.94666299999881
2023-05-30,16484.074343,16686.209968,16419.081727,16459.45159,Bear,64.99261599999954,202.13562499999898
2023-05-31,16459.165279,16505.547674,16317.727603,16359.24271,Bear,141.43767600000137,46.38239500000054
2023-06-01,16360.101644,16638.396017,16322.02227,16614.632197,Bull,278.2943729999988,38.079374000000826
2023-06-02,16614.632197,16752.347829,16569.681357,16706.538055,Bull,137.71563199999946,44.9508399999977
2023-06-04,16694.226679,16697.089789,16620.64473,16633.242418,Bear,73.58194899999944,2.8631100000020524
2023-06-05,16633.81504,16829.079199,16628.66144,16707.396988,Bull,195.26415899999847,5.153600000001461
2023-06-06,16707.683299,16747.766851,16611.196464,16698.235034,Bear,96.4868349999997,40.083552000000054
2023-06-07,16698.235034,16806.460623,16330.897913,16344.068223,Bear,367.3371210000005,108.22558899999785
2023-06-08,16344.354534,16636.678151,16327.46218,16592.586244,Bull,292.323617,16.892353999999614
2023-06-09,16592.872555,16820.776178,16560.519402,16681.915302,Bull,227.90362299999833,32.35315300000002
2023-06-11,16675.043836,16730.301875,16668.17237,16703.961255,Bull,55.25803900000028,6.87146600000051
2023-06-12,16704.533878,17032.975843,16701.142582,17025.903523,Bull,328.4419650000018,3.391295999997965
2023-06-13,17025.620631,17144.718502,16931.700219,17088.139941,Bull,119.09787099999812,93.92041200000313
2023-06-14,17088.422833,17249.105947,16946.410645,17192.244493,Bull,160.68311399999948,142.0121880000006
2023-06-15,17192.527386,17472.591264,17048.252055,17362.828855,Bull,280.0638779999972,144.27533100000073
2023-06-16,17363.394641,17511.630471,17266.079516,17313.8884,Bear,97.31512499999735,148.23583000000144
2023-06-18,17316.717328,17338.500074,17270.888693,17278.809692,Bear,45.82863499999803,21.78274600000077
2023-06-19,17278.243906,17319.546256,17227.040308,17235.2442,Bear,51.203598000000056,41.30235000000175
2023-06-20,17234.961307,17325.204112,17116.712114,17268.342658,Bull,90.24280499999804,118.24919299999965
2023-06-21,17268.342658,17274.283407,16976.11439,16989.693244,Bear,292.2282680000026,5.940748999997595
2023-06-22,16989.976137,17242.882305,16932.83179,17128.027826,Bull,252.9061679999977,57.14434700000129
2023-06-23,17128.310719,17172.72489,16956.877679,17033.824522,Bear,171.4330399999999,44.41417100000035
2023-06-25,17038.916592,17102.567474,17034.956093,17080.784728,Bull,63.65088199999809,3.960499000000709
2023-06-26,17081.633406,17146.132966,16807.79317,16839.194271,Bear,273.840236,64.4995600000002
2023-06-27,16839.760057,17131.139647,16835.799558,17035.804772,Bull,291.37959000000046,3.960499000000709
2023-06-28,17035.238986,17221.382452,16997.614243,17140.47511,Bull,186.14346600000135,37.62474300000031
2023-06-29,17141.040895,17202.99442,17005.818134,17117.843685,Bear,135.22276099999726,61.95352500000081
2023-06-30,17119.258149,17399.887813,17110.20558,17331.710647,Bull,280.62966400000005,9.052568999999494
2023-07-02,17348.118429,17383.762923,17347.552644,17373.578782,Bull,35.64449400000012,0.5657849999988684
2023-07-03,17373.295889,17417.144274,17322.092291,17369.052497,Bear,51.203598000000056,43.848384999997506
2023-07-04,17369.618283,17390.55235,17348.118429,17359.151249,Bear,21.499854000001505,20.93406700000196
2023-07-05,17359.434142,17462.407123,17262.401909,17299.460867,Bear,97.03223299999809,102.97298100000262
2023-07-06,17299.177974,17320.96072,17099.738546,17226.474523,Bear,199.43942799999786,21.78274600000077
2023-07-07,17226.757416,17380.651102,17168.481498,17191.395815,Bear,58.275917999999365,153.89368599999943
2023-07-09,17198.185242,17198.185242,17109.639794,17134.817254,Bear,88.54544800000076,0.0
2023-07-10,17134.817254,17220.533774,17045.140234,17193.376064,Bull,85.71651999999813,89.67702000000281
2023-07-11,17193.94185,17302.572688,17097.475403,17291.539868,Bull,108.63083800000095,96.46644699999888
2023-07-12,17291.256975,17590.274671,17277.961013,17537.090824,Bull,299.017695999999,13.295962000000145
2023-07-13,17536.525038,17812.345524,17524.077755,17791.128563,Bull,275.8204860000005,12.447283000001335
2023-07-14,17791.128563,17943.607786,17723.800076,17758.595891,Bear,67.32848699999886,152.4792230000021
2023-07-16,17754.352499,17754.635391,17722.102719,17745.017036,Bear,32.24978000000192,0.28289199999926495
2023-07-17,17744.734143,17972.462852,17738.793394,17897.213366,Bull,227.72870899999907,5.940749000001233
2023-07-18,17896.64758,18138.803822,17803.010061,18056.482015,Bull,242.15624200000093,93.63751899999988
2023-07-19,18056.764908,18176.145672,17926.634217,17979.818065,Bear,130.13069100000212,119.38076399999773
2023-07-20,17980.100958,17996.791633,17592.537814,17652.511088,Bear,387.56314399999974,16.690675000001647
2023-07-21,17652.793981,17787.450957,17564.531426,17601.590383,Bear,88.26255499999752,134.65697600000203
2023-07-23,17602.721955,17619.695523,17576.130031,17595.932527,Bear,26.59192400000029,16.973567999997613
2023-07-24,17596.21542,17673.728049,17520.965934,17603.28774,Bull,77.51262900000074,75.24948600000062
2023-07-25,17603.570633,17810.082381,17601.590383,17707.675186,Bull,206.5117480000008,1.9802500000005239
2023-07-26,17707.392293,17794.240384,17556.327534,17778.115494,Bull,86.84809099999984,151.06475900000078
2023-07-27,17778.115494,17996.50874,17552.084142,17670.333335,Bear,226.0313520000018,218.39324599999964
2023-07-28,17670.333335,17987.456171,17670.050442,17930.877609,Bull,317.1228360000023,0.2828929999996035
2023-07-30,17935.403894,18011.219166,17868.924085,17883.917404,Bear,66.47980900000039,75.81527199999982
2023-07-31,17883.917404,17997.640312,17875.430619,17956.620855,Bull,113.72290799999973,8.486785000000964
2023-08-01,17956.903748,17958.883997,17747.563071,17785.7536,Bear,209.34067700000014,1.9802490000001853
2023-08-02,17785.187814,17801.312704,17442.038841,17485.887226,Bear,343.1489729999994,16.12488999999914
2023-08-03,17485.887226,17597.912777,17357.736785,17557.459106,Bull,112.02555100000245,128.15044099999795
2023-08-04,17556.89332,17664.109693,17354.342071,17384.045816,Bear,202.5512490000001,107.2163729999993
2023-08-06,17392.815493,17476.834656,17378.38796,17464.953158,Bull,84.01916300000084,14.42753299999822
2023-08-07,17464.953158,17536.807931,17351.796036,17473.722835,Bull,71.85477299999911,113.15712200000053
2023-08-08,17473.722835,17476.834656,17220.250881,17403.282526,Bear,253.47195400000055,3.1118209999985993
2023-08-09,17403.565419,17462.972908,17139.343539,17237.224449,Bear,264.2218799999973,59.40748900000108
2023-08-10,17237.790235,17474.005728,17127.462041,17205.257562,Bear,110.32819400000153,236.2154929999997
2023-08-11,17205.257562,17247.125698,17015.719382,17090.968869,Bear,189.53817999999956,41.86813600000096
2023-08-13,17091.251762,17142.172467,16997.048457,17030.712701,Bear,94.20330499999909,50.92070500000045
2023-08-14,17029.864023,17352.644714,17013.173347,17335.388253,Bull,322.78069099999993,16.690675999998348
2023-08-15,17335.954039,17347.552644,17058.153303,17098.041189,Bear,277.80073600000105,11.598604999999225
2023-08-16,17098.041189,17161.409177,16846.266592,16907.371438,Bear,251.77459699999963,63.36798800000179
2023-08-17,16907.937223,16994.219529,16669.741481,16705.668867,Bear,238.19574199999988,86.28230600000097
2023-08-18,16706.517545,16750.36593,16531.406899,16683.886121,Bear,175.11064599999736,43.848385000001144
2023-08-20,16704.820189,16741.879146,16673.136194,16694.353155,Bear,31.683994999999413,37.0589570000011
2023-08-21,16694.070262,16989.127459,16657.294197,16930.285755,Bull,295.05719699999827,36.776065000001836
2023-08-22,16930.568648,17107.376651,16896.621511,16987.430102,Bull,176.80800299999828,33.9471369999992
2023-08-23,16987.147209,17424.78238,16925.193684,17417.144274,Bull,437.6351710000017,61.95352499999717
2023-08-24,17417.427167,17446.565126,16766.49082,16796.477458,Bear,650.9363470000026,29.137958999999682
2023-08-25,16796.477458,17028.732451,16692.655798,16942.167253,Bull,232.25499299999865,103.82166000000143
2023-08-27,16963.384213,17007.232598,16943.581717,16961.686856,Bear,19.802496000000247,43.848384999997506
2023-08-28,16961.969749,17116.712114,16946.127752,17099.738546,Bull,154.74236500000188,15.841996999999537
2023-08-29,17099.738546,17503.143687,17029.864023,17472.025478,Bull,403.4051409999993,69.87452300000223
2023-08-30,17472.025478,17575.564245,17382.631352,17547.84075,Bull,103.53876700000183,89.39412599999923
2023-08-31,17547.557857,17660.149194,17494.091117,17594.800956,Bull,112.59133700000166,53.466739999999845
2023-09-01,17594.800956,17721.819826,17487.30169,17552.084142,Bear,107.4992659999989,127.01886999999988
2023-09-03,17558.590677,17587.728636,17539.919752,17577.544495,Bull,29.137958999999682,18.670924999998533
2023-09-04,17577.261602,17628.4652,17525.775111,17548.123643,Bear,51.48649099999966,51.203598000000056
2023-09-05,17548.123643,17637.51777,17446.848019,17546.709179,Bear,101.27562399999806,89.39412699999957
2023-09-06,17546.992072,17559.439355,17324.921219,17378.670852,Bear,222.07085300000108,12.447282999997697
2023-09-07,17378.38796,17380.651102,17151.790822,17288.145154,Bear,226.597138000001,2.263141999999789
2023-09-08,17288.993833,17415.72981,17225.908737,17327.750147,Bull,126.73597700000028,63.085095999998885
2023-09-10,17322.092291,17358.868356,17310.776579,17357.736785,Bull,36.7760649999982,11.315711999999621
2023-09-11,17358.30257,17536.584958,17358.30257,17495.804801,Bull,178.28238799999963,0.0
2023-09-12,17496.363433,17518.708725,17287.155639,17322.070158,Bear,209.2077939999981,22.34529200000179
2023-09-13,17322.349474,17457.817805,17212.578228,17444.41063,Bull,135.46833100000003,109.77124600000025
2023-09-14,17443.851998,17563.119992,17352.236302,17556.695721,Bull,119.26799400000164,91.61569599999711
2023-09-15,17556.975037,17562.282044,17157.552947,17186.881143,Bear,399.42209,5.30700699999943
2023-09-17,17186.043194,17227.940616,17182.970717,17215.930022,Bull,41.89742199999819,3.072477000001527
2023-09-18,17216.488654,17274.02778,17128.224752,17203.640111,Bear,88.26390200000242,57.53912599999967
2023-09-19,17203.640111,17253.079069,17036.609056,17147.776882,Bear,167.03105499999947,49.43895799999882
2023-09-20,17147.776882,17246.375482,16848.349973,16861.757148,Bear,299.426908999998,98.59860000000117
2023-09-21,16862.036464,16884.10244,16576.01673,16648.918244,Bear,286.01973400000134,22.065975999998045
2023-09-22,16648.638928,16789.693582,16594.172279,16620.707313,Bear,54.46664900000178,141.05465399999957
2023-09-24,16625.176372,16678.246439,16610.931248,16671.542852,Bull,53.070066999996925,14.245124000000942
2023-09-25,16670.98422,16709.529848,16515.684442,16622.662526,Bear,155.29977799999688,38.54562799999985
2023-09-26,16622.38321,16639.421495,16386.08175,16482.166504,Bear,236.30145999999877,17.038284999998723
2023-09-27,16481.328556,16559.537077,16296.421267,16469.876594,Bear,184.90728900000067,78.20852100000047
2023-09-28,16470.714542,16700.312415,16376.864317,16612.327829,Bull,229.5978729999988,93.85022500000196
2023-09-29,16612.886461,16826.842629,16547.805799,16637.745598,Bull,213.95616800000062,65.08066199999666
2023-10-01,16719.864545,16770.141452,16685.508659,16722.657707,Bull,50.27690699999948,34.35588600000119
2023-10-02,16722.099074,16810.362977,16564.564768,16708.412583,Bear,157.53430600000138,88.26390299999912
2023-10-03,16707.574635,16793.604008,16356.753554,16405.63388,Bear,350.82108100000005,86.02937299999758
2023-10-04,16405.354564,16709.809164,16299.773061,16684.950027,Bull,304.4545999999973,105.58150300000125
2023-10-05,16684.670711,16712.881642,16441.944979,16600.037918,Bear,242.72573199999897,28.210931000001437
2023-10-06,16599.479286,16938.010456,16379.098846,16914.827216,Bull,338.5311699999984,220.38044000000082
2023-10-08,16803.938705,16804.218022,16735.226933,16752.265218,Bear,68.71177199999875,0.27931700000044657
2023-10-09,16752.265218,17024.598461,16702.546944,16995.549582,Bull,272.33324300000095,49.71827399999893
2023-10-10,16995.270266,17187.439775,16950.858999,17086.048014,Bull,192.16950899999938,44.4112669999995
2023-10-11,17086.32733,17240.509843,17041.636746,17237.995998,Bull,154.18251299999974,44.690583999999944
2023-10-12,17237.437365,17282.686581,17000.577273,17117.052106,Bear,236.86009200000262,45.24921600000016
2023-10-13,17116.493474,17168.725593,16828.518526,16879.074749,Bear,287.97494799999913,52.23211900000024
2023-10-15,16893.040556,16968.455916,16893.040556,16943.038147,Bull,75.41535999999905,0.0
2023-10-16,16943.596779,17135.207656,16851.701767,17055.323238,Bull,191.61087699999916,91.89501200000086
2023-10-17,17055.323238,17104.482879,16815.111351,16994.711634,Bear,240.2118870000013,49.15964099999837
2023-10-18,16994.99095,17008.956757,16735.785566,16772.655297,Bear,259.2053840000008,13.965807000000495
2023-10-19,16772.934613,16913.430635,16555.068019,16591.099802,Bear,217.8665940000028,140.49602199999936
2023-10-20,16590.820485,16633.27654,16362.339877,16366.808936,Bear,228.48060799999985,42.45605499999874
2023-10-22,16401.444138,16441.665663,16381.892008,16422.672165,Bull,40.22152500000084,19.552129999998215
2023-10-23,16422.392849,16595.56886,16216.257533,16501.160002,Bull,173.17601099999956,206.13531599999988
2023-10-24,16501.439319,16701.708996,16430.493017,16522.38803,Bull,200.26967700000023,70.94630200000029
2023-10-25,16522.38803,16526.577772,15979.39744,15994.759828,Bear,542.9905899999976,4.189742000002298
2023-10-26,15994.201196,16154.528664,15798.400577,15998.94957,Bull,160.3274679999995,195.80061899999964
2023-10-27,15998.670254,16097.268854,15876.050466,15943.365657,Bear,122.61978799999997,98.59859999999935
2023-10-29,16017.10512,16034.702037,15980.235389,16015.429223,Bear,36.869731000000684,17.59691699999894
2023-10-30,16015.987855,16174.080795,15983.866499,16021.015546,Bull,158.09294000000045,32.12135599999965
2023-10-31,16019.339649,16204.526255,15989.452821,16169.611736,Bull,185.18660600000112,29.886827999998786
2023-11-01,16169.611736,16555.068019,16100.620648,16541.102211,Bull,385.4562829999977,68.99108800000067
2023-11-02,16540.543579,16778.24162,16514.008545,16710.647112,Bull,237.69804099999965,26.53503400000045
2023-11-03,16710.08848,17014.263764,16682.436182,16967.059335,Bull,304.17528400000083,27.652297999997245
2023-11-05,16967.897284,16985.214885,16940.803617,16960.635064,Bear,27.093666999997367,17.31760100000247
2023-11-06,16960.635064,17046.664437,16913.151319,16991.080524,Bull,86.02937300000121,47.483744999997725
2023-11-07,16991.080524,17219.561132,16955.607373,17148.894147,Bull,228.48060799999803,35.47315100000196
2023-11-08,17148.614831,17225.426771,17079.344426,17170.960122,Bull,76.8119399999996,69.2704049999993
2023-11-09,17170.960122,17265.927612,16991.080524,17034.374527,Bear,179.87959799999953,94.96748999999909
2023-11-10,17034.09521,17443.572682,16990.521891,17410.33406,Bull,409.4774720000023,43.573318999999174
2023-11-12,17413.96517,17430.724139,17328.215113,17338.54981,Bear,85.7500570000011,16.758969000002253
2023-11-13,17338.829127,17417.59628,17278.776155,17394.41304,Bull,78.76715300000069,60.05297200000132
2023-11-14,17393.854407,17806.962988,17375.698858,17794.952394,Bull,413.1085810000004,18.155548999999155
2023-11-15,17794.673078,17931.53799,17679.594826,17720.095667,Bear,115.07825199999934,136.8649120000009
2023-11-16,17720.095667,17772.04847,17649.149366,17749.423862,Bull,51.95280300000013,70.94630099999995
2023-11-17,17748.585914,17809.197518,17680.71209,17735.737371,Bear,67.87382399999842,60.611604000001535
2023-11-19,17758.920611,17768.696676,17694.398581,17696.353794,Bear,64.52203000000009,9.776064999998198
2023-11-20,17696.353794,18013.098305,17695.795162,17992.149594,Bull,316.7445110000008,0.5586320000002161
2023-11-21,17992.149594,17993.825491,17777.914109,17832.93939,Bear,214.23548499999742,1.6758970000009867
2023-11-22,17833.218706,18070.078799,17812.269995,17947.738326,Bull,236.86009299999932,20.948711000000912
2023-11-23,17948.017643,17972.87678,17933.772519,17943.8279,Bear,14.245124000000942,24.859136999999464
2023-11-24,17943.8279,17956.117811,17855.843314,17888.523303,Bear,87.98458599999867,12.289910999999847
2023-11-26,17885.17151,17886.288774,17807.800937,17810.594098,Bear,77.37057300000015,1.1172640000004321
2023-11-27,17810.594098,17975.949257,17810.594098,17879.585187,Bull,165.35515899999882,0.0
2023-11-28,17879.30587,17972.87678,17815.063157,17955.000546,Bull,93.57090999999855,64.24271299999964
2023-11-29,17954.72123,18109.183059,17891.316465,17947.179694,Bear,63.404764999999315,154.46182899999985
2023-11-30,17946.900378,17986.283955,17715.347292,17827.073751,Bear,231.5530859999999,39.383577000000514
2023-12-01,17827.073751,17932.096622,17724.285409,17910.030647,Bull,105.02287100000103,102.78834199999983
2023-12-03,17900.813214,17905.282272,17835.453235,17836.291184,Bear,65.35997900000075,4.469057999998768
2023-12-04,17836.291184,17880.143819,17564.795889,17682.946619,Bear,271.4952950000006,43.85263499999928
2023-12-05,17683.225935,17864.781431,17609.486473,17849.977675,Bull,181.55549600000086,73.73946199999773
2023-12-06,17850.536307,17918.410131,17644.680307,17651.942527,Bear,205.85599999999977,67.87382400000206
2023-12-07,17652.501159,17949.972856,17642.725094,17895.785523,Bull,297.47169700000086,9.776064999998198
2023-12-08,17895.785523,18008.908563,17751.379075,17981.256264,Bull,113.12304000000222,144.4064479999979
2023-12-10,17980.138999,18004.160188,17931.258674,17946.621062,Bear,48.880324999998265,24.021189000002778
2023-12-11,17946.06243,18179.850044,17927.068932,18170.353295,Bull,233.78761399999712,18.993498000003456
2023-12-12,18170.632612,18320.894731,18081.865406,18310.693941,Bull,150.26211899999907,88.76720600000044
2023-12-13,18310.693941,18620.577403,18279.815874,18606.516854,Bull,309.88346199999796,30.878067000001465
2023-12-14,18605.96546,18619.198918,18337.160856,18500.373498,Bear,268.80460400000084,13.233457999998791
2023-12-15,18500.649195,18623.058676,18479.144826,18543.382234,Bull,122.40948099999878,21.504369000002043
2023-12-17,18549.171872,18591.629215,18529.321686,18585.56388,Bull,42.457343000001856,19.850185999999667
2023-12-18,18585.839577,18718.725545,18535.662717,18671.581353,Bull,132.88596800000232,50.17685999999958
2023-12-19,18671.581353,18798.12629,18656.693714,18788.201197,Bull,126.54493699999875,14.88763900000049
2023-12-20,18787.9255,18828.452963,18481.074706,18577.292969,Bear,306.85079400000177,40.527462999998534
2023-12-21,18577.568666,18714.59009,18543.382234,18634.086557,Bull,137.0214240000023,34.186431999998604
2023-12-22,18634.362254,18793.163743,18627.745525,18706.043482,Bull,158.8014890000013,6.6167290000012144
2023-12-25,18708.249058,18779.103195,18708.249058,18773.589254,Bull,70.85413699999845,0.0
2023-12-26,18773.864951,18870.083215,18730.580518,18846.924664,Bull,96.21826399999918,43.28443300000072
2023-12-27,18847.200361,18919.157286,18808.602777,18909.783587,Bull,71.95692500000223,38.59758399999919
2023-12-28,18909.50789,18929.633773,18833.139813,18857.125454,Bear,76.36807699999918,20.125883000000613
2023-12-29,18857.401151,18891.86328,18679.30087,18751.533492,Bear,178.1002809999991,34.46212900000319
2024-01-01,18768.351011,18789.855379,18748.500825,18766.972526,Bear,19.850185999999667,21.504368000001705
2024-01-02,18766.696829,18787.9255,18331.095521,18421.799844,Bear,435.60130800000115,21.22867100000076
2024-01-03,18421.524147,18449.09385,18220.265315,18244.250957,Bear,201.25883199999953,27.569703000001027
2024-01-04,18244.250957,18292.22224,18114.121959,18117.154626,Bear,130.12899800000014,47.97128299999895
2024-01-05,18117.430323,18281.194359,18013.216846,18157.406392,Bull,163.7640360000005,104.21347700000115
2024-01-07,18162.920333,18196.279674,18125.701234,18131.490872,Bear,37.219098999998096,33.35934100000304
2024-01-08,18131.215175,18539.246779,18061.739523,18500.097801,Bull,408.0316039999998,69.47565200000099
2024-01-09,18499.822104,18602.381399,18369.968802,18555.788601,Bull,102.55929500000275,129.85330199999953
2024-01-10,18554.96151,18757.874524,18528.494595,18745.468157,Bull,202.91301399999793,26.46691500000088
2024-01-11,18745.19246,18810.256959,18475.009371,18685.366205,Bear,270.1830889999983,65.06449900000007
2024-01-12,18685.366205,18794.266532,18600.175822,18698.048268,Bull,108.90032700000302,85.19038299999738
2024-01-14,18705.216391,18739.67852,18679.852264,18728.926335,Bull,34.46212899999955,25.364127000000735
2024-01-15,18728.374941,18774.140648,18609.273824,18612.582189,Bear,119.10111699999834,45.765707000002294
2024-01-16,18611.755098,18784.617136,18539.798173,18629.675405,Bull,172.8620379999993,71.95692500000223
2024-01-17,18629.675405,18645.941529,18404.706628,18597.970246,Bear,224.96877700000186,16.266123999997944
2024-01-18,18597.694549,18944.245716,18596.867458,18912.540557,Bull,346.55116700000144,0.8270909999992
2024-01-19,18912.540557,19267.086938,18911.713466,19257.713239,Bull,354.5463810000001,0.8270909999992
2024-01-21,19261.2973,19374.884477,19261.2973,19337.941075,Bull,113.58717700000125,0.0
2024-01-22,19337.941075,19392.529087,19226.00808,19267.086938,Bear,111.93299499999921,54.58801200000016
2024-01-23,19265.98415,19419.547395,19198.989772,19412.65497,Bull,153.5632450000012,66.99437799999941
2024-01-24,19412.65497,19622.46041,19375.711568,19437.192005,Bull,209.8054400000001,36.94340200000079
2024-01-25,19437.467702,19576.694703,19280.596092,19305.133128,Bear,156.87161000000197,139.2270009999993
2024-01-26,19305.408825,19444.360128,19261.2973,19304.03034,Bear,44.111525000000256,138.95130300000164
2024-01-28,19300.997673,19350.898835,19251.923601,19334.357013,Bull,49.901161999998294,49.07407200000307
2024-01-29,19334.63271,19558.774396,19320.572162,19544.989544,Bull,224.14168599999903,14.06054800000129
2024-01-30,19545.265241,19550.503485,19199.541166,19235.933174,Bear,345.7240750000019,5.2382440000001225
2024-01-31,19236.208871,19281.147486,18991.665605,19075.477502,Bear,244.54326600000059,44.938615000002756
2024-02-01,19075.753199,19460.626253,19037.155615,19422.304366,Bull,384.8730539999997,38.59758399999919
2024-02-02,19422.580063,19602.610223,19260.745906,19505.013475,Bull,180.03015999999843,161.83415700000114
2024-02-04,19514.938568,19550.503485,19479.649348,19509.14893,Bear,35.28922000000239,35.564916999999696
2024-02-05,19509.424627,19576.694703,19358.618352,19560.979972,Bull,67.2700760000007,150.806274999999
2024-02-06,19561.255669,19595.442101,19365.786475,19479.097954,Bear,195.46919399999751,34.18643200000224
2024-02-07,19479.925045,19712.889035,19441.878855,19681.735271,Bull,232.9639900000002,38.046190000000934
2024-02-08,19681.183877,19736.047586,19621.081924,19699.655578,Bull,54.86370900000111,60.10195300000123
2024-02-09,19699.379881,19928.484113,19695.795819,19892.367802,Bull,229.10423199999786,3.5840620000017225
2024-02-11,19894.297681,19898.433136,19853.494521,19870.587736,Bear,40.80315999999948,4.135454999999638
2024-02-12,19871.139131,19984.174913,19752.313711,19784.018869,Bear,118.82542000000103,113.03578199999902
2024-02-13,19784.018869,19809.658693,19345.109197,19503.083596,Bear,438.90967199999795,25.63982400000168
2024-02-14,19502.532201,19725.571099,19502.256504,19712.613338,Bull,223.03889799999888,0.275697000000946
2024-02-15,19712.889035,19815.172633,19608.124164,19775.472261,Bull,102.28359799999816,104.7648709999994
2024-02-16,19775.196564,19878.858647,19535.891542,19543.059665,Bear,239.30502200000046,103.66208299999926
2024-02-18,19551.606273,19633.488291,19548.297908,19609.778346,Bull,81.88201800000024,3.3083650000007765
2024-02-19,19609.778346,19637.899443,19483.233409,19503.083596,Bear,126.54493699999875,28.12109699999928
2024-02-20,19502.807899,19546.643726,19246.409661,19366.613566,Bear,256.39823799999795,43.83582699999897
2024-02-21,19366.889263,19648.100233,19158.462308,19620.806227,Bull,281.2109700000001,208.42695500000264
2024-02-22,19620.254833,19946.128723,19614.189499,19905.325562,Bull,325.8738900000026,6.065333999998984
2024-02-23,19905.049865,20009.814737,19790.635598,19806.901723,Bear,114.41426700000011,104.76487199999974
2024-02-25,19807.728814,19837.228396,19764.168683,19798.355115,Bear,43.560130999998364,29.499582000000373
2024-02-26,19798.355115,19915.802049,19770.234018,19781.537596,Bear,28.12109699999928,117.44693400000324
2024-02-27,19782.08899,19894.573378,19749.55674,19847.429186,Bull,112.48438800000076,32.532250000000204
2024-02-28,19847.153489,19855.148703,19680.632483,19761.136016,Bear,166.52100599999903,7.995213999998668
2024-02-29,19760.584622,19995.754188,19658.301023,19990.791642,Bull,235.1695660000005,102.2835989999985
2024-03-01,19991.067339,20261.250428,19882.718406,20204.181143,Bull,270.1830889999983,108.34893300000113
2024-03-03,20220.722964,20253.255214,20210.246477,20233.405028,Bull,32.532250000000204,10.476486999999906
2024-03-04,20232.853634,20266.764369,20051.996382,20060.818687,Bear,180.85725199999797,33.910735000001296
2024-03-05,20061.094384,20066.332628,19665.469146,19830.060273,Bear,395.62523800000054,5.2382440000001225
2024-03-06,19830.060273,20042.346986,19775.472261,19827.027606,Bear,54.58801200000016,212.28671300000133
2024-03-07,19826.476212,20247.189879,19757.276257,20172.200287,Bull,420.713667,69.19995500000005
2024-03-08,20172.475984,20331.553171,19863.971008,19911.942291,Bear,308.50497600000017,159.07718699999896
2024-03-10,19911.942291,19925.451445,19821.237968,19833.368637,Bear,90.70432299999811,13.509153999999398
2024-03-11,19832.817243,19930.965386,19729.430857,19929.035507,Bull,98.14814299999853,103.38638600000195
2024-03-12,19929.311204,20117.035963,19772.160056,20092.013421,Bull,187.724758999997,157.15114800000083
2024-03-13,20091.741437,20134.170965,19889.385226,19996.546983,Bear,202.35621100000208,42.42952800000057
2024-03-14,19996.274999,20048.767941,19758.288864,19827.372839,Bear,237.98613500000283,52.49294199999713
2024-03-15,19827.644823,19933.990628,19589.658689,19651.94306,Bear,237.98613399999886,106.34580500000084
2024-03-17,19662.822426,19736.802116,19650.583139,19732.178385,Bull,73.97969000000012,12.239287000000331
2024-03-18,19732.45037,19997.362935,19729.458544,19789.295058,Bull,264.91256500000236,2.9918259999976726
2024-03-19,19789.023074,19897.544751,19640.79171,19840.428079,Bull,108.52167700000064,148.2313639999993
2024-03-20,19840.428079,20242.692642,19837.436253,20237.252959,Bull,402.26456300000063,2.9918260000013106
2024-03-21,20237.252959,20354.206145,20161.641364,20208.966607,Bear,75.61159500000213,116.95318599999882
2024-03-22,20209.238591,20263.907406,20118.1239,20196.183352,Bear,91.1146910000025,54.66881499999727
2024-03-24,20199.719146,20236.980975,20184.216049,20199.99113,Bull,37.261828999999125,15.503097000000707
2024-03-25,20199.99113,20205.158829,20034.080796,20164.63319,Bear,165.91033400000015,5.167699000001448
2024-03-26,20164.63319,20256.29185,20060.735243,20144.778347,Bear,103.8979470000013,91.65866000000096
2024-03-27,20144.778347,20204.886845,19994.643094,20127.915329,Bear,150.13525300000038,60.10849800000142
2024-03-28,20127.915329,20168.984937,20069.71072,20088.749611,Bear,58.204609000000346,41.06960800000161
2024-03-31,20130.091203,20248.676294,20127.371361,20224.19772,Bull,118.58509100000083,2.719841999998607
2024-04-01,20224.19772,20243.236611,20033.808812,20100.716914,Bear,190.3889080000008,19.03889100000015
2024-04-02,20100.44493,20138.794696,19802.078313,19907.880149,Bear,298.3666169999997,38.34976599999936
2024-04-03,19908.696101,20110.508344,19835.804348,20074.878419,Bull,201.8122430000003,72.89175299999988
2024-04-04,20075.422388,20200.807083,19640.79171,19704.97997,Bear,434.6306779999977,125.38469500000065
2024-04-05,19705.251954,20027.009208,19638.887821,19921.207372,Bull,321.7572540000001,66.36413299999913
2024-04-07,19961.733011,19987.84349,19876.873955,19897.544751,Bear,84.85905600000115,26.11047899999903
2024-04-08,19897.816735,19991.923252,19841.244031,19924.743166,Bull,94.10651700000017,56.57270400000198
2024-04-09,19924.743166,20025.921272,19757.744896,19997.906904,Bull,101.17810599999939,166.99827000000005
2024-04-10,19998.178888,20098.813025,19641.063694,19805.070139,Bear,357.11519399999816,100.63413700000092
2024-04-11,19805.070139,20147.226204,19678.597507,20112.140248,Bull,342.1560649999992,126.47263200000089
2024-04-12,20111.868264,20135.258902,19713.683463,19770.528151,Bear,398.1848009999994,23.390638000000763
2024-04-14,19747.137514,19860.282922,19742.513783,19853.483318,Bull,113.14540800000032,4.62373099999968
2024-04-15,19853.755302,19964.452853,19360.648031,19412.868989,Bear,493.10727100000076,110.69755099999747
2024-04-16,19413.412957,19569.803845,19356.568269,19512.143205,Bull,156.39088799999809,56.84468800000104
2024-04-17,19511.327252,19548.589081,19164.275472,19284.220484,Bear,347.05177999999796,37.261828999999125
2024-04-18,19284.764452,19333.449616,18692.654949,18895.283144,Bear,592.1095029999997,48.68516400000226
2024-04-19,18894.467191,19096.823402,18618.131291,18689.935107,Bear,276.3358999999982,202.35621100000208
2024-04-21,18743.244002,18791.929165,18707.886062,18783.225672,Bull,48.68516300000192,35.35793999999805
2024-04-22,18783.497656,18982.318073,18656.481056,18855.029489,Bull,198.820416999999,127.01659999999902
2024-04-23,18854.485521,19305.707232,18840.342345,19286.940325,Bull,451.22171100000196,14.143175999997766
2024-04-24,19287.212309,19360.376047,18970.894738,18988.573708,Bear,316.3175709999996,73.16373800000292
2024-04-25,18988.845693,19395.190019,18830.278931,19327.737948,Bull,406.3443260000022,158.56676199999856
2024-04-26,19326.650012,19475.697328,19221.936113,19405.253432,Bull,149.04731600000014,104.71389899999849
2024-04-28,19435.715658,19492.288362,19423.204386,19485.760742,Bull,56.57270399999834,12.511271999999735
2024-04-29,19484.944789,19527.374317,19355.752316,19479.505106,Bear,129.1924730000028,42.42952800000057
2024-04-30,19479.77709,19485.760742,18988.573708,19069.353002,Bear,491.2033819999997,5.983651999998983
2024-05-01,19068.53705,19357.92819,18929.281163,19095.735465,Bull,289.3911399999997,139.25588699999935
2024-05-02,19095.463481,19374.247239,18915.137987,19312.234852,Bull,278.7837580000014,180.32549400000062
2024-05-03,19312.234852,19637.5279,19277.692864,19610.601469,Bull,325.29304799999954,34.541988000000856
2024-05-05,19634.536074,19652.215044,19571.43575,19577.419402,Bear,63.10032399999909,17.678970000000845
2024-05-06,19576.603449,19801.806329,19565.180115,19783.311406,Bull,225.20288000000073,11.423333999999159
2024-05-07,19783.855375,19872.522209,19747.137514,19785.215295,Bull,88.66683399999965,36.717861000000994
2024-05-08,19785.215295,19846.41173,19661.734489,19745.505609,Bear,123.48080600000321,61.19643499999802
2024-05-09,19745.777593,19849.131572,19695.732509,19830.908633,Bull,103.35397899999953,50.04508399999759
2024-05-10,19830.636649,19961.461027,19787.935137,19843.14792,Bull,130.82437800000116,42.70151199999964
2024-05-12,19841.787999,19895.640862,19831.724586,19894.280941,Bull,53.85286300000007,10.063412999999855
2024-05-13,19894.280941,19948.677772,19838.52419,19877.145939,Bear,55.756751000000804,54.3968309999982
2024-05-14,19876.329987,20059.647307,19762.912595,20030.273018,Bull,183.3173199999983,113.41739199999938
2024-05-15,20030.001034,20386.57226,20010.418175,20371.069163,Bull,356.571226,19.582859000001918
2024-05-16,20371.341147,20410.506865,20271.794947,20299.537331,Bear,99.54620000000068,39.1657180000002
2024-05-17,20299.265346,20329.999556,20175.78454,20272.338915,Bear,123.48080599999957,30.73420999999871
2024-05-19,20272.066931,20321.840031,20271.522963,20313.408522,Bull,49.77309999999852,0.5439680000017688
2024-05-20,20313.408522,20447.224726,20273.97082,20402.891309,Bull,133.81620399999883,39.4377020000029
2024-05-21,20402.619325,20479.318856,20320.48011,20463.271791,Bull,76.69953100000203,82.13921499999924
2024-05-22,20463.543775,20638.701571,20327.279714,20631.357998,Bull,175.15779600000315,136.26406099999804
2024-05-23,20630.81403,20696.090227,20259.011692,20358.557892,Bear,371.8023380000013,65.27619699999923
2024-05-24,20358.285908,20590.288391,20325.647809,20530.179893,Bull,232.00248299999657,32.63809900000342
2024-05-26,20534.53164,20547.314895,20489.654254,20519.844495,Bear,44.877386000000115,12.783254999998462
2024-05-27,20519.300527,20622.92649,20517.940606,20584.848708,Bull,103.62596300000223,1.3599209999993036
2024-05-28,20585.120692,20649.580937,20474.423142,20559.010213,Bear,110.69755000000077,64.4602449999984
2024-05-29,20559.282198,20562.546007,20311.504633,20323.199952,Bear,247.77756500000032,3.2638090000000375
2024-05-30,20322.655984,20439.065201,20129.547234,20185.57597,Bear,193.10874999999942,116.40921700000035
2024-05-31,20185.032002,20309.872728,19845.323793,20203.798908,Bull,124.84072599999854,339.70820900000035
2024-06-02,20225.013672,20293.825663,20169.528905,20287.570028,Bull,68.81199099999867,55.48476700000174
2024-06-03,20287.570028,20404.795198,20056.927465,20285.938123,Bear,230.6425629999976,117.22517000000153
2024-06-04,20286.210107,20416.218533,20139.06668,20406.427103,Bull,130.00842600000033,147.14342699999906
2024-06-05,20406.427103,20791.828649,20347.678526,20779.045394,Bull,385.4015459999973,58.748577000002115
2024-06-06,20779.317378,20806.243809,20689.562607,20768.166028,Bear,89.75477099999989,26.926430999999866
2024-06-07,20767.894044,20839.425876,20605.519504,20703.705783,Bear,162.3745400000007,71.53183200000058
2024-06-09,20697.994116,20735.799913,20680.58713,20720.840785,Bull,37.805796999997256,17.40698600000178
2024-06-10,20721.112769,20811.955477,20642.781333,20767.350075,Bull,90.84270800000013,78.3314360000004
2024-06-11,20767.350075,20964.266603,20664.812049,20950.123427,Bull,196.91652800000156,102.53802599999835
2024-06-12,20949.851443,21367.619103,20932.172473,21364.627277,Bull,417.76766000000134,17.678970000000845
2024-06-13,21365.715214,21422.559902,21214.764009,21363.539341,Bear,150.9512050000012,56.84468800000104
2024-06-14,21363.267357,21431.807363,21216.395914,21428.271569,Bull,68.54000599999927,146.871443
2024-06-16,21426.911649,21460.093715,21399.713233,21425.00776,Bear,27.198416000002908,33.182065999997576
2024-06-17,21425.823712,21766.187217,21371.853752,21666.328777,Bull,340.36350499999753,53.969960000002175
2024-06-18,21666.597213,21765.381907,21611.29926,21708.74177,Bull,98.78469399999813,55.297953000001144
2024-06-19,21709.010207,21812.358324,21705.788967,21804.573661,Bull,103.34811700000137,3.221239999998943
2024-06-20,21804.842097,21873.293448,21430.104509,21547.411333,Bear,374.73758799999996,68.4513509999997
2024-06-21,21547.411333,21567.275646,21382.859655,21485.402462,Bear,164.5516779999998,19.86431299999822
2024-06-23,21490.771196,21507.414269,21387.423079,21443.257906,Bear,103.34811700000137,16.643072999999276
2024-06-24,21442.989469,21507.145832,21182.874338,21260.989408,Bear,260.11513099999866,64.15636299999824
2024-06-25,21261.257845,21484.060279,21180.726844,21466.075022,Bull,222.80243400000109,80.53100099999938
2024-06-26,21466.343459,21550.632573,21339.909788,21413.192999,Bear,126.43367099999887,84.28911399999924
2024-06-27,21413.192999,21625.526403,21403.529279,21591.434946,Bull,212.33340400000088,9.663720000000467
2024-06-28,21591.16651,21768.33471,21374.269682,21438.962919,Bear,216.89682800000082,177.16820000000007
2024-06-30,21442.721032,21480.302166,21401.381785,21453.995372,Bull,37.58113400000002,41.33924699999989
2024-07-01,21453.995372,21554.390686,21272.800621,21455.874429,Bull,100.3953139999976,181.19475100000273
2024-07-02,21456.142866,21753.302257,21378.296232,21737.196057,Bull,297.15939100000105,77.84663399999772
2024-07-03,21737.464494,21942.281671,21695.0515,21906.848031,Bull,204.8171770000008,42.412993999998434
2024-07-04,21906.579594,21933.423261,21862.555981,21928.859838,Bull,26.843667000001005,44.02361299999757
2024-07-05,21928.859838,22161.594429,21875.440941,22110.054589,Bull,232.73459100000036,53.41889699999956
2024-07-07,22110.054589,22138.508875,22096.901192,22107.101785,Bear,13.153396999998222,28.45428600000014
2024-07-08,22106.296475,22278.901253,22100.927742,22267.358476,Bull,172.6047780000008,5.368732999999338
2024-07-09,22267.626913,22303.597426,22136.092945,22243.467613,Bear,131.53396799999973,35.97051300000021
2024-07-10,22243.199176,22459.290694,22222.529552,22420.09894,Bull,216.0915180000011,20.669623999998294
2024-07-11,22420.367377,22531.231721,21880.004364,21900.137114,Bear,540.3630129999983,110.86434400000144
2024-07-12,21900.673988,22270.579716,21834.638567,22054.488198,Bull,369.90572800000155,66.03542099999686
2024-07-14,22097.706502,22110.054589,22020.396742,22107.370222,Bull,12.348086999998486,77.3097600000001
2024-07-15,22106.296475,22330.70953,22018.517685,22161.325992,Bull,224.4130550000009,87.7787900000003
2024-07-16,22161.862866,22209.913029,21973.688761,22038.113562,Bear,188.17410499999824,48.050162999999884
2024-07-17,22037.845125,22049.387902,21438.157609,21531.842006,Bear,599.6875159999981,11.54277699999875
2024-07-18,21531.573569,21649.417266,21215.892048,21429.030762,Bear,315.6815209999986,117.84369700000025
2024-07-19,21429.299199,21453.190062,21103.417084,21154.420051,Bear,325.88211500000034,23.890863000000536
2024-07-21,21205.423018,21305.281458,21172.942181,21261.526281,Bull,99.85843999999997,32.48083700000279
2024-07-22,21260.452535,21522.983596,21215.086738,21411.582379,Bull,262.53106099999786,45.365796999998565
2024-07-23,21411.850815,21565.933463,21175.626548,21184.484958,Bear,236.22426700000142,154.0826479999996
2024-07-24,21184.753394,21233.877305,20582.381512,20674.186852,Bear,602.3718819999995,49.12391100000241
2024-07-25,20674.186852,20820.484836,20275.826837,20513.661725,Bear,398.3600149999984,146.29798400000072
2024-07-26,20513.661725,20720.894832,20444.405064,20589.897738,Bull,207.23310700000002,69.25666100000308
2024-07-28,20585.602752,20755.523162,20581.307765,20723.847636,Bull,169.92041000000245,4.294986999997491
2024-07-29,20724.384509,20806.257693,20482.791508,20594.729598,Bear,241.5930010000011,81.87318400000004
2024-07-30,20595.803345,20744.517259,20105.906426,20515.272345,Bear,489.8969189999989,148.71391399999993
2024-07-31,20515.809218,21171.063124,20504.266441,21120.060157,Bull,655.2539060000017,11.54277699999875
2024-08-01,21120.060157,21145.024767,20064.030306,20147.245673,Bear,1056.0298509999993,24.964609999999084
2024-08-02,20151.003786,20189.39023,19741.637868,19878.540568,Bear,409.3659179999995,38.386443999999756
2024-08-04,19746.201291,19746.201291,19207.180462,19219.260112,Bear,539.020829000001,0.0
2024-08-05,19221.407605,19796.667385,18630.578499,19685.803041,Bull,575.2597800000003,590.829106000001
2024-08-06,19684.460857,19846.328168,19290.932702,19755.596574,Bull,161.8673110000018,393.52815499999997
2024-08-07,19755.865011,19927.127605,19050.145011,19317.239496,Bear,705.7200000000012,171.2625939999998
2024-08-08,19317.239496,19989.941785,19197.516742,19818.142318,Bull,672.7022890000007,119.72275399999853
2024-08-09,19817.605445,20051.682219,19738.685064,19974.372459,Bull,234.07677399999739,78.9203809999999
2024-08-11,19960.950625,20043.629119,19880.419625,20022.154186,Bull,82.67849399999977,80.53100000000268
2024-08-12,20021.348876,20149.12473,19889.546472,20072.351843,Bull,127.77585399999953,131.8024039999982
2024-08-13,20071.814969,20565.738438,20022.691059,20512.587978,Bull,493.9234690000012,49.12390999999843
2024-08-14,20512.856415,20642.511325,20321.192634,20628.015745,Bull,129.6549100000011,191.6637809999993
2024-08-15,20628.552618,21093.216491,20513.661725,21067.983444,Bull,464.6638729999977,114.89089299999978
2024-08-16,21067.44657,21134.555737,20881.688396,21049.72975,Bear,185.7581739999987,67.1091669999987
2024-08-18,21076.573417,21139.924471,21037.381664,21054.293174,Bear,39.19175299999915,63.35105399999884
2024-08-19,21054.293174,21383.128092,20965.1722,21348.768198,Bull,328.83491800000047,89.12097399999766
2024-08-20,21349.305072,21400.844912,21198.980538,21312.529248,Bear,150.3245339999994,51.53984000000128
2024-08-21,21312.260812,21455.337556,21229.582318,21367.827202,Bull,143.07674399999814,82.67849399999977
2024-08-22,21368.364075,21502.045536,20983.157457,21129.723877,Bear,385.20661800000016,133.68146100000013
2024-08-23,21130.260751,21372.122189,21036.576354,21235.219488,Bull,241.8614379999999,93.6843970000009
2024-08-25,21247.030701,21295.080865,21170.257814,21235.756361,Bear,76.77288699999917,48.05016400000022
2024-08-26,21234.145741,21309.844882,20943.965703,21050.266624,Bear,290.1800379999986,75.69914100000096
2024-08-27,21051.071934,21146.635387,20875.245916,21078.452474,Bull,95.56345299999884,175.82601799999975
2024-08-28,21077.915601,21143.145711,20551.779731,20714.720789,Bear,526.1358700000019,65.23011000000042
2024-08-29,20714.452352,21145.830077,20699.151462,20899.673653,Bull,431.37772499999846,15.300889999998617
2024-08-30,20899.405216,21080.599967,20799.009903,21039.529157,Bull,181.1947509999991,100.3953130000009
2024-09-01,21044.361017,21075.49967,21008.122067,21025.838887,Bear,36.23894999999902,31.138653000001796
2024-09-02,21027.717944,21134.555737,20949.87131,20995.505543,Bear,77.84663400000136,106.83779299999878
2024-09-03,20995.77398,21093.484927,20214.086403,20257.84158,Bear,781.6875770000006,97.71094699999958
2024-09-04,20257.84158,20524.399191,20218.918263,20307.233927,Bull,266.5576110000002,38.92331700000068
2024-09-05,20305.35487,20562.785635,20176.773706,20288.980234,Bear,128.58116399999926,257.430765000001
2024-09-06,20289.24867,20371.390291,19692.245521,19732.779458,Bear,597.0031490000001,82.14162099999885
2024-09-08,19756.938758,19955.045019,19741.906304,19936.791325,Bull,198.1062610000008,15.032454000000143
2024-09-09,19937.865072,20123.086373,19861.360622,19990.747095,Bull,185.22130099999777,76.50445000000036
2024-09-10,19991.015532,20270.72654,19952.629089,20114.496399,Bull,279.7110079999984,38.386443000003055
2024-09-11,20115.033273,20750.154429,19914.779518,20738.074779,Bull,635.1211559999974,200.25375500000155
2024-09-12,20737.537906,20920.343276,20599.829895,20882.762143,Bull,182.80536999999822,137.70801100000244
2024-09-13,20884.104326,21021.007027,20828.806373,20941.81821,Bull,136.90270099999907,55.297953000001144
2024-09-15,20935.912603,20987.989317,20915.511416,20969.19875,Bull,52.0767139999989,20.40118699999948
2024-09-16,20970.272497,20984.231203,20722.505452,20870.682493,Bear,247.7670450000005,13.958705999997619
2024-09-17,20871.219366,21063.869634,20771.260622,20882.945476,Bull,192.6502679999976,99.95874399999957
2024-09-18,20882.414907,21116.661288,20753.751832,21076.868584,Bull,234.24638100000084,128.66307499999675
2024-09-19,21077.664438,21438.186331,21055.911094,21284.055927,Bull,360.521893000001,21.753344000000652
2024-09-20,21283.525357,21311.910819,21074.215737,21239.222814,Bear,209.30962,28.385462000002008
2024-09-22,21265.220714,21396.80192,21218.795893,21373.456867,Bull,131.58120600000257,46.42482100000052
2024-09-23,21375.048575,21375.844429,21175.289204,21300.503578,Bear,199.7593710000001,0.795853999999963
2024-09-24,21301.564716,21450.654712,21172.901642,21359.927348,Bull,149.0899959999988,128.66307400000005
2024-09-25,21359.662063,21627.06903,21290.953329,21624.946753,Bull,267.406966999999,68.70873399999982
2024-09-26,21625.477322,21793.667815,21422.26925,21590.990313,Bear,203.20807199999763,168.19049300000188
2024-09-27,21590.725028,21642.720827,21406.352169,21427.574944,Bear,184.37285899999915,51.99579900000026
2024-09-29,21433.411207,21527.321987,21385.659963,21431.554214,Bear,47.75124400000277,93.91077999999834
2024-09-30,21431.819499,21574.807947,21282.198934,21495.753109,Bull,142.98844800000006,149.62056500000108
2024-10-01,21495.487824,21567.379975,21029.64791,21148.760735,Bear,465.83991400000014,71.89215100000001
2024-10-02,21147.169027,21318.542936,21046.09556,21164.412532,Bull,171.37390900000173,101.07346699999835
2024-10-03,21164.677816,21343.479697,21065.726627,21227.285003,Bull,178.8018809999994,98.95118899999943
2024-10-04,21228.080857,21502.650511,21192.797994,21437.390477,Bull,274.569653999999,35.28286300000036
2024-10-06,21456.22569,21506.364497,21436.329339,21453.042274,Bear,19.896350999999413,50.13880699999936
2024-10-07,21453.042274,21456.22569,21119.314135,21224.632156,Bear,333.7281389999989,3.183415999999852
2024-10-08,21225.162726,21572.420384,21161.759685,21468.163501,Bull,347.25765800000227,63.403040999997756
2024-10-09,21467.898217,21735.039899,21430.75836,21715.143547,Bull,267.1416819999977,37.13985700000194
2024-10-10,21714.878263,21762.098937,21542.708499,21684.901093,Bear,172.1697639999984,47.220674000000145
2024-10-11,21684.635808,21747.242995,21556.768588,21661.290755,Bear,127.86722000000009,62.60718700000143
2024-10-13,21681.717676,21701.083459,21629.456593,21660.229617,Bear,52.261083000001236,19.3657830000011
2024-10-14,21661.290755,21944.349519,21659.168478,21890.762012,Bull,283.0587639999976,2.1222770000022138
2024-10-15,21890.231442,21922.33089,21492.304408,21636.619279,Bear,397.9270340000003,32.09944800000085
2024-10-16,21637.149849,21645.638959,21441.635032,21537.137521,Bear,195.51481700000295,8.489109999998618
2024-10-17,21537.137521,21853.88744,21534.219389,21619.375774,Bull,316.74991899999804,2.9181319999988773
2024-10-18,21619.906344,21784.913421,21614.865935,21736.631607,Bull,165.00707700000203,5.040408999997453
2024-10-20,21749.365272,21780.93415,21716.469971,21720.714526,Bear,32.89530100000047,31.56887800000186
2024-10-21,21720.183956,21811.176605,21587.541612,21701.348743,Bear,132.64234399999987,90.9926489999998
2024-10-22,21702.409882,21861.845981,21605.050401,21773.506179,Bull,159.43609899999865,97.3594809999995
2024-10-23,21772.710325,21798.44294,21306.605125,21564.992413,Bear,466.1052000000018,25.732615000000806
2024-10-24,21565.788267,21677.473121,21500.528233,21617.518782,Bull,111.68485399999918,65.260033999999
2024-10-25,21618.049351,21973.26555,21612.478372,21727.877212,Bull,355.2161989999986,5.570979000000079
2024-10-27,21780.403581,21921.535036,21780.138296,21919.147474,Bull,141.13145500000246,0.2652849999976752
2024-10-28,21919.412758,21940.635533,21701.348743,21744.855433,Bear,218.06401499999993,21.222775000002002
2024-10-29,21744.590148,22059.483074,21681.452392,21987.856208,Bull,314.89292600000044,63.13775600000008
2024-10-30,21987.325639,22034.546313,21648.291806,21656.515631,Bear,339.0338329999977,47.220674000000145
2024-10-31,21656.515631,21665.270026,21231.794843,21308.727403,Bear,424.7207879999987,8.754394999999931
2024-11-01,21309.257972,21528.383126,21281.40308,21403.434037,Bull,219.1251540000012,27.85489199999938
2024-11-03,21369.212312,21486.468145,21297.585446,21467.367647,Bull,117.25583299999926,71.6268659999987
2024-11-04,21467.632932,21485.672291,21236.569967,21332.072456,Bear,231.062965000001,18.039358999998512
2024-11-05,21331.541886,21902.434538,21327.827901,21842.214914,Bull,570.8926520000023,3.7139849999985017
2024-11-06,21844.071906,22235.101539,21831.603526,22229.795845,Bull,391.0296329999983,12.468380000002071
2024-11-07,22229.795845,22563.2587,22186.554441,22551.055604,Bull,333.46285499999794,43.24140400000033
2024-11-08,22550.790319,22565.115693,22413.107565,22524.527135,Bear,137.6827540000013,14.32537400000001
2024-11-10,22548.933327,22623.478324,22548.137472,22590.317738,Bull,74.54499700000088,0.7958550000003015
2024-11-11,22590.583023,22645.496954,22388.170805,22491.101264,Bear,202.41221799999767,54.91393099999914
2024-11-12,22491.366549,22551.055604,22342.011269,22411.515857,Bear,149.35527999999977,59.689055000002554
2024-11-13,22411.515857,22568.829678,22343.868262,22412.842281,Bull,157.31382099999973,67.64759499999855
2024-11-14,22412.842281,22485.79557,22161.08711,22177.269476,Bear,251.7551710000007,72.95328899999731
2024-11-15,22177.800046,22177.800046,21652.801645,21756.793244,Bear,524.9984010000007,0.0
2024-11-17,21757.589098,21919.943328,21727.877212,21901.108115,Bull,162.35423000000083,29.71188600000096
2024-11-18,21901.108115,21991.304909,21733.713476,21932.942277,Bull,90.1967939999995,167.39463899999828
2024-11-19,21933.207562,22108.030173,21628.660738,22067.441615,Bull,174.8226109999996,304.5468240000009
2024-11-20,22067.972184,22117.580421,21728.938351,21942.492526,Bear,339.0338329999977,49.60823700000037
2024-11-21,21942.757811,22183.901594,21768.46577,22034.811598,Bull,241.14378299999953,174.2920410000006
2024-11-22,22035.342168,22156.577271,21958.409608,22155.250847,Bull,121.23510299999907,76.93255999999747
2024-11-24,22214.939902,22254.202036,22208.0425,22252.875613,Bull,39.262134000000515,6.897401999998692
2024-11-25,22253.140898,22369.866161,22023.934926,22158.964833,Bear,229.20597199999975,116.72526300000027
2024-11-26,22159.230118,22310.177106,22126.865385,22239.876663,Bull,150.9469879999997,32.36473299999852
2024-11-27,22240.937802,22273.302534,21939.043825,22132.436364,Bear,301.8939769999997,32.364731999998185
2024-11-28,22132.436364,22217.858034,22095.827077,22180.187608,Bull,85.42166999999972,36.60928699999931
2024-11-29,22179.922323,22302.48385,22077.522433,22274.628958,Bull,122.56152700000166,102.3998900000006
2024-12-01,22278.873513,22288.158477,22222.102589,22235.366823,Bear,56.77092400000038,9.284964000002219
2024-12-02,22235.366823,22559.544714,22220.245596,22529.302259,Bull,324.17789099999936,15.121226999999635
2024-12-03,22529.567544,22674.678269,22426.3718,22662.740458,Bull,145.11072499999864,103.19574400000056
2024-12-04,22662.475174,22865.948531,22642.313537,22830.135097,Bull,203.47335699999894,20.161636999997427
2024-12-05,22830.400382,22885.844882,22734.632609,22790.077109,Bear,95.76777299999958,55.444500000001426
2024-12-06,22789.811825,22994.081036,22751.08026,22956.675894,Bull,204.2692109999989,38.731565000001865
2024-12-08,22972.592976,22995.672744,22948.982638,22971.531837,Bear,23.610337999998592,23.079767999999603
2024-12-09,22972.327691,23033.34317,22746.57042,22776.54759,Bear,225.75727099999858,61.015479000001505
2024-12-10,22775.486451,22927.759863,22658.230619,22740.468872,Bear,117.25583199999892,152.27341199999864
2024-12-11,22740.468872,23154.047703,22714.470973,23095.154502,Bull,413.5788309999989,25.99789900000178
2024-12-12,23095.685072,23103.643612,22925.107016,23050.851959,Bear,170.57805599999847,7.95853999999963
2024-12-13,23050.586674,23247.427914,22991.162904,23090.909947,Bull,196.84124000000156,59.4237699999976
2024-12-15,23111.867438,23155.904696,23092.501655,23122.74411,Bull,44.03725800000029,19.3657830000011
2024-12-16,23122.74411,23506.87634,23122.74411,23457.268104,Bull,384.13222999999925,0.0
2024-12-17,23457.798673,23473.715754,23239.734658,23387.232945,Bear,218.06401499999993,15.917080999999598
2024-12-18,23386.702376,23433.923051,22320.257924,22459.797671,Bear,1066.4444519999997,47.22067500000048
2024-12-19,22459.532386,22734.10204,22207.145227,22267.332222,Bear,252.38715899999806,274.56965400000263
2024-12-20,22265.476236,23133.282558,22001.395852,22857.801113,Bull,867.8063220000004,264.08038399999714
2024-12-22,22872.118724,23047.376891,22871.853583,23043.930059,Bull,175.25816699999996,0.26514099999985774
2024-12-23,23043.664918,23095.632543,22777.463406,23063.550489,Bull,51.967625000001135,266.20151199999964
2024-12-24,23063.550489,23385.166458,23054.800837,23381.719626,Bull,321.6159689999986,8.749652000002243
2024-12-25,23384.901318,23450.391132,23378.272794,23428.119292,Bull,65.48981400000048,6.628523999999743
2024-12-26,23428.119292,23436.338661,23194.795258,23281.496348,Bear,233.32403400000112,8.219369000002189
2024-12-27,23281.761489,23284.94318,22800.795809,23035.180407,Bear,480.96568000000116,3.1816909999979543
2024-12-29,23025.900474,23059.573375,22960.41066,22971.54658,Bear,65.48981399999684,33.67290100000173
2024-12-30,22970.220875,23002.833212,22540.162258,22704.019363,Bear,430.0586169999988,32.6123370000023
2024-12-31,22703.489082,22828.370468,22464.862229,22520.276687,Bear,238.62685300000157,124.88138600000093
2025-01-01,22557.131278,22671.141886,22400.96326,22664.778503,Bull,114.0106080000005,156.1680180000003
2025-01-02,22665.308785,22792.046158,22254.605457,22511.261894,Bear,410.7033279999996,126.73737299999993
2025-01-03,22510.996753,22864.959919,22492.967169,22794.697568,Bull,353.96316600000137,18.029583999999886
2025-01-05,22836.324696,22857.00569,22779.054252,22843.483502,Bull,20.6809940000021,57.27044399999795
2025-01-06,22844.013784,23222.900198,22833.938428,23020.862796,Bull,378.8864140000005,10.075355999997555
2025-01-07,23019.802232,23126.654034,22568.267198,22728.14719,Bear,451.5350339999968,106.85180200000104
2025-01-08,22727.351767,22747.237338,22448.158349,22614.401723,Bear,279.1934179999989,19.88557099999889
2025-01-09,22615.462287,22626.598207,22462.210819,22591.06932,Bear,153.25146799999857,11.135920000000624
2025-01-10,22590.273897,22666.899631,22139.004004,22269.45335,Bear,451.2698930000006,76.6257340000011
2025-01-12,22301.005123,22311.080479,22121.769842,22152.261051,Bear,179.23528099999749,10.075356000001193
2025-01-13,22151.465628,22365.699514,21947.307098,22333.352318,Bull,214.23388599999817,204.1585300000006
2025-01-14,22332.822037,22424.295664,22031.62192,22211.387482,Bear,301.2001170000003,91.4736269999994
2025-01-15,22211.652623,22752.009875,22175.328314,22660.801389,Bull,540.357251999998,36.32430900000327
2025-01-16,22660.271107,22873.444429,22454.521732,22588.683051,Bear,205.74937499999942,213.17332199999873
2025-01-17,22587.887628,22995.674406,22538.836553,22896.511692,Bull,407.78677799999787,49.0510749999994
2025-01-19,22908.177893,22927.268042,22830.226455,22875.830698,Bear,77.95143800000005,19.090148999999656
2025-01-20,22876.36098,23097.753671,22672.467591,22898.102537,Bull,221.39269099999728,203.89338900000075
2025-01-21,22898.102537,23201.688923,22829.431032,23181.803352,Bull,303.5863860000027,68.67150499999843
2025-01-22,23182.333633,23431.566124,23162.182921,23282.02663,Bull,249.23249100000248,20.150711999998748
2025-01-23,23283.087194,23394.446392,23179.151942,23328.161155,Bull,111.35919800000192,103.93525199999931
2025-01-24,23329.486859,23415.392527,23166.955458,23234.5664,Bear,162.5314010000002,85.90566799999942
2025-01-26,23089.534302,23089.534302,22707.731337,22730.268317,Bear,381.80296499999895,0.0
2025-01-27,22731.328881,22738.487687,22021.281423,22581.789387,Bear,710.0474580000009,7.158805999999458
2025-01-28,22582.054527,22935.752552,22440.999543,22887.231758,Bull,353.6980250000015,141.0549839999985
2025-01-29,22887.496899,23011.052581,22661.06653,22971.281439,Bull,123.55568199999834,226.43036900000152
2025-01-30,22971.811721,23107.298745,22716.746129,23053.740274,Bull,135.48702400000184,255.06559199999901
2025-01-31,23053.209992,23296.344241,22837.915542,22877.421543,Bear,215.29445000000123,243.13424899999882
2025-02-02,22483.952377,22483.952377,22211.387482,22348.200211,Bear,272.56489500000316,0.0
2025-02-03,22347.139648,22908.177893,22318.504425,22651.786597,Bull,561.0382449999997,28.635223000001133
2025-02-04,22652.847161,23007.87089,22603.265803,22844.013784,Bull,355.0237289999968,49.58135800000309
2025-02-05,22845.60463,23155.024116,22727.616908,23150.51672,Bull,309.41948599999887,117.98772200000167
2025-02-06,23151.577283,23225.551608,23020.332514,23176.765673,Bull,73.97432500000286,131.24476899999718
2025-02-07,23176.765673,23298.465369,22858.066254,22881.928939,Bear,318.6994190000005,121.69969599999968
2025-02-09,22763.145795,23048.702596,22715.155283,23028.817025,Bull,285.5568009999988,47.99051200000031
2025-02-10,23029.612447,23219.983648,22996.204688,23108.62445,Bull,190.37120100000175,33.407758999997895
2025-02-11,23108.889591,23196.120963,22981.887077,23092.715993,Bear,127.00251399999979,87.23137200000201
2025-02-12,23094.306839,23254.982253,22813.522575,23226.08189,Bull,160.67541399999755,280.7842640000017
2025-02-13,23225.551608,23490.692556,23070.444153,23459.936206,Bull,265.1409480000002,155.1074550000012
2025-02-14,23459.936206,23571.030263,23377.477371,23548.228141,Bull,111.09405700000207,82.45883499999763
2025-02-16,23582.431324,23631.217258,23540.539054,23619.285915,Bull,48.78593399999954,41.89227000000028
2025-02-17,23617.69507,23626.17958,23536.56194,23600.726049,Bear,81.13313000000198,8.484509999998409
2025-02-18,23599.930626,23671.518682,23441.376339,23610.536264,Bull,71.5880560000005,158.55428700000266
2025-02-19,23611.066546,23650.307406,23457.549937,23511.638691,Bear,153.51660899999843,39.2408600000017
2025-02-20,23511.638691,23571.560545,23280.435784,23465.504166,Bear,231.20290699999896,59.92185400000017
2025-02-21,23466.034448,23592.771821,22964.122633,22971.811721,Bear,501.9118149999995,126.73737299999993
2025-02-23,23015.029695,23121.881497,22989.576164,23113.396987,Bull,106.8518019999974,25.45353100000284
2025-02-24,23112.336423,23134.077981,22660.536248,22735.836277,Bear,451.8001750000003,21.741557999997895
2025-02-25,22735.040854,22750.949311,22261.233981,22567.736916,Bear,473.8068729999977,15.908457000001363
2025-02-26,22567.736916,22705.87535,22330.170627,22531.942888,Bear,237.56628900000214,138.13843399999678
2025-02-27,22531.942888,22681.747524,21757.996462,21872.537351,Bear,773.9464260000022,149.80463599999712
2025-02-28,21870.151083,22212.713187,21699.665453,22175.328314,Bull,342.56210400000055,170.48562999999922
2025-03-02,22277.407578,22310.285056,22099.763143,22258.052289,Bear,177.64443499999834,32.87747800000216
2025-03-03,22257.787148,22400.167837,21547.209408,21812.880638,Bear,710.5777400000006,142.38068900000144
2025-03-04,21814.206343,21988.138804,21291.083252,21793.79049,Bear,523.1230910000013,173.9324609999967
2025-03-05,21793.79049,21980.184576,21439.297042,21859.545445,Bull,186.39408600000024,354.4934480000011
2025-03-06,21860.871149,21892.422922,21214.457519,21373.807228,Bear,646.4136299999991,31.551773000002868
2025-03-07,21375.398074,21514.862212,20962.573618,21431.077673,Bull,139.46413799999937,412.8244560000021
2025-03-09,21367.178704,21377.254061,21139.42263,21311.233964,Bear,227.7560740000008,10.075356999997894
2025-03-10,21311.499105,21360.815322,20298.395544,20644.404481,Bear,1013.1035609999999,49.3162169999996
2025-03-11,20644.404481,20879.05422,20363.885358,20632.207997,Bear,280.51912300000185,234.6497390000004
2025-03-12,20633.268561,20987.231726,20561.150223,20660.843219,Bull,353.963165000001,72.11833800000022
2025-03-13,20661.638642,20819.927788,20331.00788,20619.481232,Bear,330.6307620000007,158.28914599999916
2025-03-14,20619.216091,20938.180651,20543.120639,20858.638367,Bull,318.96456000000035,76.09545199999775
2025-03-16,20859.433789,20878.523938,20734.552403,20781.747492,Bear,124.88138599999729,19.090148999999656
2025-03-17,20782.277774,21168.057853,20739.059799,20913.257402,Bull,385.7800790000001,43.21797499999957
2025-03-18,20913.787684,21028.210348,20572.51255,20711.032088,Bear,341.2751339999995,114.42266400000153
2025-03-19,20711.556783,21137.87165,20631.016067,21071.760052,Bull,426.31486700000096,80.54071599999952
2025-03-20,21071.760052,21097.994813,20709.982697,20850.863364,Bear,361.777355000002,26.234760999999708
2025-03-21,20850.338669,20964.197532,20570.413769,20957.114146,Bull,113.85886299999765,279.9249000000018
2025-03-23,21040.803034,21133.674088,21040.803034,21105.865241,Bull,92.87105399999928,0.0
2025-03-24,21105.078198,21417.534202,21103.504113,21340.404005,Bull,312.45600399999967,1.5740850000001956
2025-03-25,21340.404005,21551.069136,21295.280216,21495.451442,Bull,210.66513099999793,45.123789000001125
2025-03-26,21494.926747,21510.667604,20991.219335,21128.689483,Bear,503.70741199999975,15.74085699999705
2025-03-27,21128.427136,21197.162209,20915.663224,20968.919789,Bear,212.76391199999853,68.73507299999983
2025-03-28,20969.182136,20996.990983,20313.575458,20317.248325,Bear,655.6066780000001,27.80884700000024
2025-03-30,20273.960969,20321.445887,20106.320846,20179.253482,Bear,167.64012300000104,47.484918000001926
2025-03-31,20178.728787,20452.357344,19914.020048,20322.495277,Bull,273.628557,264.7087390000015
2025-04-01,20322.757625,20669.843513,20212.571628,20557.558736,Bull,347.08588800000143,110.18599699999686
2025-04-02,20558.345779,21034.244343,19748.478706,20069.329833,Bear,809.8670729999976,475.89856399999917
2025-04-03,20065.919314,20124.160484,19388.537785,19396.408213,Bear,677.3815289999984,58.24117000000115
2025-04-04,19397.982299,19598.153525,18246.27629,18346.755425,Bear,1151.7060089999977,200.1712260000022
2025-04-06,17944.576538,17944.576538,17272.966656,17561.549027,Bear,671.6098820000007,0.0
2025-04-07,17566.008937,19268.382579,17293.954465,18658.424385,Bull,1702.3736420000023,272.0544719999998
2025-04-08,18657.637343,19263.92267,17577.552231,17655.994167,Bear,1080.085111999997,606.2853270000014
2025-04-09,17652.583648,20344.270129,17561.549027,19989.051464,Bull,2691.6864810000006,91.03462099999888
2025-04-10,19986.952684,20134.129693,18804.027309,19399.818732,Bear,1182.925374999999,147.1770089999991
2025-04-11,19401.655165,19805.670485,19172.363354,19750.052792,Bull,404.0153199999986,229.29181099999914
2025-04-13,20174.531225,20200.765986,19866.53513,20061.459405,Bear,307.9960949999986,26.234760999999708
2025-04-14,20061.721752,20207.062329,19662.953385,19847.646103,Bear,398.7683670000006,145.34057699999903
2025-04-15,19847.646103,20090.317642,19556.702603,19587.921968,Bear,290.9434999999976,242.67153900000267
2025-04-16,19588.971359,19792.815452,19011.019574,19451.763559,Bear,577.9517849999975,203.8440929999997
2025-04-17,19451.238864,19574.017545,19163.443535,19337.904696,Bear,287.7953290000005,122.77868099999978
2025-04-20,19210.403757,19291.469169,19087.362728,19120.418527,Bear,123.04102899999998,81.06541199999992
2025-04-21,19121.20557,19158.458931,18574.210803,18874.598816,Bear,546.9947669999965,37.25336100000277
2025-04-22,18873.024731,19731.426111,18859.382655,19649.048962,Bull,858.4013799999993,13.642076000000088
2025-04-23,19649.048962,20112.092494,19604.449868,19690.499884,Bull,463.0435319999997,44.59909400000106
2025-04-24,19691.024579,20460.49012,19513.1529,20366.569676,Bull,769.4655409999978,177.87167899999986
2025-04-25,20366.832023,20556.509345,20165.349058,20520.567723,Bull,189.67732199999955,201.48296499999924
2025-04-27,20488.823662,20488.823662,20350.041776,20369.980194,Bear,138.78188600000067,0.0
2025-04-28,20370.50489,20600.583744,20208.374067,20518.468942,Bull,230.0788539999994,162.1308229999995
2025-04-29,20518.206594,20660.923694,20335.087962,20483.839057,Bear,183.1186319999979,142.71710000000166
2025-04-30,20484.363753,20953.44128,20047.292634,20926.419476,Bull,469.07752699999764,437.0711190000002
2025-05-01,20926.681823,21119.769664,20724.936511,20972.06796,Bull,193.08784100000048,201.7453119999991
2025-05-02,20972.855003,21278.227621,20845.091717,21202.409162,Bull,305.37261800000124,127.76328600000124
2025-05-04,21178.273181,21199.523338,20978.888998,21026.111568,Bear,199.38418300000194,21.25015699999858
2025-05-05,21027.423306,21188.767086,20916.712614,20959.737622,Bear,110.71069200000056,161.34377999999924
2025-05-06,20959.737622,21128.164788,20713.917911,21001.450892,Bull,168.42716599999767,245.8197110000001
2025-05-07,21003.024978,21195.588124,20650.692137,21180.371962,Bull,192.56314600000042,352.3328410000031
2025-05-08,21180.371962,21341.715743,20965.771617,21180.371962,Bear,214.60034500000256,161.34378099999958
2025-05-09,21179.322572,21290.820306,21048.673462,21141.544516,Bear,130.6491100000021,111.49773400000049
2025-05-11,21405.990907,21562.087735,21383.166665,21544.510445,Bull,156.09682800000155,22.824241999998776
2025-05-12,21544.772793,22033.001696,21536.902365,21868.509744,Bull,488.22890299999926,7.8704279999983555
2025-05-13,21868.772092,22400.813045,21853.031235,22359.886818,Bull,532.0409529999997,15.740857000000688
2025-05-14,22359.099775,22477.418547,22287.21653,22440.427534,Bull,118.31877200000235,71.88324499999726
2025-05-15,22441.214577,22593.113843,22238.682222,22459.57891,Bull,151.89926600000035,202.53235499999937
2025-05-16,22459.054215,22574.487163,22373.266546,22457.217781,Bear,85.78766900000119,115.43294800000149
2025-05-18,22363.297337,22475.844462,22242.879784,22269.114545,Bear,120.41755299999932,112.54712500000096
2025-05-19,22269.376892,22627.219033,22155.255682,22506.80148,Bull,357.842141000001,114.12121000000116
2025-05-20,22505.489742,22548.252402,22349.917609,22412.618688,Bear,155.5721330000015,42.762659999996686
2025-05-21,22413.143383,22623.283819,22113.542412,22210.34868,Bear,299.60097099999984,210.1404360000015
2025-05-22,22210.086332,22391.368531,22079.174875,22198.018342,Bear,130.91145699999834,181.28219900000113
2025-05-23,22199.067733,22279.608449,21750.715667,21988.140254,Bear,448.35206599999947,80.54071599999952
2025-05-25,22014.112668,22282.231925,21989.189645,22268.58985,Bull,268.11925699999847,24.923023000003013
2025-05-26,22267.540459,22360.149165,22185.688005,22221.891975,Bear,81.85245399999985,92.60870599999907
2025-05-27,22221.629627,22549.826488,22204.577033,22497.356966,Bull,328.19686100000035,17.052593999997043
2025-05-28,22497.356966,22911.86619,22374.315936,22873.301091,Bull,414.50922400000127,123.04103000000032
2025-05-29,22873.038743,22938.363298,22318.960591,22403.698869,Bear,554.0781520000019,65.32455499999924
2025-05-30,22403.961216,22492.110013,22112.230674,22424.42433,Bull,88.14879700000165,291.73054200000115
2025-06-01,22355.951604,22402.911826,22266.753416,22284.855401,Bear,89.19818800000212,46.960221999997884
2025-06-02,22285.117749,22641.910499,22208.249899,22513.36017,Bull,356.7927500000005,76.86785000000236
2025-06-03,22512.048432,22834.473645,22456.168391,22748.948324,Bull,322.4252129999986,55.88004100000035
2025-06-04,22748.685976,22879.859781,22709.85853,22822.668002,Bull,131.17380499999854,38.82744599999933
2025-06-05,22822.668002,23018.379319,22531.462155,22718.778349,Bear,291.20584699999745,195.71131700000115
2025-06-06,22718.253653,22953.841807,22697.265845,22886.680819,Bull,235.58815400000094,20.98780799999804
2025-06-08,22875.924567,22898.486462,22788.562813,22821.093917,Bear,87.36175399999775,22.56189500000255
2025-06-09,22820.306874,23058.518504,22802.204889,22999.752639,Bull,238.21162999999797,18.10198500000115
2025-06-10,23000.277334,23089.475522,22805.35306,22956.989979,Bear,194.92427399999724,89.19818800000212
2025-06-11,22958.301717,23197.825085,22828.43965,22908.193323,Bear,129.8620669999982,239.52336800000194
2025-06-12,22907.930976,23062.716066,22531.462155,22607.542962,Bear,376.46882099999857,154.78509000000122
2025-06-13,22607.80531,22934.165737,22581.832896,22721.401825,Bull,326.3604269999996,25.972413999999844
2025-06-15,22618.561562,22800.630803,22563.730911,22752.096495,Bull,182.06924100000106,54.830651000000216
2025-06-16,22753.932928,23086.358832,22751.054975,22928.186835,Bull,332.42590400000336,2.877952999999252
2025-06-17,22928.446559,22995.974834,22712.615803,22834.686146,Bear,215.83075599999938,67.52827500000058
2025-06-18,22834.94587,22957.275938,22637.555529,22750.016079,Bear,197.39034099999844,122.3300679999993
2025-06-19,22748.977182,22783.260768,22492.369738,22761.963389,Bull,34.28358600000138,256.6074439999975
2025-06-20,22760.14532,22991.299799,22611.583115,22724.822838,Bear,148.56220499999836,231.15447900000072
2025-06-22,22490.291944,22634.438839,22405.621877,22611.583115,Bull,144.14689499999804,84.67006699999911
2025-06-23,22611.583115,23137.784211,22583.792633,23108.17566,Bull,526.201095999997,27.79048200000034
2025-06-24,23108.695108,23321.409174,23106.877039,23297.254829,Bull,212.71406600000046,1.8180690000008326
2025-06-25,23298.034002,23425.298827,23259.335106,23380.366552,Bull,127.26482499999838,38.698896000001696
2025-06-26,23379.847104,23596.97648,23350.238552,23571.004066,Bull,217.12937600000078,29.60855200000151
2025-06-27,23570.744342,23713.332892,23479.061723,23624.766962,Bull,142.58854999999676,91.68261900000289
2025-06-29,23636.454548,23775.40696,23636.454548,23763.979098,Bull,138.95241199999873,0.0
2025-06-30,23763.719374,23826.832339,23667.101996,23746.317857,Bear,96.61737799999901,63.11296500000026
2025-07-01,23746.577581,23755.148478,23473.347792,23658.011651,Bear,273.2297890000009,8.570896999997785
2025-07-02,23657.751927,23772.030546,23460.361585,23756.187374,Bull,114.27861900000062,197.39034200000242
2025-07-03,23756.447098,24001.107233,23718.007926,23900.074544,Bull,244.66013499999826,38.439172000002145
2025-07-04,23900.853717,23905.269027,23772.030546,23797.743236,Bear,128.823171,4.41530999999668
2025-07-06,23863.453441,23924.228889,23805.794684,23839.039373,Bear,57.65875700000106,60.775448000000324
2025-07-07,23838.779649,23896.438407,23665.803375,23801.119649,Bear,172.97627400000056,57.6587580000014
2025-07-08,23800.859925,23866.310407,23729.435788,23782.159788,Bear,71.42413700000179,65.45048200000019
2025-07-09,23782.419512,24010.97675,23732.03303,23889.425855,Bull,228.55723800000123,50.386482000001706
2025-07-10,23889.685579,23988.121026,23719.566271,23859.297855,Bear,170.11930800000118,98.43544699999984
2025-07-11,23859.297855,23916.956613,23740.86365,23830.208752,Bear,118.43420500000138,57.65875799999776
2025-07-13,23749.953995,23780.861167,23689.95772,23751.252616,Bull,30.907171999999264,59.99627500000133
2025-07-14,23752.031788,24075.128611,23691.256341,24015.39206,Bull,323.09682299999986,60.775446999999986
2025-07-15,24014.612888,24126.034541,23867.349303,23916.696889,Bear,147.2635850000006,111.42165300000124
2025-07-16,23916.696889,23998.509991,23723.721857,23937.47482,Bull,81.81310200000007,192.97503199999846
2025-07-17,23937.215096,24194.601712,23935.397027,24184.212747,Bull,257.3866159999998,1.8180690000008326
2025-07-18,24184.472471,24227.846402,24070.7133,24132.008196,Bear,113.75917100000152,43.373930999998265
2025-07-20,24136.163782,24182.654402,24106.295507,24175.122402,Bull,46.49062000000049,29.86827500000072
2025-07-21,24175.122402,24335.891641,24127.073438,24212.782402,Bull,160.76923899999747,48.04896400000143
2025-07-22,24212.522678,24257.974401,24006.821164,24152.786127,Bear,205.70151400000032,45.45172299999831
2025-07-23,24152.786127,24333.813848,24047.078404,24289.401021,Bull,181.0277210000022,105.70772299999953
2025-07-24,24289.401021,24353.552883,24204.47123,24307.841435,Bull,64.1518619999988,84.9297910000023
2025-07-25,24307.841435,24389.135089,24238.235367,24359.786262,Bull,81.29365400000097,69.60606799999732
2025-07-27,24434.846537,24483.155225,24418.224192,24476.402398,Bull,48.308687999997346,16.62234499999977
2025-07-28,24475.88295,24502.634536,24348.3584,24458.481433,Bear,127.52454999999827,26.751586000002135
2025-07-29,24457.70226,24572.500328,24332.255504,24417.964468,Bear,125.44675599999755,114.79806800000006
2025-07-30,24417.185295,24735.087636,24264.986953,24731.191774,Bull,317.9023410000009,152.19834199999968
2025-07-31,24731.711222,24772.487911,24135.124886,24225.508884,Bear,596.5863360000003,40.77668899999844
2025-08-01,24224.729712,24232.261712,23660.868617,23759.563788,Bear,563.8610950000002,7.531999999999243
2025-08-03,23738.785857,23882.673027,23709.43703,23863.453441,Bull,143.8871700000018,29.348826999997982
2025-08-04,23863.453441,24283.68709,23840.078269,24267.584194,Bull,420.23364899999797,23.37517200000002
2025-08-05,24268.103642,24314.594262,23941.89013,24063.700749,Bear,326.21351199999845,46.49062000000049
2025-08-06,24063.181301,24425.756192,24006.041991,24377.447503,Bull,362.5748910000002,57.1393100000023
2025-08-07,24376.928055,24591.719914,24236.417298,24458.481433,Bull,214.79185900000084,140.510757
2025-08-08,24459.260605,24692.233153,24417.185295,24689.895636,Bull,232.97254800000155,42.07531000000017
2025-08-10,24688.337291,24697.68736,24622.88681,24665.481568,Bear,65.45048099999985,9.350069000000076
2025-08-11,24665.481568,24730.412601,24504.972053,24592.239362,Bear,160.50951499999792,64.93103300000075
2025-08-12,24592.75881,24902.349978,24513.802673,24887.805426,Bull,309.591167999999,78.95613700000104
2025-08-13,24888.065151,25004.681287,24815.082669,24864.17053,Bear,72.98248199999944,116.61613600000055
2025-08-14,24864.430254,24941.568322,24718.725015,24868.845565,Bull,77.1380680000002,145.70523899999898
2025-08-15,24868.58584,24895.077702,24657.689844,24722.361153,Bear,210.8959959999993,26.491861999998946
2025-08-17,24720.543084,24810.667359,24720.543084,24776.383773,Bull,90.1242749999983,0.0
2025-08-18,24776.903221,24786.513014,24641.586947,24681.844188,Bear,135.3162740000007,9.609792999999627
2025-08-19,24681.844188,24730.672325,24244.209022,24260.311918,Bear,437.635166,48.828137000000424
2025-08-20,24260.052194,24364.201572,23930.981716,24248.104884,Bear,329.07047800000146,104.14937800000189
2025-08-21,24247.84516,24277.193987,24018.249025,24112.269162,Bear,229.59613499999978,29.348826999997982
2025-08-22,24112.528886,24569.903086,23974.355647,24500.037294,Bull,457.3741999999984,138.17323899999974
2025-08-24,24520.036052,24525.749983,24435.365985,24470.948191,Bear,84.67006699999911,5.713931000002049
2025-08-25,24470.948191,24534.840328,24280.570401,24368.357158,Bear,190.37778999999864,63.89213699999891
2025-08-26,24368.616882,24548.086259,24326.022124,24535.359776,Bull,179.46937700000126,42.594757999999274
2025-08-27,24535.359776,24610.420051,24346.280607,24478.220467,Bear,189.07916900000055,75.06027499999982
2025-08-28,24477.701019,24729.633429,24455.105019,24642.625844,Bull,251.93241000000125,22.596000000001368
2025-08-29,24643.405016,24660.287085,24307.581711,24366.798813,Bear,335.8233050000017,16.88206899999932
2025-08-31,24392.251779,24468.610674,24317.191504,24339.268055,Bear,75.06027499999982,76.35889500000121
2025-09-01,24338.229159,24423.938123,24279.531504,24349.137572,Bull,85.70896400000129,58.69765499999994
2025-09-02,24349.916745,24364.201572,23920.852475,24238.495091,Bear,429.06426999999894,14.284827000003133
2025-09-03,24238.235367,24447.313295,24214.600471,24404.718537,Bull,209.0779279999988,23.63489599999957
2025-09-04,24404.718537,24675.610809,24320.567918,24667.819085,Bull,270.89227200000096,84.150619
2025-09-05,24668.598257,24831.705013,24419.263088,24594.057431,Bear,249.33516900000177,163.1067559999974
2025-09-07,24594.317155,24716.647222,24570.16281,24657.170395,Bull,122.33006699999896,24.15434499999901
2025-09-08,24657.949568,24817.160462,24652.235637,24765.215635,Bull,159.21089399999983,5.713930999998411
2025-09-09,24763.65729,24855.599634,24648.859223,24852.482944,Bull,91.94234399999914,114.79806699999972
2025-09-10,24852.742668,24979.488046,24710.154119,24808.329841,Bear,142.58854900000006,126.74537799999962
2025-09-11,24808.84929,24981.306115,24765.215635,24953.775356,Bull,172.45682500000112,43.633654999997816
2025-09-12,24954.554529,25098.701423,24901.311081,25053.2497,Bull,144.1468939999977,53.24344800000108
2025-09-14,25053.2497,25071.690113,25029.095355,25069.352596,Bull,18.440413000000262,24.15434499999901
2025-09-15,25070.131769,25295.423991,25015.872497,25285.651262,Bull,225.29222200000004,54.25927199999933
2025-09-16,25286.422793,25354.831899,25202.583063,25222.642876,Bear,83.83973000000333,68.40910599999916
2025-09-17,25223.15723,25361.261326,24937.94784,25353.546013,Bull,138.10409599999912,285.20939
2025-09-18,25353.031659,25528.426433,25292.337866,25429.927608,Bull,175.39477400000033,60.69379299999855
2025-09-19,25430.184785,25602.493434,25362.804388,25574.718309,Bull,172.3086489999987,67.38039700000081
2025-09-21,25563.402517,25590.148934,25539.485048,25565.717111,Bull,26.74641700000211,23.917468999999983
2025-09-22,25566.231465,25745.741072,25459.245796,25705.107092,Bull,179.50960699999996,106.98566900000151
2025-09-23,25704.335561,25744.455187,25491.907286,25565.202756,Bear,212.4282749999984,40.1196259999997
2025-09-24,25564.688402,25628.725497,25334.000555,25471.075942,Bear,230.68784700000106,64.03709499999968
2025-09-25,25470.818765,25474.933599,25123.629697,25286.165616,Bear,347.1890679999997,4.1148339999999735
2025-09-26,25286.422793,25457.959911,25223.928761,25436.357035,Bull,171.5371180000002,62.494032000002335
2025-09-28,25436.357035,25547.20036,25431.470671,25541.02811,Bull,110.843324999998,4.886364000001777
2025-09-29,25541.285287,25692.505415,25491.907286,25535.884568,Bear,49.37800099999731,151.22012800000084
2025-09-30,25535.627391,25628.982674,25431.985025,25484.963505,Bear,103.64236600000004,93.35528299999714
2025-10-01,25485.735036,25796.404958,25340.429982,25786.375052,Bull,310.66992200000095,145.30505399999674
2025-10-02,25786.632229,25902.876273,25711.279342,25896.9612,Bull,116.24404400000276,75.35288699999728
2025-10-03,25896.446845,25919.84996,25638.755404,25699.192019,Bear,257.69144099999903,23.40311500000098
2025-10-05,25717.708769,25830.095157,25712.565228,25822.122667,Bull,112.38638799999899,5.143541000001278
2025-10-06,25822.122667,25977.714805,25764.514999,25904.419335,Bull,155.59213799999998,57.60766800000056
2025-10-07,25903.904981,26000.603566,25702.020967,25807.72075,Bear,201.8840139999993,96.69858500000191
2025-10-08,25808.235104,26123.01986,25744.712364,26067.726786,Bull,314.7847560000009,63.52274000000034
2025-10-09,26067.726786,26096.016265,25883.073637,26033.522233,Bear,184.65314899999794,28.28947899999912
2025-10-10,26034.293764,26116.84761,24852.050692,24882.397589,Bear,1182.2430719999975,82.55384600000252
2025-10-12,25246.560345,25569.060413,25246.560345,25531.255381,Bull,322.50006799999755,0.0
2025-10-13,25530.48385,25763.229114,25434.299619,25518.396526,Bear,96.18423099999927,232.74526400000104
2025-10-14,25517.624995,25663.701581,25122.086634,25556.715913,Bull,146.07658600000286,395.538360999999
2025-10-15,25557.487444,25836.01023,25371.291232,25644.927654,Bull,278.52278600000136,186.19621199999892
2025-10-16,25645.442008,25902.361918,25350.974242,25416.040046,Bear,294.4677660000016,256.9199099999969
2025-10-17,25416.040046,25775.05926,25110.770842,25752.170499,Bull,359.01921400000356,305.26920399999653
2025-10-19,25785.346343,25840.896594,25672.188425,25832.666928,Bull,55.55025100000057,113.15791800000079
2025-10-20,25832.924105,26096.273443,25756.799687,26034.550941,Bull,263.349338,76.12441799999942
2025-10-21,26035.065296,26076.21363,25926.793742,26043.809317,Bull,41.1483339999977,108.27155399999901
2025-10-22,26044.323671,26065.669369,25516.853464,25791.004239,Bear,527.4702069999985,21.345698000000993
2025-10-23,25792.547302,26062.583244,25652.900143,26060.011473,Bull,270.03594200000225,139.6471590000001
2025-10-24,26059.239942,26304.844061,26051.010275,26242.607205,Bull,245.60411899999963,8.229666999999608
2025-10-26,26461.979261,26512.900325,26437.804615,26501.584533,Bull,50.921063999998296,24.174645999999484
2025-10-27,26503.641949,26765.705402,26500.813001,26702.439838,Bull,262.06345299999884,2.8289480000021285
2025-10-28,26702.697015,27006.423156,26687.780744,26999.736552,Bull,303.7261409999992,14.91627100000187
2025-10-29,26998.96502,27156.871752,26797.081006,26958.33104,Bear,201.8840139999993,157.90673199999947
2025-10-30,26958.845395,27084.090636,26595.196993,26944.186301,Bear,363.6484019999989,125.24524100000053
2025-10-31,26943.929124,27028.283208,26631.973316,26728.929078,Bear,311.9558079999988,84.35408400000233
2025-11-02,26775.478131,26872.948247,26759.533152,26815.854934,Bull,97.47011600000042,15.944978999999876
2025-11-03,26816.626465,27020.053542,26547.876409,26562.79268,Bear,268.75005600000077,203.42707700000028
2025-11-04,26563.307034,26636.859681,26007.804524,26213.289017,Bear,555.5025100000021,73.55264700000043
2025-11-05,26212.517486,26622.972118,26133.306943,26430.603657,Bull,410.45463200000086,79.21054300000105
2025-11-06,26429.832125,26563.564211,25884.359522,26059.239942,Bear,545.472603000002,133.73208599999998
2025-11-07,26059.754296,26082.643057,25418.611816,25950.968388,Bear,641.1424799999986,22.888761000001978
2025-11-09,26047.666973,26228.719643,25994.431316,26215.346434,Bull,181.05267000000094,53.23565700000108
2025-11-10,26214.83208,26508.528314,26182.684944,26390.484031,Bull,293.6962339999991,32.14713599999959
2025-11-11,26389.455322,26501.070179,26209.945715,26482.810605,Bull,111.61485699999685,179.50960699999996
2025-11-12,26481.52472,26571.536701,26220.489976,26434.975667,Bear,261.0347440000005,90.01198099999965
2025-11-13,26434.204136,26459.921845,25690.190821,25821.86549,Bear,744.0133150000001,25.717709000000468
2025-11-14,25820.836782,26019.377493,25332.971846,25869.443251,Bull,198.54071100000147,487.8649359999981
2025-11-16,25864.042532,26012.176535,25740.340353,25971.028201,Bull,148.1340029999992,123.70217899999989
2025-11-17,25971.542555,26089.329661,25313.426388,25418.868994,Bear,658.1161670000001,117.78710599999977
2025-11-18,25419.640525,25573.175246,25076.051936,25239.102209,Bear,343.58858899999905,153.534721
2025-11-19,25239.102209,25932.708815,25210.555553,25890.274595,Bull,693.6066060000012,28.54665600000226
2025-11-20,25891.560481,26036.608358,24707.517169,24834.048296,Bear,1184.0433120000016,145.04787700000088
2025-11-21,24834.819827,25302.367773,24590.758771,25048.019633,Bull,467.5479460000024,244.06105599999864
2025-11-23,25157.83425,25260.19073,25104.598592,25198.725406,Bull,102.35647999999856,53.23565800000142
2025-11-24,25199.496938,25711.022165,25061.135665,25636.44081,Bull,511.52522699999827,138.36127299999862
2025-11-25,25636.697987,25926.02221,25308.282846,25922.936085,Bull,289.3242229999996,328.4151410000013
2025-11-26,25923.45044,26104.503109,25839.610709,26050.753098,Bull,181.0526690000006,83.83973100000003
2025-11-27,26051.524629,26096.273443,26011.662181,26075.442098,Bull,44.748813999998674,39.86244799999986
2025-11-28,26096.787797,26231.805768,26058.211234,26216.117965,Bull,135.0179709999975,38.57656300000235
2025-11-30,26214.060549,26279.383529,25916.506658,25976.943274,Bear,297.5538910000032,65.32297999999719
2025-12-01,25976.171743,26227.690934,25932.965992,26101.416984,Bull,251.5191909999994,43.20575099999769
2025-12-02,26101.416984,26415.430208,26051.781806,26396.913458,Bull,314.0132240000021,49.63517800000045
2025-12-03,26397.170635,26422.631167,26151.309339,26375.310583,Bear,245.86129599999913,25.460532000000967
2025-12-04,26376.339291,26471.237636,26220.489976,26461.979261,Bull,94.89834500000143,155.84931499999948
2025-12-05,26462.236438,26610.627618,26314.102436,26473.809407,Bull,148.3911799999987,148.13400199999887
2025-12-07,26489.240033,26545.047461,26438.061792,26534.760377,Bull,55.80742800000007,51.1782409999978
2025-12-08,26535.274731,26603.169482,26298.671811,26400.25676,Bear,236.60292000000118,67.89475099999981
2025-12-09,26400.771114,26474.580939,26293.785446,26418.77351,Bull,73.80982500000027,106.98566799999753
2025-12-10,26419.545042,26613.456566,26111.704068,26246.464862,Bear,307.84097400000246,193.9115239999992
2025-12-11,26246.979216,26603.941014,26119.162203,26428.803417,Bull,356.9617980000003,127.81701299999986
2025-12-12,26428.803417,26442.176625,25839.096355,25926.02221,Bear,589.7070619999977,13.373208000000886
2025-12-14,25947.625086,26010.119118,25854.012626,26003.689691,Bull,62.4940319999987,93.61246000000028
2025-12-15,26001.375097,26139.479193,25569.31759,25579.090319,Bear,432.05750700000135,138.10409599999912
2025-12-16,25581.404913,25918.535378,25540.870821,25825.838211,Bull,337.130465000002,40.534091999998054
2025-12-17,25825.074223,25984.238315,25351.911211,25451.229604,Bear,473.1630120000009,159.16409199999907
2025-12-18,25450.720279,25886.447897,25419.142123,25763.445887,Bull,435.72761799999716,31.57815599999958
2025-12-19,25763.445887,26077.69947,25737.979632,26074.898182,Bull,314.2535829999979,25.466255000003002
2025-12-21,26113.352226,26178.545838,26110.296276,26153.334246,Bull,65.19361199999912,3.05594999999812
2025-12-22,26153.079584,26275.826931,26105.967012,26156.644859,Bull,122.74734700000045,47.11257199999818
2025-12-23,26156.135534,26308.6784,26085.848671,26272.261656,Bull,152.54286599999978,70.28686300000118
2025-12-24,26272.006993,26374.890662,26264.367117,26347.132444,Bull,102.88366900000256,7.639875999997457
2025-12-25,26350.443058,26399.847592,26347.132444,26358.846922,Bull,49.40453399999751,3.310614000001806
2025-12-26,26359.101584,26418.947283,26316.063614,26338.219255,Bear,43.03797000000122,59.84569900000133
2025-12-28,26345.604469,26376.6733,26299.255886,26301.547849,Bear,46.34858300000269,31.068830999996862
2025-12-29,26301.802511,26324.72214,26126.340016,26224.639759,Bear,175.4624950000034,22.919628999999986
2025-12-30,26224.639759,26274.808281,26065.221005,26076.426157,Bear,159.41875400000208,50.16852199999994
2025-12-31,26076.426157,26196.372217,25903.255625,25909.112864,Bear,173.1705320000001,119.9460599999984
2026-01-01,25953.678809,26122.265415,25923.119304,26117.172165,Bull,168.58660600000076,30.55950500000108
2026-01-02,26116.408177,26284.994783,25736.451657,25868.112194,Bear,379.9565199999997,168.58660599999712
2026-01-04,25906.056913,25972.523838,25880.335996,25970.7412,Bull,66.46692500000063,25.720916999998735
2026-01-05,25969.977212,26187.459027,25929.74053,26120.992103,Bull,217.4818149999992,40.236682000002475
2026-01-06,26121.246765,26326.759441,26003.592669,26264.367117,Bull,205.51267599999846,117.65409599999839
2026-01-07,26263.603129,26481.084944,26206.813381,26218.273196,Bear,56.789747999999236,217.4818149999992
2026-01-08,26218.527858,26299.510548,26045.866651,26172.6886,Bear,172.661207000001,80.98268999999709
2026-01-09,26172.433937,26470.134455,26093.233885,26415.382007,Bull,297.7005179999978,79.20005200000014
2026-01-11,26432.953723,26444.158875,26155.116884,26178.036513,Bear,277.8368389999996,11.205152000002272
2026-01-12,26179.055163,26505.787211,26110.805601,26384.567839,Bull,326.73204799999803,68.24956200000088
2026-01-13,26385.077164,26531.253466,26284.485458,26338.473918,Bear,100.59170599999925,146.17630199999985
2026-01-14,26338.72858,26361.64821,25894.851761,26100.619099,Bear,443.87681899999734,22.919630000000325
2026-01-15,26099.855111,26436.773661,26088.904622,26289.069384,Bull,336.9185499999985,10.950489000002563
2026-01-16,26289.324046,26373.872012,26068.786281,26160.210135,Bear,220.53776500000095,84.54796599999827
2026-01-18,25946.038933,25947.057583,25836.024713,25866.838881,Bear,110.01422000000093,1.0186500000017986
2026-01-19,25866.838881,25914.206115,25707.165464,25856.907042,Bear,159.67341699999815,47.36723400000119
2026-01-20,25855.888391,25904.019613,25563.281125,25690.612398,Bear,292.6072659999991,48.13122199999998
2026-01-21,25690.103073,26131.942592,25491.720949,26010.468557,Bull,441.839519000001,198.38212399999975
2026-01-22,26009.70457,26219.801171,25959.026723,26193.061604,Bull,210.09660099999746,50.67784700000266
2026-01-23,26193.061604,26327.778091,26016.580458,26159.446147,Bear,176.48114599999826,134.7164870000015
2026-01-25,26062.674379,26154.862221,25838.316676,26152.824921,Bull,92.18784199999936,224.3577030000015
2026-01-26,26154.352896,26494.836722,26059.109104,26493.308746,Bull,340.4838259999997,95.24379200000112
2026-01-27,26492.799421,26738.294117,26400.611579,26734.983503,Bull,245.49469600000157,92.18784199999936
2026-01-28,26735.492829,26840.413798,26478.028994,26723.523689,Bear,257.46383499999865,104.92096900000251
2026-01-29,26722.505039,26770.63626,26012.251195,26314.790301,Bear,710.2538439999989,48.13122099999964
2026-01-30,26315.554289,26423.785871,26045.611989,26117.426827,Bear,269.9422999999988,108.23158200000034
2026-02-01,26006.139294,26124.048053,25686.537798,25721.681229,Bear,319.6014959999993,117.9087589999981
2026-02-02,25720.917241,26481.594269,25649.866391,26470.898442,Bull,760.6770280000019,71.05084999999963
2026-02-03,26472.426418,26513.172425,25689.339086,25917.516728,Bear,783.0873319999992,40.746007000001555
2026-02-04,25917.007403,25990.095554,25245.716929,25462.944081,Bear,671.2904740000013,73.08815099999993
2026-02-05,25462.944081,25592.312655,24691.825889,25041.222904,Bear,771.1181920000017,129.36857400000008
2026-02-06,25040.458916,25692.395036,24947.507086,25576.014252,Bull,651.9361200000021,92.95182999999815
2026-02-08,25622.872161,25819.216985,25622.872161,25685.519147,Bull,196.3448239999998,0.0
2026-02-09,25686.283135,25903.000963,25420.924761,25824.564898,Bull,216.7178279999971,265.3583740000031
2026-02-10,25825.328886,25921.845991,25668.202094,25759.116624,Bear,157.1267919999991,96.51710499999899
2026-02-11,25759.371286,25940.181694,25525.591068,25809.539808,Bull,180.81040799999755,233.78021799999988
2026-02-12,25811.067783,25893.833111,25151.237124,25173.392766,Bear,659.8306589999993,82.76532800000132
2026-02-13,25172.628778,25461.670769,25037.148303,25235.530427,Bull,289.0419910000019,135.48047499999666
2026-02-15,25252.083493,25336.376796,25216.176073,25273.729809,Bull,84.2933030000022,35.90741999999955
2026-02-16,25273.729809,25387.054642,25016.265974,25041.222904,Bear,257.46383499999865,113.32483299999876
2026-02-17,25041.222904,25353.948511,24905.233104,25288.500237,Bull,312.7256070000003,135.98979999999938
2026-02-18,25289.009562,25596.896581,25213.629448,25462.689419,Bull,307.8870190000016,75.3801139999996
2026-02-19,25462.180094,25521.261805,25210.573497,25408.191634,Bear,251.60659699999815,59.081710999998904
2026-02-20,25409.210284,25608.356396,25138.758659,25545.200084,Bull,199.14611199999854,270.4516250000015
2026-02-22,25500.634138,25527.119043,25269.909871,25301.488027,Bear,230.72426700000142,26.484904999997525
2026-02-23,25301.742689,25507.000702,25128.062832,25304.289315,Bull,205.2580130000024,173.67985699999917
2026-02-24,25303.77999,25582.890141,25155.057062,25507.76469,Bull,279.11015100000077,148.72292799999923
2026-02-25,25508.528677,25970.231875,25484.081073,25779.998952,Bull,461.7031980000029,24.447603999997227
2026-02-26,25779.998952,25889.249185,25325.426306,25506.491377,Bear,454.57264600000053,109.25023299999884
2026-02-27,25507.000702,25566.846401,25244.188954,25418.123473,Bear,262.8117480000001,59.845698999997694
2026-03-01,25142.83326,25365.662989,25094.956701,25137.485346,Bear,47.87655900000027,222.82972900000095
2026-03-02,25135.957371,25569.138364,24933.500646,25227.381226,Bull,433.1809929999981,202.456725
2026-03-03,25227.126563,25313.457166,24806.169373,25032.564377,Bear,420.957190000001,86.33060299999852
2026-03-04,25031.800389,25720.917241,24955.91095,25501.652789,Bull,689.1168519999992,75.88943899999867
2026-03-05,25501.907451,25679.916571,25234.511777,25587.219404,Bull,178.00912000000244,267.3956739999994
2026-03-06,25585.946092,25609.375046,25059.81327,25121.186943,Bear,526.1328219999996,23.428954000002705
2026-03-08,24890.972001,24929.426046,24447.604507,24550.488176,Bear,443.36749399999826,38.454045000002225
2026-03-09,24551.506826,25525.336405,24535.463085,25368.209614,Bull,973.8295789999975,16.04374100000132
2026-03-10,25369.482927,25687.81111,25356.240474,25558.697199,Bull,318.3281829999978,13.24245300000257
2026-03-11,25559.970512,25649.611728,25156.075712,25179.504667,Bear,403.8947999999982,89.64121599999999
2026-03-12,25179.250004,25392.911881,24948.016412,25034.85634,Bear,231.2335920000005,213.66187699999864
2026-03-13,25034.85634,25267.87257,24787.579007,24789.106982,Bear,247.27733299999818,233.0162300000011
2026-03-15,24737.91981,25007.86211,24730.789259,24964.314815,Bull,269.9422999999988,7.130550999998377
2026-03-16,24963.296164,25279.077723,24934.519297,25083.242224,Bull,315.7815589999991,28.776867000000493
2026-03-17,25083.242224,25399.338145,24974.896455,25390.248377,Bull,316.0959210000001,108.3457690000032
2026-03-18,25390.753364,25461.956551,24807.240725,24875.413988,Bear,583.5126390000005,71.20318699999916
2026-03-19,24875.918976,24937.7799,24569.391782,24831.227614,Bear,306.52719400000205,61.86092400000052
2026-03-20,24830.217639,24861.779336,24210.345926,24458.799598,Bear,619.8717129999968,31.561697000001004
2026-03-22,24140.405207,24335.330243,24128.285516,24235.342789,Bull,194.92503600000055,12.119690999999875
2026-03-23,24235.090296,25009.993061,24009.613538,24498.441089,Bull,774.9027650000025,225.47675799999706
2026-03-24,24499.95605,24794.86854,24374.71924,24662.056922,Bull,294.9124899999988,125.23681000000215
2026-03-25,24662.814403,24784.516303,24489.603814,24567.371833,Bear,173.21058900000207,121.70190000000002
2026-03-26,24568.634301,24583.026435,24000.271276,24156.312302,Bear,568.3630249999987,14.392134000001533
2026-03-27,24154.797341,24215.143304,23464.227428,23486.194368,Bear,690.569913000003,60.345962999999756
2026-03-29,23420.798534,23589.211745,23323.336016,23554.115138,Bull,168.41321099999914,97.46251800000027
2026-03-30,23554.115138,23809.133644,23190.524398,23515.988609,Bear,363.59073999999964,255.01850600000034
2026-03-31,23515.231129,24288.113945,23466.752363,24251.249884,Bull,772.8828160000012,48.47876600000018
2026-04-01,24253.269833,24591.106229,24032.337959,24040.417754,Bear,220.93187399999806,337.8363960000024
2026-04-02,24042.690196,24508.793325,23902.051277,24407.29091,Bull,466.10312899999917,140.6389190000009
2026-04-03,24408.553378,24487.078878,24346.43996,24370.426849,Bear,62.11341800000082,78.52549999999974
2026-04-05,24333.815281,24569.391782,24220.698162,24495.411166,Bull,235.57650099999955,113.11711899999864
2026-04-06,24494.906179,24696.143554,24393.908751,24489.098827,Bear,100.9974280000024,201.23737499999697
2026-04-07,24490.108801,25407.165446,24180.299191,25375.856243,Bull,917.0566450000006,309.80961000000025
2026-04-08,25375.856243,25508.920355,25175.123856,25263.496605,Bear,200.73238700000002,133.06411200000002
2026-04-09,25264.001592,25556.136652,25201.888174,25521.29254,Bull,292.1350600000005,62.11341800000082
2026-04-10,25521.545033,25646.276857,25454.12925,25585.6784,Bull,124.73182400000223,67.41578299999674
2026-04-12,25229.157479,25346.314496,25152.904421,25331.164882,Bull,117.15701699999772,76.25305800000206
2026-04-13,25331.164882,25874.783537,25309.197941,25849.029193,Bull,543.6186549999984,21.966941000002407
2026-04-14,25848.776699,26302.25515,25819.487445,26273.470884,Bull,453.4784510000027,29.289253999999346
2026-04-15,26273.470884,26729.221777,26192.420448,26698.165068,Bull,455.75089300000036,81.05043599999772
2026-04-16,26698.670055,26828.956737,26537.579157,26727.201828,Bull,130.28668200000175,161.09089799999856
2026-04-17,26727.201828,27152.905987,26703.719926,27108.467118,Bull,425.70415899999716,23.481901999999536
2026-04-19,26865.063317,26981.210359,26799.667483,26941.568869,Bull,116.14704200000051,65.39583399999901
2026-04-20,26941.568869,27106.194676,26833.754115,27093.065011,Bull,164.62580700000035,107.81475399999908
2026-04-21,27093.065011,27170.075549,26816.584552,27045.343726,Bear,276.4804589999985,77.01053800000227
2026-04-22,27044.333752,27406.662024,27032.466554,27224.866654,Bull,362.32827200000247,11.867197999999917
2026-04-23,27224.866654,27426.609016,26947.881208,27324.096627,Bull,201.74236199999723,276.9854460000024
2026-04-24,27324.34912,27736.418626,27301.372206,27713.946698,Bull,412.0695059999998,22.976913999998942
2026-04-26,27676.57765,27817.216568,27616.989168,27792.219705,Bull,140.63891800000056,59.5884819999992
2026-04-27,27793.229679,27794.744641,27570.782844,27691.222277,Bear,222.44683499999883,1.5149620000011055
2026-04-28,27691.222277,27696.524642,27278.900278,27570.025364,Bear,412.3219989999998,5.302364999999554
2026-04-29,27571.540325,27898.267004,27364.243104,27505.891997,Bear,207.29722100000072,326.7266789999994
2026-04-30,27505.134516,27950.533173,27434.183823,27904.074356,Bull,445.39865700000155,70.95069299999886
2026-05-01,27903.821863,28195.451936,27810.904229,28060.367876,Bull,291.63007300000027,92.91763400000127
2026-05-03,28168.18263,28232.063503,28077.537439,28217.418876,Bull,63.880873000001884,90.64519099999961
2026-05-04,28216.661396,28244.688182,27888.419755,28105.816718,Bear,328.2416410000005,28.026786000002176
2026-05-05,28104.806744,28705.488946,28095.716976,28618.126171,Bull,600.682202,9.08976800000164
2026-05-06,28617.368691,29087.259224,28582.272084,28991.311667,Bull,469.8905330000016,35.096606999999494
2026-05-07,28991.059174,29233.453001,28825.675886,29066.049764,Bull,242.39382699999987,165.3832880000009
2026-05-08,29067.312232,29679.861632,29066.302257,29626.332995,Bull,612.5493999999999,1.0099750000008498
2026-05-10,29586.186517,29692.991297,29517.255773,29634.917776,Bull,106.80478000000221,68.9307439999975
2026-05-11,29634.917776,29774.041733,29518.518241,29574.824307,Bear,116.39953499999683,139.1239569999998
2026-05-12,29574.824307,29595.276286,29028.680716,29579.621685,Bull,20.4519790000013,546.143591
2026-05-13,29579.116697,29989.166255,29365.00215,29862.414483,Bull,410.0495579999988,214.11454700000104
2026-05-14,29862.91947,30079.053965,29739.450114,29756.367183,Bear,123.46935600000143,216.13449499999842
2026-05-15,29755.862196,29780.85906,29379.899271,29463.97963,Bear,375.9629249999998,24.99686400000064
2026-05-17,29425.600607,29575.834281,29214.515983,29340.762768,Bear,211.08462399999917,150.23367399999916
2026-05-18,29341.015261,29713.190783,29102.156344,29252.390018,Bear,238.85891700000138,372.1755219999977
2026-05-19,29253.147499,29417.015826,28948.892748,29170.329608,Bear,304.2547510000004,163.86832700000014
2026-05-20,29173.107037,29722.280551,29173.107037,29711.675821,Bull,549.1735139999982,0.0
2026-05-21,29714.200757,29898.773557,29417.520813,29887.66384,Bull,184.57280000000173,296.6799439999995
2026-05-22,29887.66384,30045.724814,29729.602865,29815.198185,Bear,158.06097500000033,158.060974
2026-05-24,29972.249185,30287.108667,29972.249185,30273.474014,Bull,314.85948199999984,0.0
2026-05-25,30272.969027,30294.178487,30067.186768,30097.738489,Bear,205.7822589999996,21.209460000001854
2026-05-26,30097.233502,30460.066762,30040.674943,30405.780644,Bull,362.8332599999994,56.55855899999733
2026-05-27,30405.528151,30682.00861,30059.864454,30085.366305,Bear,345.66369699999996,276.48045900000216
2026-05-28,30086.123785,30664.839047,30065.9243,30600.200693,Bull,578.7152620000015,20.199485000001005
2026-05-29,30600.200693,30840.574571,30567.629023,30692.61334,Bull,240.37387800000215,32.57166999999754
2026-05-31,30718.872671,30900.415547,30664.081566,30878.7011,Bull,181.54287599999952,54.79110500000024
2026-06-01,30877.691126,30999.140533,30593.63586,30746.39447,Bear,284.05526600000303,121.44940700000006
2026-06-02,30747.656938,31070.091226,30727.204959,31008.735289,Bull,322.4342880000004,20.4519790000013
2026-06-03,31008.735289,31115.035082,30655.244291,30801.690562,Bear,353.4909980000011,106.29979299999832
2026-06-04,30801.438068,30908.495342,30351.999514,30531.269949,Bear,449.4385540000003,107.05727399999887
2026-06-05,30531.774936,30560.811696,29068.322206,29116.800971,Bear,1463.4527300000009,29.03675999999905
2026-06-07,29132.203079,29579.621685,29109.731151,29382.171713,Bull,447.4186059999993,22.471927999999025
2026-06-08,29379.899271,30039.664968,29261.73228,29898.521063,Bull,659.7656970000025,118.16699099999823
2026-06-09,29899.783531,30145.964761,28509.301443,29186.74169,Bear,1390.4820880000007,246.18122999999832
2026-06-10,29186.994184,29541.747649,28547.680465,29063.524828,Bear,639.313718999998,354.7534650000016
2026-06-11,29063.524828,29941.192476,28862.539947,29838.427593,Bull,877.6676479999987,200.9848810000003
2026-06-12,29840.952529,30056.834531,29521.548164,29973.764147,Bull,215.8820020000021,319.4043649999985
2026-06-14,30205.30075,30534.047378,30205.30075,30534.047378,Bull,328.7466280000008,0.0
2026-06-15,30531.522442,30915.0,30505.25,30814.75,Bull,383.4775579999987,26.27244200000132
2026-06-16,30815.5,30975.5,30272.25,30486.75,Bear,543.25,160.0
2026-06-17,30485.75,30584.5,29923.0,30342.0,Bear,562.75,98.75
2026-06-18,30341.0,30783.25,30320.0,30433.75,Bull,442.25,21.0
2026-06-19,30435.0,30705.0,30388.0,30647.0,Bull,270.0,47.0
2026-06-21,30577.0,30659.0,30337.5,30582.75,Bull,82.0,239.5
2026-06-22,30582.75,30968.0,30231.0,30242.5,Bear,351.75,385.25
2026-06-23,30243.0,30268.75,29577.25,29784.5,Bear,665.75,25.75
2026-06-24,29784.5,30168.5,29264.75,30041.0,Bull,384.0,519.75
2026-06-25,30040.25,30263.75,29160.5,29270.0,Bear,879.75,223.5
2026-06-26,29270.75,29716.0,29181.5,29283.0,Bull,445.25,89.25
2026-06-28,29282.5,29683.25,29280.25,29518.0,Bull,400.75,2.25
2026-06-29,29520.0,30209.5,29273.75,30186.5,Bull,689.5,246.25
2026-06-30,30187.75,30599.75,29997.0,30443.5,Bull,412.0,190.75
2026-07-01,30445.75,30447.5,30442.25,30445.25,Bear,3.5,1.75
