Date,FirstImpulse,ImpulseMFE,ImpulseMAE
2009-01-02,Up,58.69562285000006,1.164406149999877
2009-01-05,Down,4.644134460714213,30.51636853928585
2009-01-06,Up,10.50975213571428,14.480356864285795
2009-01-07,Down,23.950238253571342,10.338515746428811
2009-01-08,Down,6.399044860714184,27.017961139285717
2009-01-09,Down,34.99756889285709,1.325264107142857
2009-01-12,Down,37.656400289285784,1.2816767107142368
2009-01-13,Up,15.72571131071436,23.21236568928566
2009-01-14,Down,28.476062932143122,3.197447067856956
2009-01-15,Down,15.78279038214282,44.07723861785712
2009-01-16,Down,31.826065982142836,10.017837017857119
2009-01-19,Down,6.824540585714431,3.0552694142857035
2009-01-20,Down,54.792475278571374,3.6146407214287137
2009-01-21,Up,26.22612322499981,23.463512775000254
2009-01-22,Up,24.930954764285843,21.562271235714206
2009-01-23,Down,0.9184488928569863,56.616918107142965
2009-01-26,Up,22.478644974999952,17.912345024999922
2009-01-27,Up,11.972005328571413,9.531111671428562
2009-01-28,Up,31.408872339285608,7.819786660714271
2009-01-29,Down,16.08997750357139,10.643627496428508
2009-01-30,Down,33.89335415000005,3.591809850000118
2009-02-02,Up,32.43110099285718,5.635228007142814
2009-02-03,Down,12.77525885,34.00855015000002
2009-02-04,Up,25.053413967857296,14.465828032142781
2009-02-05,Up,54.13347467142853,5.145388328571471
2009-02-06,Up,30.250693857142778,5.490974142857112
2009-02-09,Up,5.445310739285787,13.44256226071434
2009-02-10,Up,10.536735514285738,64.43359148571426
2009-02-11,Up,1.2069556642854877,36.85937333571451
2009-02-12,Up,29.383095367857322,17.110130632142727
2009-02-13,Down,0.38709707857151443,21.987767921428485
2009-02-16,Down,14.071465410714154,0.16708458928587788
2009-02-17,Down,12.06229349285718,16.705390507142738
2009-02-18,Down,18.898251385714048,18.87749461428598
2009-02-19,Up,1.481971700000031,40.65251429999989
2009-02-20,Up,26.234425264285846,10.0884077357141
2009-02-23,Down,54.026581407142885,2.3464555928569553
2009-02-24,Up,39.12072874285718,8.825410257142948
2009-02-25,Down,15.38946569285713,33.719004307142995
2009-02-26,Down,41.23471762857139,14.847735371428598
2009-02-27,Up,15.957139028571419,5.836559971428642
2009-03-02,Up,11.25800285357127,37.26930214642857
2009-03-03,Down,14.434693400000015,21.016391600000134
2009-03-04,Up,27.133156596428535,7.736763403571558
2009-03-05,Up,3.7059672214286365,34.9415277785713
2009-03-06,Down,37.313927882142934,15.281534117857063
2009-03-09,Down,35.63892636071432,4.461481639285694
2009-03-10,Up,19.179494217857155,1.451874782142795
2009-03-11,Down,15.018972775000293,9.389971224999726
2009-03-12,Up,33.650511025000014,7.612227974999996
2009-03-13,Up,6.531557157142743,19.63778384285729
2009-03-16,Up,18.172073599999976,17.301921399999856
2009-03-17,Up,36.03953096428563,4.3775630357142745
2009-03-18,Up,41.68333955714297,8.329179442856912
2009-03-19,Up,1.8100567214285093,23.48697327857144
2009-03-20,Down,35.3978748678569,2.402284132142995
2009-03-23,Up,37.111609642857275,6.503959357142776
2009-03-24,Up,12.73428637500001,14.307366624999986
2009-03-25,Up,3.477361103571411,60.78290989642869
2009-03-26,Up,29.82805088571422,3.029010114285711
2009-03-27,Up,2.7848206428568574,19.313733357143064
2009-03-30,Down,26.08359493214266,2.121139067857257
2009-03-31,Up,23.794369032142868,7.899610967857143
2009-04-01,Down,0.7144641214288185,51.33344787857118
2009-04-02,Up,37.50939002857149,4.3615559714285155
2009-04-03,Up,9.58711683214301,17.454535167857102
2009-04-06,Down,8.388728453571503,24.1775635464287
2009-04-07,Down,27.33553842142851,2.9045895785714038
2009-04-08,Up,13.101286017857092,18.011152982142903
2009-04-09,Up,15.477296378571282,5.74894762142867
2009-04-13,Down,4.598327867857051,20.989473132143075
2009-04-14,Up,2.238931867857218,27.12888413214273
2009-04-15,Down,11.681703382142814,15.069178617857233
2009-04-16,Down,8.272419710714303,35.34314928928575
2009-04-17,Down,3.5297451678572997,23.511906832142813
2009-04-20,Down,23.930408124999985,3.692784875000143
2009-04-21,Up,23.95533231071431,1.3416976892856383
2009-04-22,Up,42.63318005000019,1.854700949999824
2009-04-23,Down,17.595766067857085,12.353590932142879
2009-04-24,Down,6.854913453571271,34.43449154642872
2009-04-27,Up,24.36448741071422,4.131017589285875
2009-04-28,Down,1.502660332143023,25.538992667856974
2009-04-29,Up,24.77260451785719,2.559818482142873
2009-04-30,Up,18.332038953571328,22.375825046428645
2009-05-01,Down,6.135255939285571,19.161773060714268
2009-05-04,Down,0.904504353571383,23.520214646428485
2009-05-05,Down,10.893507478571564,9.460424521428422
2009-05-06,Down,35.083532646428466,3.2981673535714435
2009-05-07,Down,59.10740373214276,3.6990152678572485
2009-05-08,Up,11.522817471428652,28.603505528571304
2009-05-11,Up,38.18231492500013,11.248663074999968
2009-05-12,Down,36.269461453571466,1.530698546428539
2009-05-13,Down,25.23887584285717,3.2566291571426973
2009-05-14,Up,21.862823171428772,7.7957638285711255
2009-05-15,Up,15.309065278571325,10.278735721428575
2009-05-18,Down,3.1153976678572235,36.42938533214283
2009-05-19,Down,1.077927278571451,35.55915072142852
2009-05-20,Up,18.07657637499983,22.631288625000025
2009-05-21,Down,27.434193139285526,17.34445786071433
2009-05-22,Down,15.26960310000004,15.842835899999955
2009-05-25,Up,0.4590014892855834,0.7040795107143367
2009-05-26,Up,71.4506090535715,2.1143169464285165
2009-05-27,Up,16.631031157142843,19.424505842857116
2009-05-28,Up,7.718917278571325,32.98894672142865
2009-05-29,Up,6.2588344821426745,17.29357251785723
2009-06-01,Up,29.960780574999944,2.314740425000082
2009-06-02,Up,22.61051923214268,3.5588227678572366
2009-06-03,Down,10.662968042857301,10.56327595714265
2009-06-04,Up,12.197820385714294,7.283799614285726
2009-06-05,Up,0.13188508571420243,31.56209491428558
2009-06-08,Down,13.70048074285728,25.262760257142872
2009-06-09,Up,9.604771567857142,14.529176432143004
2009-06-10,Down,36.23311405000004,2.7301269499998853
2009-06-11,Up,16.43514688928599,5.678138110714144
2009-06-12,Down,16.475449778571374,6.219764221428704
2009-06-15,Down,27.7044390821427,5.1745239178571865
2009-06-16,Down,19.067396303571286,11.483852696428585
2009-06-17,Down,6.0236254035714865,30.928836596428482
2009-06-18,Down,7.227718853571332,15.758458146428666
2009-06-19,Up,10.28673589999994,10.95365609999999
2009-06-22,Down,32.742509075000044,4.50091792499984
2009-06-23,Down,14.46242935714281,4.15928364285719
2009-06-24,Up,22.6528601107143,2.6610318892855958
2009-06-25,Up,40.77145471428571,4.328007285714193
2009-06-26,Up,11.55627712857131,4.155793871428614
2009-06-29,Down,9.709415796428402,20.259905203571634
2009-06-30,Up,3.27371752142858,26.986567478571487
2009-07-01,Up,9.61429097857149,11.91706502142847
2009-07-02,Down,23.602398300000004,5.784992699999975
2009-07-03,Down,0.4603465892857912,1.5764034107141924
2009-07-06,Down,12.185167985714315,11.673902014285659
2009-07-07,Down,38.143337467857236,2.591660532142896
2009-07-08,Down,15.858592367857,10.910120632142934
2009-07-09,Up,3.8885301964287464,13.278361803571443
2009-07-10,Up,17.397585171428545,10.244019828571481
2009-07-13,Down,19.170388567857117,34.658002432142894
2009-07-14,Up,8.674892125000042,9.946821874999841
2009-07-15,Down,3.1434536535714415,34.3909373464287
2009-07-16,Up,28.300432053571285,3.7056379464286238
2009-07-17,Down,3.4063603892857373,15.215353610714146
2009-07-20,Down,1.3883152392857028,18.397255760714188
2009-07-21,Down,14.550291685714228,9.599742314285777
2009-07-22,Up,19.084139192857265,3.6110748071428134
2009-07-23,Up,44.86980769642855,2.266404303571335
2009-07-24,Up,14.432867542857139,12.335845457142796
2009-07-27,Up,3.0073236928571987,23.17946030714279
2009-07-28,Up,14.251014160714249,16.591198839285653
2009-07-29,Down,8.970013517857069,11.688450482142798
2009-07-30,Up,15.596724553571448,16.409345446428688
2009-07-31,Up,8.207270992857275,13.033121007142881
2009-08-03,Up,5.0523862285715495,15.31511277142863
2009-08-04,Up,10.69917226071425,8.213505739285665
2009-08-05,Down,27.743443867857195,3.97166213214291
2009-08-06,Up,1.5847161321428302,31.294246867857282
2009-08-07,Up,2.082473328571268,20.61274067142881
2009-08-10,Down,14.15333355000007,10.287665450000077
2009-08-11,Down,12.529129042857221,5.219690957142802
2009-08-12,Up,44.16941566428591,0.9300463357142235
2009-08-13,Down,17.13779592857145,7.594167071428728
2009-08-14,Down,24.69974944642877,3.523784553571204
2009-08-17,Down,19.356398321428514,7.121350678571389
2009-08-18,Up,12.900108671428598,10.667997328571346
2009-08-19,Up,32.63268261428561,5.192673385714215
2009-08-20,Up,23.284415914285546,2.611404085714412
2009-08-21,Down,6.5872228357143285,23.091133164285566
2009-08-24,Up,3.527942057142809,18.876306942857127
2009-08-25,Up,13.714808539285741,10.726190460714179
2009-08-26,Up,9.043793171428433,16.270098828571463
2009-08-27,Down,25.162174721428528,13.245109278571363
2009-08-28,Up,3.9155477785714083,40.31102122142852
2009-08-31,Down,11.281101425000088,5.303862575000039
2009-09-01,Up,28.77324964285731,39.603354357142734
2009-09-02,Up,12.035529403571445,5.422326596428547
2009-09-03,Down,14.20633080357129,11.689490196428778
2009-09-04,Up,32.72412826071445,7.428940739285736
2009-09-08,Up,0.15067775000011352,14.979464249999864
2009-09-09,Down,2.727790710714089,30.151172289285796
2009-09-10,Up,14.640791492857034,10.113369507142806
2009-09-11,Down,8.71494922142847,9.632252778571456
2009-09-14,Up,17.77392169285713,5.524111307142675
2009-09-15,Up,9.374850224999818,9.263576775000047
2009-09-16,Down,2.0877302499998223,28.19971375
2009-09-17,Up,10.867807721428562,10.100423278571498
2009-09-18,Down,11.98756093214297,6.942092067857175
2009-09-21,Up,17.95527309285717,7.67256390714283
2009-09-22,Down,11.652706153571444,4.364692846428625
2009-09-23,Down,15.754625664285868,20.357326335714106
2009-09-24,Down,36.32527178928558,3.281385210714461
2009-09-25,Up,10.387041453571328,13.20221854642864
2009-09-28,Up,30.403430942856858,4.252394057142965
2009-09-29,Up,5.2933798142857995,22.664260185714284
2009-09-30,Up,5.684096389285742,42.36809861071424
2009-10-01,Down,45.66414614285691,4.13540085714294
2009-10-02,Up,19.753405021428534,5.874432978571349
2009-10-05,Down,6.958207639285774,20.12575736071426
2009-10-06,Up,28.4964075464286,4.703290453571526
2009-10-07,Up,3.6486383821429627,10.91263261785707
2009-10-08,Up,9.178801114285761,13.536781885714163
2009-10-12,Up,5.357507442857013,22.600133557142954
2009-10-13,Up,4.603442464285763,13.452533535714338
2009-10-14,Down,6.435041824999871,10.74725817500007
2009-10-15,Up,4.439107978571201,7.792360021428749
2009-10-16,Down,16.12556825714273,8.046141742857117
2009-10-19,Down,5.490639514285704,25.96170648571433
2009-10-20,Down,19.141830907142776,2.4088500928569374
2009-10-21,Up,24.546142071428676,11.274584928571358
2009-10-22,Down,9.191282492857226,24.299640507143067
2009-10-23,Down,26.90922942142879,5.4167925785709485
2009-10-26,Up,24.1852314321427,22.119610567857308
2009-10-27,Up,3.182678432142893,40.50113556785709
2009-10-28,Down,37.58576136071429,9.592756639285653
2009-10-29,Down,1.1461797642855345,29.432489235714456
2009-10-30,Down,47.93778499285713,10.598525007142825
2009-11-02,Down,11.548128757142877,32.13568524285711
2009-11-03,Down,0.6261349428571066,22.089448057142818
2009-11-04,Up,11.25482213928558,16.994043860714328
2009-11-05,Up,22.2090593357143,3.7100036642857503
2009-11-06,Up,16.46047653214282,5.672655467857112
2009-11-09,Up,21.05039787142846,3.121313128571501
2009-11-10,Up,8.089826067856848,8.510022932142874
2009-11-11,Up,3.335571221428836,22.001040778571223
2009-11-12,Up,5.170291839286165,23.952251160713786
2009-11-13,Down,0.5918119214288708,23.288673078571264
2009-11-16,Up,16.82762898214287,0.9371220178572912
2009-11-17,Up,5.913956332142789,10.394667667856993
2009-11-18,Down,14.142114196428793,5.952439803571451
2009-11-19,Down,29.717474453571413,2.0260975464289004
2009-11-20,Up,0.7135027928570707,12.100416207143098
2009-11-23,Up,19.29160394642804,1.0941750535716892
2009-11-24,Down,14.469742792857232,3.8774582071428085
2009-11-25,Down,1.4675677821428508,9.016547217857351
2009-11-26,Down,27.839070285714342,2.1571487142855403
2009-11-27,Up,35.183151399999815,4.132280600000058
2009-11-30,Down,8.463219339285615,15.41726566071452
2009-12-01,Up,15.070915442856858,5.897315557142974
2009-12-02,Up,10.264656639285931,13.61582836071375
2009-12-03,Up,6.826115546428355,20.25784845357157
2009-12-04,Up,8.76172455714277,41.91149944285689
2009-12-07,Up,3.8899390321430474,18.243192967856885
2009-12-08,Down,9.96198921785708,20.61667978214291
2009-12-09,Down,7.857885496428025,29.710193503571645
2009-12-10,Up,8.236479135714035,6.324791864285999
2009-12-11,Down,21.618583599999965,7.823745400000007
2009-12-14,Down,6.590857571428842,12.64868442857096
2009-12-15,Down,5.948279675000322,17.955393324999477
2009-12-16,Up,5.578515417857034,13.661025582142884
2009-12-17,Down,15.30906935357143,6.845554646428354
2009-12-18,Down,1.9666672428575112,19.02192375714276
2009-12-21,Up,17.14040979642823,5.014213203571671
2009-12-22,Up,5.222524132143008,6.437803867856928
2009-12-23,Up,7.0400373428569765,10.158946657143133
2009-12-24,Up,13.909891728571438,1.540043271428658
2009-12-28,Up,5.777326667856869,10.838640332143314
2009-12-29,Down,6.667225800000324,2.078020199999628
2009-12-30,Up,8.637667703571424,5.646234296428702
2009-12-31,Down,19.05553635357137,1.641546646428651
2010-01-04,Up,4.1758554964285395,5.1524075035713395
2010-01-05,Down,6.28512513928581,9.747825860713874
2010-01-06,Up,4.05925241428622,18.678387585714063
2010-01-07,Down,10.193417625000166,5.839534374999857
2010-01-08,Up,20.443054146428494,8.707766853571684
2010-01-11,Down,19.29263766785698,2.5704783321430114
2010-01-12,Down,22.76262594642867,4.056128053571683
2010-01-13,Up,23.599671325000145,18.669018674999734
2010-01-14,Up,8.175764632143,5.816629367857331
2010-01-15,Up,0.5871807214284672,41.973017278571206
2010-01-18,Up,5.296079850000297,1.1171001499997146
2010-01-19,Up,29.519370571429135,3.4210564285708642
2010-01-20,Down,35.89611184642854,5.206545153571369
2010-01-21,Up,10.175718089285965,40.25520091071394
2010-01-22,Down,56.8118253749999,10.818077625000114
2010-01-25,Up,3.595961564285517,18.558662435714268
2010-01-26,Down,5.154490135713786,34.4906258642859
2010-01-27,Up,20.95007016428599,18.40353783571436
2010-01-28,Down,44.90788020357104,2.60795679642888
2010-01-29,Down,53.237727003571536,10.894078996428561
2010-02-01,Up,10.280870625000261,8.084146375000046
2010-02-02,Down,6.064411732142844,29.208080267857213
2010-02-03,Up,18.09120699642881,5.812466003570989
2010-02-04,Down,36.62280091071398,3.896840089285888
2010-02-05,Down,23.509096107142796,19.051101892857105
2010-02-08,Down,6.928525314285707,18.724196685714105
2010-02-09,Down,11.780054442857363,23.7839465571426
2010-02-10,Up,2.6048342392855375,23.92241276071445
2010-02-11,Down,4.315361721428644,44.65801627857127
2010-02-12,Up,22.319117182142236,7.414719817857531
2010-02-15,Down,0.16449318214245068,4.499637817857547
2010-02-16,Down,4.611034539285811,19.584146460714237
2010-02-17,Down,5.312737024999933,9.26267397499987
2010-02-18,Up,12.86800511071442,7.537569889285351
2010-02-19,Down,1.967680442857727,19.020910557142543
2010-02-22,Down,15.28023506785712,2.2102569321427836
2010-02-23,Down,30.2408531214287,7.363705878571636
2010-02-24,Up,13.428117082142762,9.018014917857272
2010-02-25,Down,8.937850114285993,32.45631588571405
2010-02-26,Down,5.458491925000089,16.4046240749999
2010-03-01,Up,20.964645357142672,4.1050596428572135
2010-03-02,Up,9.394893132142897,8.970123867857183
2010-03-03,Up,2.4861485857140906,15.58736041428574
2010-03-04,Down,7.189841610714211,11.758191389285912
2010-03-05,Down,0.939072328571001,23.54761667142884
2010-03-08,Up,3.855195224999534,4.890050775000418
2010-03-09,Up,27.04363264285712,0.9411543571427501
2010-03-10,Up,18.11098852499981,1.711569475000033
2010-03-11,Up,9.079682024999784,5.810590975000196
2010-03-12,Down,11.266773485714111,3.9154655142860975
2010-03-15,Up,2.007872635714193,19.889587364285944
2010-03-16,Down,3.1800918428571094,14.62984215714323
2010-03-17,Up,10.867730017857411,6.6502379821426985
2010-03-18,Down,2.3457921714284566,10.792682828571742
2010-03-19,Down,26.054117167857385,3.72642783214269
2010-03-22,Up,34.82820742142849,0.4996935785716232
2010-03-23,Down,7.772986903571564,16.460202096428475
2010-03-24,Down,7.113673699999708,4.856938299999911
2010-03-25,Down,17.341549503571514,13.314894496428224
2010-03-26,Up,5.693547764285995,22.043234235714408
2010-03-29,Up,4.956107853571211,9.350233146428764
2010-03-30,Up,5.733380392857271,17.33194460714276
2010-03-31,Up,6.335664592857029,11.182302407143197
2010-04-01,Up,12.498236685714346,30.12881931428592
2010-04-05,Down,1.517180792857289,25.927635207142885
2010-04-06,Down,0.24921412142884947,23.692008878571414
2010-04-07,Down,11.29387578571459,12.35538021428556
2010-04-08,Down,8.296009574999971,18.856840424999973
2010-04-09,Down,2.491096864285737,17.070634135714045
2010-04-12,Up,3.2940044500001022,8.676607549999972
2010-04-13,Up,12.14683371785668,10.91849128214335
2010-04-14,Up,12.885091539285895,6.676639460714341
2010-04-15,Up,10.966455889285953,2.463986110714359
2010-04-16,Up,4.59012501785719,39.20479498214263
2010-04-19,Up,10.154164660714741,25.757669339285258
2010-04-20,Down,12.060286492856903,9.253241507142775
2010-04-21,Up,0.4421210464283831,21.4553389535713
2010-04-22,Down,9.966472157142562,42.003498842857425
2010-04-23,Up,8.413838507142827,13.775587492857085
2010-04-26,Up,1.689232875000016,14.95283712499986
2010-04-27,Up,5.544228842857137,52.265065157142544
2010-04-28,Down,24.416710353571034,3.612038646428573
2010-04-29,Up,28.96304100357156,3.445199996428528
2010-04-30,Down,41.248558071428306,2.8383279285717435
2010-05-03,Up,30.00786187857102,3.860210121428736
2010-05-04,Down,52.63106686071433,6.346092139285702
2010-05-05,Down,9.59212992142875,30.991162078571506
2010-05-06,Up,14.920512314286043,255.73209168571407
2010-05-07,Down,73.79026944285715,36.57292855714286
2010-05-10,Up,8.355445746428359,15.293811253571675
2010-05-11,Up,40.00665927499995,6.123989725000229
2010-05-12,Up,21.846365914285798,3.8466540857143627
2010-05-13,Up,6.18759660714295,44.030578392857024
2010-05-14,Down,41.86481496428587,3.0979690357144136
2010-05-17,Down,34.210088785714106,18.34381521428577
2010-05-18,Down,47.0941362821427,10.131224717857549
2010-05-19,Up,5.048928682143014,46.62907731785708
2010-05-20,Down,31.55528150714281,17.203062492857043
2010-05-21,Up,59.43491908571423,6.549426914285959
2010-05-24,Up,11.472183275000134,17.140497724999932
2010-05-25,Down,9.248027189285494,64.3274378107144
2010-05-26,Up,16.307350739285994,52.01272326071421
2010-05-27,Up,15.741145178571514,8.784009821428299
2010-05-28,Down,23.234248117857078,13.553484882143039
2010-06-01,Up,28.146577582143436,20.903732417856645
2010-06-02,Down,4.56614217142851,47.987761828571365
2010-06-03,Up,9.438848132142994,23.5533248678571
2010-06-04,Up,18.10502787857149,46.71145312142835
2010-06-07,Down,43.990953814285604,14.986204185714541
2010-06-08,Down,26.827515989285985,9.376284010714244
2010-06-09,Down,27.075688078571147,31.025572921429102
2010-06-10,Up,24.295752857142816,10.156251142856945
2010-06-11,Up,33.806629864285696,4.74878113571458
2010-06-14,Up,6.676787464285553,32.170709535714195
2010-06-15,Up,41.42944702142859,1.215173978571329
2010-06-16,Up,18.538906742857307,10.96182425714278
2010-06-17,Down,16.004603971428423,8.530658028571452
2010-06-18,Down,2.734290528571364,20.04845247142839
2010-06-21,Down,52.63404854999999,11.624970450000092
2010-06-22,Up,8.776990417856723,37.66475458214336
2010-06-23,Down,20.293283210714435,16.80169578928553
2010-06-24,Down,23.456016589285355,12.178530410714302
2010-06-25,Down,19.603190889285543,14.570924110714259
2010-06-28,Down,16.37954182500016,18.962919175000025
2010-06-29,Down,60.99550043214276,1.5109995678571977
2010-06-30,Up,12.278353799999877,36.79216919999999
2010-07-01,Down,42.80526836071431,12.983242639285663
2010-07-02,Down,20.817418417857198,13.648782582142758
2010-07-06,Down,33.884115032142745,19.567704967857253
2010-07-07,Up,52.581820249999964,5.835469749999902
2010-07-08,Down,21.968030142856605,8.993132857143337
2010-07-09,Up,12.800688239286046,9.105794760714161
2010-07-12,Up,14.360221446428568,13.095904553571017
2010-07-13,Down,8.081405835714122,25.80062216428587
2010-07-14,Up,11.725184450000143,16.31511455000009
2010-07-15,Down,15.644358853571248,19.698102146428937
2010-07-16,Down,47.10519941785742,1.0890645821427825
2010-07-19,Up,8.51953516071444,25.07040583928574
2010-07-20,Up,54.161172171428916,3.379857828571403
2010-07-21,Down,48.804515964285656,2.894785035713994
2010-07-22,Up,28.050730467857193,2.3262595321430126
2010-07-23,Up,22.235081167857516,11.939032832142402
2010-07-26,Down,2.1103243714283053,23.88536862857154
2010-07-27,Down,14.225654049999775,9.141261950000171
2010-07-28,Up,2.5244611249995614,30.773393875000238
2010-07-29,Down,44.2771766285714,3.040828371428688
2010-07-30,Down,6.322627839285815,42.747895160714506
2010-08-02,Down,0.8960799678566218,26.852132032143345
2010-08-03,Down,10.616298899999492,10.121839100000216
2010-08-04,Up,7.23331231428574,16.717775685714514
2010-08-05,Up,3.259892732143271,15.725726267856771
2010-08-06,Up,19.461301917857327,19.386195082142876
2010-08-09,Down,3.4247143964284987,15.560905603571427
2010-08-10,Down,15.228135360714077,16.901373639285794
2010-08-11,Down,28.277097721429072,3.2682382785710615
2010-08-12,Up,26.170945482142542,2.4535265178574264
2010-08-13,Up,1.9277704821429325,14.429070517857326
2010-08-16,Down,3.030397025000184,35.8171009749999
2010-08-17,Up,25.970658628571073,9.663888371428584
2010-08-18,Down,2.726835757142453,31.739365242857275
2010-08-19,Up,2.0602530999999544,40.876454900000226
2010-08-20,Down,6.463456582142953,17.195546417856804
2010-08-23,Down,31.500479925000036,10.559968075000143
2010-08-24,Down,19.865007107143356,11.680328892856778
2010-08-25,Up,36.59008677857173,10.143745221428162
2010-08-26,Down,28.745478964285667,10.394105035713892
2010-08-27,Down,38.33426000357122,20.66720299642884
2010-08-30,Up,10.782162289285225,18.42648271071448
2010-08-31,Down,2.8457563285719516,28.991666671428447
2010-09-01,Up,32.48522828214254,7.530614717857588
2010-09-02,Up,14.694034982143421,6.336189017856668
2010-09-03,Up,7.382485492857086,14.816084507142932
2010-09-06,Down,2.6652895285715203,2.8843534714283123
2010-09-07,Up,3.6406497357138505,15.929142264285929
2010-09-08,Up,23.059182139285895,3.8127708607144086
2010-09-09,Down,9.679537096428703,7.2614769035712925
2010-09-10,Down,4.706513614285996,14.889270385714099
2010-09-13,Up,14.038949428571868,3.5095145714285536
2010-09-14,Up,19.7299780000003,1.913126999999804
2010-09-15,Down,2.3751074214283108,26.872332578571786
2010-09-16,Down,1.373753385713826,19.391928614285916
2010-09-17,Down,13.375854228571825,3.2951867714282344
2010-09-20,Up,31.045911400000023,3.7585416000001715
2010-09-21,Down,5.396497807143078,20.633723192856905
2010-09-22,Up,15.42330595714293,12.946710042857376
2010-09-23,Up,31.851541728571192,4.707758271428702
2010-09-24,Up,17.5071500928575,2.9660569071425016
2010-09-27,Down,8.929090300000098,10.081745699999829
2010-09-28,Down,38.1103910249999,7.223140975000206
2010-09-29,Up,5.500990535714209,14.387268464285626
2010-09-30,Up,9.047903974999826,43.59748702500019
2010-10-01,Down,27.119688042857433,7.392289957142566
2010-10-04,Up,3.171258235714504,37.77515676428584
2010-10-05,Up,29.362339753571632,3.979741246428148
2010-10-06,Down,26.15556786785737,2.214448132142479
2010-10-07,Down,18.158480928571407,7.579265071428836
2010-10-08,Down,11.450371860714313,26.2788251392858
2010-10-11,Up,5.261406046428874,13.749429953571052
2010-10-12,Down,14.415854364286133,31.50262563571414
2010-10-13,Up,10.705607485714154,3.040689514285532
2010-10-14,Down,11.686441075000403,10.83408692499961
2010-10-15,Down,13.896712089285757,25.294856910714316
2010-10-18,Down,3.214085035714561,14.04190496428555
2010-10-19,Down,12.570131385714376,26.32896361428584
2010-10-20,Up,22.055702710714286,10.9939032892853
2010-10-21,Down,28.31047726071438,15.853156739285623
2010-10-22,Up,12.42598328214308,6.877326717857159
2010-10-25,Up,12.249454482143392,5.5914835178568865
2010-10-26,Down,2.9236995214282615,31.58827947857162
2010-10-27,Up,14.389739946428563,11.055533053571253
2010-10-28,Down,22.327286449999974,5.165307550000307
2010-10-29,Up,3.8564841321426684,11.352184867856977
2010-11-01,Up,12.306904589286205,24.544868410714116
2010-11-02,Up,7.152043500000218,9.811471499999698
2010-11-03,Down,17.413716732143257,14.758467267856759
2010-11-04,Up,5.3470590250003625,11.908929974999864
2010-11-05,Down,2.83073422499956,11.500510775000294
2010-11-08,Down,1.7820045821426902,16.643882417857185
2010-11-09,Down,30.66385038214321,8.82019261785672
2010-11-10,Down,15.483385275000273,16.396323725000002
2010-11-11,Down,5.8662004785715,33.03289352142838
2010-11-12,Up,5.2091774428572535,52.993227557142745
2010-11-15,Up,0.13474800714266166,27.942793992857332
2010-11-16,Up,10.094545278571331,37.8712557214285
2010-11-17,Down,1.6639699071429277,23.196353092856953
2010-11-18,Up,25.432738275000247,1.4749067249995278
2010-11-19,Down,4.57095715000014,17.657096850000016
2010-11-22,Up,24.323423853571057,9.89608014642863
2010-11-23,Down,24.23254888571455,1.7976731142853168
2010-11-24,Up,26.698734210714065,1.086333789285618
2010-11-25,Up,3.584900403571737,2.264587596428555
2010-11-26,Down,0.12534586785750435,21.810233132142912
2010-11-29,Down,22.19671715357117,16.40990284642885
2010-11-30,Down,8.340743253571418,17.39700374642871
2010-12-01,Up,22.046301739285354,2.8140222607144096
2010-12-02,Up,19.622943224999744,4.067483775000255
2010-12-03,Up,14.640432099999543,3.4929799000001367
2010-12-06,Down,2.6615167214285975,10.207356278571297
2010-12-07,Down,24.91359579999971,2.871472200000426
2010-12-08,Down,10.457003628571783,10.308678371428414
2010-12-09,Down,16.05371097857187,4.4194970214284695
2010-12-10,Down,3.16593673571424,18.784566264285786
2010-12-13,Down,14.173367699999744,6.89911630000006
2010-12-14,Down,3.7140533428569142,14.431696657142766
2010-12-15,Up,11.198729332142648,20.99534266785713
2010-12-16,Up,16.838874328571364,11.257770671428261
2010-12-17,Down,1.0499493500001336,11.53500565000013
2010-12-20,Down,16.037599750000027,12.644391249999899
2010-12-21,Down,1.8687458071431138,10.423536192856773
2010-12-22,Up,0.9755535071431041,6.633954492856901
2010-12-23,Up,1.2888539821428822,11.296101017856927
2010-12-27,Down,16.0728083357144,15.243243664285728
2010-12-28,Down,12.7278270357142,0.44247496428579325
2010-12-29,Down,0.3370242785717892,7.5651567214281386
2010-12-30,Down,8.093714964285937,3.613220035714221
2010-12-31,Down,15.532667550000042,0.5643684500000745
2011-01-03,Up,31.617086907142948,2.9183720928572257
2011-01-04,Down,25.99148728214277,0.9344637178573976
2011-01-05,Up,27.03047726071418,2.5295347392857366
2011-01-06,Down,1.0902088785715023,12.08009312142849
2011-01-07,Down,29.960347053571695,4.867785946428285
2011-01-10,Down,2.5441675214287898,25.25980347857103
2011-01-11,Down,12.473112014285562,3.0385769857143714
2011-01-12,Down,6.62591658928568,10.349139410714542
2011-01-13,Down,4.3921911964284845,10.534150803571265
2011-01-14,Down,2.944503128571796,23.68877487142845
2011-01-17,Up,0.6187960607139757,17.819626939285627
2011-01-18,Up,29.29242458928593,3.77966741071441
2011-01-19,Down,38.99350156071432,4.029485439285509
2011-01-20,Down,24.512441057142496,5.632916942857264
2011-01-21,Down,29.64258747142867,1.673464528571003
2011-01-24,Up,26.891457507142604,10.570735492857239
2011-01-25,Up,10.66585427857126,11.577322721428573
2011-01-26,Down,3.8956919535717134,21.56689204642862
2011-01-27,Up,10.501748507142565,9.692715492857133
2011-01-28,Down,75.29231802142885,1.973454978571226
2011-01-31,Down,13.537188999999671,23.046984000000066
2011-02-01,Up,30.843593314285954,3.3991916857144133
2011-02-02,Up,5.948586474999956,9.855775524999899
2011-02-03,Up,7.390002967857072,28.316149032142675
2011-02-04,Down,0.8884732500000609,23.98876375000009
2011-02-07,Up,16.61025992142868,2.998857078571291
2011-02-08,Up,12.590181707143074,5.848241292856983
2011-02-09,Up,2.930914832142662,14.62948816785729
2011-02-10,Down,0.5069525035714832,28.760385496428626
2011-02-11,Up,24.01803186785719,3.7859401321429687
2011-02-14,Up,5.916182871428646,4.327385128571223
2011-02-15,Down,5.163594328571435,10.348094671428498
2011-02-16,Up,12.571367128571183,6.1597298714291355
2011-02-17,Up,13.729516989285912,2.0748450107139433
2011-02-18,Down,12.965430317857226,8.692399682142877
2011-02-21,Down,16.423158071428134,0.8445719285714404
2011-02-22,Down,46.174452039285825,10.604183960714181
2011-02-23,Up,6.479580542857093,45.32360845714311
2011-02-24,Down,22.042486996429034,20.102480003571145
2011-02-25,Up,23.57588617500005,1.0086778249997224
2011-02-28,Up,4.086974921428919,25.473037078570997
2011-03-01,Down,56.40338683571417,1.8386161642861225
2011-03-02,Up,27.075422878571317,7.752709121428779
2011-03-03,Up,27.211307578571905,2.93405042142831
2011-03-04,Down,25.471991385713864,6.429407614285992
2011-03-07,Down,67.04206361785691,4.0775673821431155
2011-03-08,Down,9.010159153571294,34.89084784642864
2011-03-09,Down,16.428383196428967,9.912220803571017
2011-03-10,Down,14.776870021428294,13.905120978571631
2011-03-11,Up,32.119928403571976,4.219286596427992
2011-03-14,Up,11.779074250000122,23.094849749999867
2011-03-15,Down,0.9214277321430018,64.13748826785695
2011-03-16,Up,6.7074599249999665,67.14320107499998
2011-03-17,Down,10.08323745000007,19.808697550000034
2011-03-18,Down,28.867622921428392,3.3687770785713838
2011-03-21,Up,15.84072085714297,2.9150021428567925
2011-03-22,Down,5.18171443928577,10.643427560714372
2011-03-23,Down,9.295394321428375,40.81755467857147
2011-03-24,Down,5.342392057142661,42.71914994285726
2011-03-25,Up,7.49894101428572,12.135956985714074
2011-03-28,Down,20.42796558214286,6.240329417857083
2011-03-29,Down,0.5464897821425438,38.137190217857096
2011-03-30,Down,3.7005189249998693,13.296855075000167
2011-03-31,Up,3.9133740821430365,11.618709917856904
2011-04-01,Down,12.461253175000365,16.551506824999706
2011-04-04,Down,21.337775721428898,2.1068792785713413
2011-04-05,Up,8.793838082142884,14.35775791785727
2011-04-06,Up,2.6877617107143124,36.28897628928598
2011-04-07,Up,12.40159398928563,25.69596901071418
2011-04-08,Down,34.4594547214283,4.224225278571339
2011-04-11,Up,0.646821453571647,33.934043546428256
2011-04-12,Up,0.43330763928588567,22.718289360714152
2011-04-13,Down,12.718724814285451,16.587093185714366
2011-04-14,Down,5.393316814285754,23.326385185714116
2011-04-15,Down,7.369366999999784,21.350335000000086
2011-04-18,Down,32.39548863928576,12.7354713607142
2011-04-19,Down,8.088406649999797,14.77013235000004
2011-04-20,Up,11.615570835714607,8.312386164285726
2011-04-21,Down,8.104104649999499,4.790455350000229
2011-04-25,Up,0.3014314749998448,10.834779525000158
2011-04-26,Down,1.1042011964286758,23.80574380357166
2011-04-27,Down,6.6157878357144,23.27614616428582
2011-04-28,Up,2.3172530214283142,13.800946978571574
2011-04-29,Up,5.997226289285663,8.655682710714245
2011-05-02,Down,12.144122010714,12.765823989285764
2011-05-03,Down,24.71736382500012,6.932920174999708
2011-05-04,Up,2.3476056499998776,34.284667349999836
2011-05-05,Up,26.01938055714254,16.47405644285709
2011-05-06,Up,11.218894825000007,32.15371617499977
2011-05-09,Down,4.321561371428743,23.812023628571296
2011-05-10,Down,0.072218639285893,24.251611360713923
2011-05-11,Up,4.6721847214284935,41.6310082785717
2011-05-12,Down,10.478923814285281,35.53121118571471
2011-05-13,Down,23.06891161785734,9.753604382142385
2011-05-16,Down,37.871490257142796,12.534517742857133
2011-05-17,Up,16.54522780357138,11.588358196428544
2011-05-18,Up,25.01565560714289,7.220744392856886
2011-05-19,Down,12.250878328571616,10.900717671428538
2011-05-20,Down,15.711058967856843,8.61277003214309
2011-05-23,Down,10.776168607142608,12.961544392857377
2011-05-24,Down,17.378350607143147,2.842664392856932
2011-05-25,Up,20.93586742142861,1.629612578571141
2011-05-26,Up,26.460014699999647,3.7249783000002026
2011-05-27,Up,5.1672437928573345,5.0897922071426365
2011-05-31,Down,8.780232524999974,19.353352475000065
2011-06-01,Up,1.1167607928573489,61.59769020714248
2011-06-02,Down,9.017818617857301,15.599068382142832
2011-06-03,Up,14.588017071428567,19.69978992857159
2011-06-06,Up,8.490314432142895,22.866911567856732
2011-06-07,Down,5.550312710714479,15.549877289285632
2011-06-08,Down,15.96120525714332,8.362623742856613
2011-06-09,Down,1.4412178857141953,23.76178511428543
2011-06-10,Down,25.636972617857282,2.8372073821424237
2011-06-13,Up,4.832148950000374,17.771066049999718
2011-06-14,Up,15.509377471428706,4.1583545285716355
2011-06-15,Up,9.68475601428554,36.40231898571437
2011-06-16,Down,28.835024589285695,14.023019410714369
2011-06-17,Down,33.26411671428559,4.016510285714503
2011-06-20,Up,22.031560089285904,3.5071369107140526
2011-06-21,Down,5.446192735714249,54.73119726428558
2011-06-22,Up,9.421369207143016,12.59474879285699
2011-06-23,Down,4.102446642857558,56.95558835714246
2011-06-24,Down,32.43419658571429,3.6722374142855188
2011-06-27,Up,47.11205814999994,5.433077850000245
2011-06-28,Up,27.423981014286255,1.0501989857139051
2011-06-29,Down,8.781936924999627,15.582567075000043
2011-06-30,Up,20.763496646428393,3.0139113535715296
2011-07-01,Down,0.5210477535715654,50.55634724642823
2011-07-04,Up,4.612901939285166,0.9645150607148025
2011-07-05,Up,6.322819232143047,7.180399767857125
2011-07-06,Down,2.868385614285671,23.25740838571437
2011-07-07,Up,19.205393360714424,1.9300796392858501
2011-07-08,Up,8.893463453571258,22.516198546428313
2011-07-11,Up,6.968625142857491,37.94425585714271
2011-07-12,Down,16.58652363214287,12.768300367857137
2011-07-13,Down,11.451526275000106,27.00329372499982
2011-07-14,Down,44.42013990714304,18.692733092856997
2011-07-15,Down,12.398219628571042,12.846929371428814
2011-07-18,Up,5.284915985714633,33.463452014285394
2011-07-19,Up,31.798613775000376,1.0787902249999206
2011-07-20,Down,25.345794210714303,2.834837789285757
2011-07-21,Down,7.638544421428378,39.03562657857174
2011-07-22,Up,27.824179899999763,9.162899100000232
2011-07-25,Up,25.265069199999743,4.67685180000035
2011-07-26,Up,11.009107860714266,13.648945139285843
2011-07-27,Down,55.03505353571427,2.2068544642856978
2011-07-28,Down,1.5474184785712168,48.06223552142865
2011-07-29,Down,5.107739385714467,50.37287861428558
2011-08-01,Down,70.98835277857188,5.040642221428243
2011-08-02,Up,4.458788339285547,65.1121456607143
2011-08-03,Down,39.3574817178569,32.855387282143056
2011-08-04,Down,74.77931876071443,10.643221239285594
2011-08-05,Up,3.6913696035712746,125.76340739642865
2011-08-08,Up,33.879661464285164,85.88802353571464
2011-08-09,Down,52.449732710714216,75.53730228928589
2011-08-10,Down,26.7537772571427,51.03650774285734
2011-08-11,Up,86.86092586785708,26.448697132143025
2011-08-12,Down,9.655641110713987,38.779819889286046
2011-08-15,Up,8.47306077857138,27.633374221428767
2011-08-16,Up,9.199591950000013,46.86812305000012
2011-08-17,Up,5.0448365678566915,61.590615432143295
2011-08-18,Down,63.87504978571451,5.989432214285898
2011-08-19,Up,41.55909272142844,38.57957827857126
2011-08-22,Down,38.111997557142786,12.08475244285728
2011-08-23,Up,64.06375963571418,8.73620536428598
2011-08-24,Up,12.012413985714375,39.65207801428551
2011-08-25,Down,30.546839799999816,13.77894520000018
2011-08-26,Down,9.866365832142947,93.75616516785703
2011-08-29,Up,31.307969200000116,3.3307237999997596
2011-08-30,Up,29.701840635714234,26.659422364286
2011-08-31,Up,9.536123989285898,45.357398010714405
2011-09-01,Up,8.48773812142872,48.1670738785715
2011-09-02,Down,17.371765975000017,22.257247025000197
2011-09-05,Down,19.33329732500033,10.021527675000016
2011-09-06,Up,48.568606257143074,16.89265274285708
2011-09-07,Up,17.70515318214302,1.962579817857204
2011-09-08,Up,27.260147214285553,17.94628178571429
2011-09-09,Down,45.06957406785705,21.70874393214308
2011-09-12,Up,50.47148105357155,12.482526946428607
2011-09-13,Down,1.7710426464282136,40.29635535357147
2011-09-14,Down,15.504602121428434,64.51170787857154
2011-09-15,Down,16.523392382142447,26.132360617857557
2011-09-16,Up,8.462647482142984,18.013337517857053
2011-09-19,Down,12.34398344285728,58.55281955714281
2011-09-20,Down,21.601929514285985,31.644217485714307
2011-09-21,Up,6.869718471428769,59.908598528571474
2011-09-22,Up,15.087508410714236,67.57639958928576
2011-09-23,Up,48.127134192857284,4.530657807142688
2011-09-26,Down,46.70933538571444,32.13026461428581
2011-09-27,Down,23.0442799928569,35.791242007142955
2011-09-28,Up,7.967157060714271,67.04813293928555
2011-09-29,Down,101.78775557499966,7.352137425000365
2011-09-30,Down,20.225761646428964,32.43203035357101
2011-10-03,Up,27.64639161071409,52.958273389286205
2011-10-04,Down,11.101002864285874,79.79987913571404
2011-10-05,Down,6.340578517857011,91.032210482143
2011-10-06,Up,28.882987939285613,2.299839060714021
2011-10-07,Down,19.432532128571438,25.87081987142892
2011-10-10,Up,27.001301525000144,1.828103474999807
2011-10-11,Up,18.13604981785693,10.987533182143125
2011-10-12,Up,4.810854389285851,28.137037610714287
2011-10-13,Up,21.63991540357165,13.367220596428524
2011-10-14,Down,3.766524139286048,26.82794686071429
2011-10-17,Down,32.86699379999982,10.377115199999935
2011-10-18,Down,13.290524760714106,65.25489723928558
2011-10-19,Down,37.081087917857076,18.812658082143116
2011-10-20,Down,38.6791028857142,14.272867114285418
2011-10-21,Up,13.236942224999893,29.418811774999995
2011-10-24,Up,44.035235889286014,2.444826110714075
2011-10-25,Down,35.23722498928555,8.30106101071442
2011-10-26,Down,58.33436933928533,9.326480660714424
2011-10-27,Down,18.351430564285693,37.83649343571415
2011-10-28,Up,14.079550339286016,8.866302660714155
2011-10-31,Down,10.910837146428548,21.44869985357127
2011-11-01,Down,11.538066010714374,29.6467989892858
2011-11-02,Down,20.117546575000233,17.24301042499974
2011-11-03,Down,20.547255399999813,49.7611936000003
2011-11-04,Down,16.528578446428583,23.185398553571304
2011-11-07,Up,13.787474203571492,38.870317796428935
2011-11-08,Up,7.397515682142966,41.43596731785692
2011-11-09,Down,43.365982253571474,14.881184746428517
2011-11-10,Down,45.9263780035717,3.20128299642829
2011-11-11,Up,25.802528692857322,4.791943307142901
2011-11-14,Up,5.589374078571382,30.006116921428656
2011-11-15,Up,38.67174787142858,12.515156128571562
2011-11-16,Up,9.538709160714006,42.5307278392861
2011-11-17,Down,64.40703549999989,3.842169500000182
2011-11-18,Down,15.487400271428669,12.753649728571418
2011-11-21,Down,32.71675212499986,9.939000875000147
2011-11-22,Up,13.70867663214267,25.12276736785725
2011-11-23,Down,26.952973435714284,3.0531425642857357
2011-11-24,Down,5.593576817856956,9.703659182142928
2011-11-25,Up,19.76453325714283,28.480594742857193
2011-11-28,Up,20.228914017857278,5.364537982142792
2011-11-29,Up,11.857459214285882,29.915761785714494
2011-11-30,Up,18.089821414285325,5.738564585714357
2011-12-01,Up,16.06735139285729,11.879521607142578
2011-12-02,Down,26.1187688107143,10.065077189285603
2011-12-05,Down,17.496213632142826,16.33421136785728
2011-12-06,Down,8.979771124999843,15.436970875000043
2011-12-07,Down,18.872544378571092,29.07840562142883
2011-12-08,Up,10.944457871428313,38.47738112857178
2011-12-09,Up,35.402252771428266,8.497675228571552
2011-12-12,Down,16.91505896428589,8.128524035714236
2011-12-13,Up,1.6893348750004407,68.72732812499953
2011-12-14,Down,36.394674278571074,4.264319721428819
2011-12-15,Down,25.44640077142867,3.427377228571004
2011-12-16,Up,25.863238003571496,15.090385996428722
2011-12-19,Down,34.87320019642857,1.6609678035711113
2011-12-20,Up,30.41186228928609,4.943784710714226
2011-12-21,Down,46.44515585357158,2.758119146428726
2011-12-22,Up,8.7907819071429,8.297781092857349
2011-12-23,Up,8.662605060714213,1.944088939285848
2011-12-27,Up,10.954694610714341,4.955346389285751
2011-12-28,Down,26.36646259642839,4.569727403571505
2011-12-29,Down,0.053902710714282875,26.168201289285662
2011-12-30,Up,5.021343521428662,7.353132478571297
2012-01-03,Up,6.457666499999959,14.461090499999955
2012-01-04,Down,4.373157228571017,27.152294771428842
2012-01-05,Up,22.75914502500018,18.48910897499991
2012-01-06,Down,4.773012149999886,20.27057085000024
2012-01-09,Down,18.16712058214307,3.340898417856806
2012-01-10,Up,0.39985559999968245,24.938357400000314
2012-01-11,Up,6.494494857143309,15.897414142856633
2012-01-12,Down,16.519294400000035,12.649114599999848
2012-01-13,Down,15.335511910714104,9.708071089285568
2012-01-16,Up,5.812637292857289,0.9638617071427689
2012-01-17,Up,7.251065000000381,15.43547499999977
2012-01-18,Down,0.7755095000002257,37.526441500000146
2012-01-19,Up,5.204434760714321,5.991520239285364
2012-01-20,Up,4.307917739285585,6.59340726071423
2012-01-23,Up,15.209241728571214,21.914187271428546
2012-01-24,Down,1.6394080928571384,19.27934990714266
2012-01-25,Down,16.970710217856777,18.974197782143165
2012-01-26,Down,30.62156758571382,10.921317414286023
2012-01-27,Up,15.481774435714215,2.7853095642858534
2012-01-30,Down,6.119894282142923,36.30688171785732
2012-01-31,Up,0.45562444642837363,34.605391553571735
2012-02-01,Down,3.8775462964285907,24.112340703571135
2012-02-02,Up,4.00171257142847,17.211675428571198
2012-02-03,Up,11.876760849999755,3.1493891499999336
2012-02-06,Down,1.6541388428577193,14.255902157142373
2012-02-07,Down,7.29946815714311,19.806527842857122
2012-02-08,Up,10.105822110714143,16.41091288928601
2012-02-09,Down,11.252776567857381,20.272675432142478
2012-02-10,Down,5.459080810714568,13.397264189285579
2012-02-13,Down,7.597254907142997,15.383915092857023
2012-02-14,Up,8.232814357142615,15.337616642857483
2012-02-15,Down,35.71236021428558,20.856674785714404
2012-02-16,Down,2.8221377178570037,48.14891928214274
2012-02-17,Down,18.331270932142615,7.301572067857251
2012-02-20,Up,4.91085761428576,5.401206385714431
2012-02-21,Up,13.020558557142976,19.388784442857286
2012-02-22,Down,7.295258532142725,13.918129467857398
2012-02-23,Down,9.307163467857208,25.459222532142576
2012-02-24,Down,0.8291742928572603,12.723823707142856
2012-02-27,Down,7.383647639285755,37.40017136071447
2012-02-28,Up,23.104284392857153,5.180233607142782
2012-02-29,Up,5.413833371428609,31.120334628571527
2012-03-01,Up,10.11213661071406,14.636816389285741
2012-03-02,Up,6.779655742857358,13.549841257142361
2012-03-05,Down,35.42509457857159,8.7694634214281
2012-03-06,Up,0.7607775821429641,22.51502341785681
2012-03-07,Up,11.462175210714577,6.510278789285621
2012-03-08,Down,1.2027241607142969,29.438836839285614
2012-03-09,Up,9.572654164286178,6.048675835713766
2012-03-12,Up,1.2882119000000785,17.28053809999983
2012-03-13,Down,2.010199207142705,43.38007879285715
2012-03-14,Up,15.220838775000175,16.02182022499983
2012-03-15,Down,10.602693739285769,11.79770326071457
2012-03-16,Down,9.607884417856894,6.0134445821431655
2012-03-19,Down,2.2065194571428037,30.509849542856955
2012-03-20,Down,3.8832592714284146,30.60156272857148
2012-03-21,Up,11.54008900000008,10.27082399999972
2012-03-22,Up,15.551581442856786,5.66984755714293
2012-03-23,Down,18.9873494571425,3.7077895428574266
2012-03-26,Up,29.35050166428573,2.4816413357143574
2012-03-27,Up,11.571036732143057,5.524003267857097
2012-03-28,Up,6.937155585714208,40.22157541428578
2012-03-29,Up,9.88122838214258,24.898335617857356
2012-03-30,Down,28.539452600000004,0.9347533999998632
2012-04-02,Up,37.17960576785663,7.326446232143098
2012-04-03,Up,4.915876310714339,28.684718689285546
2012-04-04,Down,33.78480856071428,7.184338439285966
2012-04-05,Up,23.638313124999968,3.477956875000018
2012-04-09,Up,22.688823739285453,11.795998260714441
2012-04-10,Up,4.73797828928582,68.06331171071406
2012-04-11,Down,14.212883821428477,15.261322178571845
2012-04-12,Up,27.771018832142545,5.240093167857594
2012-04-13,Down,32.19530677142848,6.415903228571551
2012-04-16,Down,54.868340121428446,4.669556878571711
2012-04-17,Up,53.52937022499964,2.1768807749999723
2012-04-18,Up,12.425483928571339,16.45923907142833
2012-04-19,Up,30.731070428571456,44.133413571428264
2012-04-20,Down,22.387765442857017,22.707770557142794
2012-04-23,Down,20.93931804285694,12.366534957142903
2012-04-24,Up,4.456921278570917,31.796352721428775
2012-04-25,Up,12.161268639285936,6.112739360713931
2012-04-26,Up,19.194024278571305,11.459150721429069
2012-04-27,Down,8.972790799999984,23.74357820000023
2012-04-30,Down,6.5138003785718865,6.749592621428292
2012-05-01,Up,37.58382386428593,4.564291135714029
2012-05-02,Up,22.039338260713976,12.740225739285961
2012-05-03,Down,36.55749008214252,8.832787917857331
2012-05-04,Down,41.352311842857034,4.627450157142903
2012-05-07,Up,28.6984031392858,2.24951386071416
2012-05-08,Up,11.758102732143016,48.66402026785727
2012-05-09,Up,35.02483161785722,21.565645382142975
2012-05-10,Down,23.725683550000213,3.3905864499997733
2012-05-11,Up,35.83537215000024,3.0705808499997147
2012-05-14,Up,14.116039710714631,15.06342428928565
2012-05-15,Down,17.300307003571106,31.921617996428722
2012-05-16,Down,30.56054105357134,16.00870494642868
2012-05-17,Down,50.54300099285729,4.573765007142356
2012-05-18,Down,41.63231665714284,15.252902342856942
2012-05-21,Up,69.02227559285711,11.442308407142718
2012-05-22,Down,24.023583285714267,22.250920714285712
2012-05-23,Down,17.121356214285697,47.42715678571449
2012-05-24,Down,37.63645603214309,7.164337967857136
2012-05-25,Down,6.763277257142818,11.805472742857091
2012-05-28,Up,0.9337006428568202,8.20330335714334
2012-05-29,Down,7.850665889285665,33.70796511071421
2012-05-30,Down,9.149636021428705,20.619312978571543
2012-05-31,Down,24.43516966071411,14.765524339286003
2012-06-01,Up,8.892789442857065,36.49748855714279
2012-06-04,Up,10.200180646428635,33.71638735357101
2012-06-05,Up,19.866667585714367,9.01805441428587
2012-06-06,Up,38.523840196428864,3.9190168035711395
2012-06-07,Down,36.169062157142434,5.684311842857369
2012-06-08,Down,0.12885414999982459,47.44210084999986
2012-06-11,Down,64.38825028928568,3.274784710714357
2012-06-12,Up,16.767525492857203,26.962296507142582
2012-06-13,Up,14.86213128214331,30.93599271785706
2012-06-14,Down,8.15665002500009,31.732038974999796
2012-06-15,Up,24.6956976499996,4.260536350000166
2012-06-18,Up,39.93283952142838,2.3196234785714296
2012-06-19,Up,22.10202490357142,3.308547096428356
2012-06-20,Down,17.354247014285647,18.9887799857147
2012-06-21,Down,68.83800523571426,4.438992764286013
2012-06-22,Up,17.967248146428574,14.53464585357142
2012-06-25,Down,34.08905570714296,3.1403872928572127
2012-06-26,Up,9.558606289285763,21.76140171071438
2012-06-27,Up,13.008293807143218,10.924920192856916
2012-06-28,Down,36.17418700714279,8.146578992857485
2012-06-29,Up,28.012834392857258,0.9433986071426261
2012-07-02,Down,9.595445553571608,14.928711446428224
2012-07-03,Up,18.430051150000054,3.1393878500002756
2012-07-04,Up,0.5234065964286856,1.8403674035716904
2012-07-05,Down,7.2992074964286076,29.63476350357132
2012-07-06,Down,41.31645072142828,2.7088432785717487
2012-07-09,Up,3.70605995714277,24.65923004285696
2012-07-10,Up,1.5575582428573398,65.81000575714233
2012-07-11,Down,30.772329489285767,15.616738510714185
2012-07-12,Down,26.072217917857415,13.81647108214247
2012-07-13,Up,39.11518539642839,7.864825603571717
2012-07-16,Down,7.639000232143189,19.839874767857054
2012-07-17,Down,38.70469122857094,15.66211477142906
2012-07-18,Up,50.60376094285721,1.6947420571427756
2012-07-19,Up,15.801408328571597,12.85935367142838
2012-07-20,Down,32.90711295000028,4.026858049999646
2012-07-23,Down,17.238667139285553,39.196440860714574
2012-07-24,Down,41.523281185714495,4.274842814285421
2012-07-25,Up,13.859736785714176,23.96065021428558
2012-07-26,Up,6.918260407142952,30.31118259285722
2012-07-27,Up,48.44998288571469,3.5530481142855024
2012-07-30,Up,5.275226635714262,29.590442364285536
2012-07-31,Up,4.14610222500005,17.423336774999825
2012-08-01,Down,35.18857735000029,2.9272816499997134
2012-08-02,Down,1.1101300285713478,53.552147971428894
2012-08-03,Down,1.361280260714011,32.61797273928596
2012-08-06,Up,12.943773089285969,5.375475910714158
2012-08-07,Up,17.57846031071449,4.28645068928563
2012-08-08,Up,5.711047289285489,13.494617710714465
2012-08-09,Up,5.58969257857143,14.797859421428711
2012-08-10,Down,0.5877774642854092,21.277133535714256
2012-08-13,Down,8.620388332143193,15.903768667857094
2012-08-14,Down,13.38064982142896,12.916337178571212
2012-08-15,Up,8.912694885714245,5.860893114285773
2012-08-16,Up,27.73213637500021,0.9286256249997678
2012-08-17,Down,2.2086514857141992,11.383050514285515
2012-08-20,Down,6.500379167856863,13.887172832142824
2012-08-21,Up,6.849668239286075,41.60770176071401
2012-08-22,Up,23.05946124285674,13.283565757143151
2012-08-23,Down,15.900602614285617,15.123933385714281
2012-08-24,Down,0.2838648785714213,40.78671112142865
2012-08-27,Down,12.633529264285698,8.049494735714234
2012-08-28,Down,6.354753082142906,16.6920449178574
2012-08-29,Up,3.6543530857147744,19.096973914285627
2012-08-30,Down,19.911631617856983,5.498940382142791
2012-08-31,Up,7.356191249999938,39.91929174999996
2012-09-03,Up,0.06226003928577484,2.8924579607141823
2012-09-04,Down,25.479163571428217,19.13707342857151
2012-09-05,Down,4.593531360714223,20.521569639285644
2012-09-06,Up,49.952669260714174,5.005080739285859
2012-09-07,Down,0.6204905392855835,14.153098460714318
2012-09-10,Up,0.8906363892856461,42.839185610714594
2012-09-11,Up,7.673824314285412,16.259388685714384
2012-09-12,Up,0.39783121785694675,28.262929782143146
2012-09-13,Up,50.208040746428196,7.113482253571874
2012-09-14,Up,23.107315075000315,1.1769899249998161
2012-09-17,Down,5.418383121428633,7.908368878571309
2012-09-18,Up,7.2835622928573684,3.673989707142482
2012-09-19,Down,4.951878146428953,20.517025853570885
2012-09-20,Down,3.606631225000001,20.677673774999676
2012-09-21,Down,13.030443239285432,3.553959760714406
2012-09-24,Down,1.2123663000002125,20.110437700000148
2012-09-25,Down,48.41329183928565,12.593619160714297
2012-09-26,Down,33.803942949999964,5.5840150499998344
2012-09-27,Up,40.842020192857035,2.988187807142822
2012-09-28,Up,3.5180931250001777,26.096912874999816
2012-10-01,Up,15.212683875000039,37.79817612499983
2012-10-02,Up,3.37344504642806,38.38371195357195
2012-10-03,Down,7.9810248321427935,23.707031167857167
2012-10-04,Down,5.366910135714534,20.990444864285564
2012-10-05,Down,36.936258075000296,11.632350924999628
2012-10-08,Down,13.770977928571483,12.29022707142849
2012-10-09,Down,45.536244421428364,6.290015578571456
2012-10-10,Down,15.473840289285818,15.918064710714134
2012-10-11,Down,30.76576006428604,8.029897935713961
2012-10-12,Up,9.561416032142915,15.315188967857466
2012-10-15,Down,12.649838471428666,21.99971852857152
2012-10-16,Up,37.52855788214265,1.859399117857265
2012-10-17,Up,19.727824514285658,2.187279485714498
2012-10-18,Down,33.875335128571805,16.470173871428415
2012-10-19,Down,72.46791781071397,1.865746189285801
2012-10-22,Up,18.20370963928599,11.70744636071413
2012-10-23,Down,7.230292449999979,29.788464549999844
2012-10-24,Down,26.29600934642849,5.98434665357172
2012-10-25,Down,24.36680361071467,8.802002389285462
2012-10-26,Up,14.830771546428423,31.96093745357166
2012-10-31,Down,22.752785089286135,8.93527091071428
2012-11-01,Up,26.740234271428562,1.3940207285713768
2012-11-02,Down,45.17663336428541,2.2073756357144703
2012-11-05,Up,18.253420285714583,14.026935714285628
2012-11-06,Down,4.149274557143144,30.500282442857042
2012-11-07,Down,47.5564110964292,10.488999903570857
2012-11-08,Down,44.64779391785714,5.993866082143086
2012-11-09,Up,36.001269639285965,9.605838360714188
2012-11-12,Down,17.455930535714288,9.19757446428548
2012-11-13,Up,24.206037221428687,7.482018778571728
2012-11-14,Down,46.43632942500017,7.166830574999949
2012-11-15,Up,1.545268828571352,31.919688171428334
2012-11-16,Down,29.306163324999943,26.666196675000265
2012-11-19,Up,32.88005917499959,5.323297825000282
2012-11-20,Down,19.780708003571362,14.27654799642869
2012-11-21,Up,0.15759452142810915,19.98060947857175
2012-11-23,Up,21.903469132142618,1.7885348678573791
2012-11-26,Up,12.37907259642816,18.124383403571755
2012-11-27,Up,4.774362689285681,21.582992310714417
2012-11-28,Down,13.61761438571466,50.35079761428551
2012-11-29,Up,8.592582492857218,17.76477250714288
2012-11-30,Down,8.874982725000336,8.597871274999761
2012-12-03,Down,26.08658912857163,5.009166871428533
2012-12-04,Down,17.208433210714247,9.445071789285976
2012-12-05,Down,41.92109812857143,5.759060871428574
2012-12-06,Down,3.066210075000072,43.72549792500013
2012-12-07,Down,39.59103220357156,2.758425796428128
2012-12-10,Up,28.540403521428743,5.220702478571184
2012-12-11,Up,30.8302786071431,7.669228392856894
2012-12-12,Down,24.85756563928544,5.349739360714466
2012-12-13,Up,15.735086917857188,39.64497308214277
2012-12-14,Down,13.319433300000128,15.714225699999588
2012-12-17,Up,28.830723332142952,8.794528667856866
2012-12-18,Up,33.142285171428284,1.2240878285715553
2012-12-19,Down,15.483763142857242,8.809706857142828
2012-12-20,Down,15.515368757142824,6.111745242857069
2012-12-21,Down,7.793406567857346,24.79539443214253
2012-12-26,Down,31.53005173571455,1.9475352642857615
2012-12-27,Down,39.18391750714272,9.995546492857102
2012-12-28,Up,17.200042835714157,15.6850211642859
2012-12-31,Up,70.76926327857154,2.703671721428691
2013-01-02,Up,12.955714842857105,17.855515157143145
2013-01-03,Down,17.595136307143093,15.586188692856922
2013-01-04,Down,12.262289175000205,7.2909918249997645
2013-01-07,Down,1.8759718071428324,22.121236192857396
2013-01-08,Up,0.6803438607139469,30.427148139286146
2013-01-09,Up,8.760885696428886,7.533514303571337
2013-01-10,Down,24.493446792856957,6.317784207142722
2013-01-11,Up,0.45179951428553977,13.472506485714348
2013-01-14,Up,5.044916507142716,17.767244492857117
2013-01-15,Down,8.363048703571621,10.597708296428664
2013-01-16,Down,0.5618394499997521,25.212939550000556
2013-01-17,Up,8.38844258928566,12.053624410714292
2013-01-18,Up,0.5004707749999397,17.571501225000247
2013-01-21,Up,4.420649678570953,0.3195403214290309
2013-01-22,Down,15.439473375000034,5.298854625000331
2013-01-23,Down,0.621091660714228,15.673308339285995
2013-01-24,Up,24.46276319642857,10.496132803571072
2013-01-25,Down,2.4060693607148096,19.51730663928538
2013-01-28,Up,13.272530342857408,8.947107657142624
2013-01-29,Down,16.594895014285612,16.882691985714246
2013-01-30,Down,15.260658021428299,14.958048978571696
2013-01-31,Up,12.648263996428796,13.719039003571197
2013-02-01,Down,8.962978417856903,25.995917582143193
2013-02-04,Up,5.376095082142456,43.210845917857114
2013-02-05,Down,1.525748332142939,50.023810667857106
2013-02-06,Up,10.417835796428335,14.171896203571578
2013-02-07,Down,32.48722555357108,6.026812446428721
2013-02-08,Up,19.23903187857104,4.165653121428932
2013-02-11,Down,6.156955614285835,7.471088385714211
2013-02-12,Up,0.18939532142803728,18.47509967857195
2013-02-13,Down,3.1668272500000967,19.349071749999894
2013-02-14,Up,14.927364464285802,5.218440535714308
2013-02-15,Up,1.7066796499998418,24.956885349999993
2013-02-19,Up,13.253483928571313,4.522225071428693
2013-02-20,Down,44.654064692857446,3.9328763071425783
2013-02-21,Down,31.123363200000313,7.0944128000001
2013-02-22,Up,8.505888710714316,17.565152289285834
2013-02-25,Up,4.978256571428574,66.4208444285714
2013-02-26,Down,16.836136292856736,17.826497707143062
2013-02-27,Up,46.691923385713835,6.931468614286132
2013-02-28,Up,18.60841707142845,1.8336489285716198
2013-03-01,Down,10.71727103214289,36.38835996785747
2013-03-04,Up,18.43065997857093,11.491785021428768
2013-03-05,Up,27.124887707142534,0.4274632928572828
2013-03-06,Down,16.454170474999955,3.6916335249998156
2013-03-07,Up,4.288390071428694,12.006010928571413
2013-03-08,Down,14.178627157142728,4.217521842856968
2013-03-11,Down,3.5169958678575313,20.813394132142548
2013-03-12,Up,0.3194272142859518,26.087947785714277
2013-03-13,Down,13.834534892856936,11.089280107143168
2013-03-14,Up,0.7423738464285634,13.499806153571171
2013-03-15,Down,15.101700403571158,2.9977365964286946
2013-03-18,Down,3.305991778571297,41.200820221428785
2013-03-19,Up,2.7575697821430367,50.353892217857265
2013-03-20,Up,1.100229403571575,21.74660059642838
2013-03-21,Up,2.5101114714288997,20.930142528571196
2013-03-22,Up,16.913656403571622,2.9660525964281987
2013-03-25,Down,34.94573400357149,11.934773996428703
2013-03-26,Up,1.4450566249997792,12.20369937500027
2013-03-27,Down,0.5704203392856471,34.44160466071435
2013-03-28,Down,1.5852904678567938,17.70099453214334
2013-04-01,Down,28.356136689285904,5.765752310714106
2013-04-02,Up,16.64448814285697,4.422069857143015
2013-04-03,Down,36.08124747142847,3.084746528571486
2013-04-04,Down,11.521966303571844,14.885408696428385
2013-04-05,Down,1.2620861750001495,32.85980282499986
2013-04-08,Down,3.2829077357137066,20.157346264285934
2013-04-09,Down,10.926422846428522,32.690253153571575
2013-04-10,Up,53.7546906964285,5.88443630357142
2013-04-11,Up,8.298401210714474,7.130626789285543
2013-04-12,Up,0.7333029285714474,27.45434507142818
2013-04-15,Down,52.762825835714466,9.546711164285625
2013-04-16,Down,2.1193717357141395,33.1893652642857
2013-04-17,Down,47.731435839285496,8.940570160714287
2013-04-18,Down,63.210269928571506,3.846660071428232
2013-04-19,Up,37.17484347499976,8.81552852499999
2013-04-22,Up,26.350150860714166,20.827069139285868
2013-04-23,Up,16.7917847178569,25.638042282143033
2013-04-24,Up,11.49971219642839,14.9076618035715
2013-04-25,Up,12.740604189285932,8.919376810714311
2013-04-26,Down,8.978719935714253,15.35167106428571
2013-04-29,Up,26.002574967857072,0.9982240321428435
2013-04-30,Down,4.247221232142692,30.17137976785716
2013-05-01,Down,15.332596585714327,7.217521414285784
2013-05-02,Up,37.168486392857176,2.590932607142804
2013-05-03,Up,12.047569796428888,2.194610203571301
2013-05-06,Up,4.743154264285749,10.389161735714424
2013-05-07,Down,12.264805571428496,6.131343428571199
2013-05-08,Up,15.605994799999735,3.6802902000003996
2013-05-09,Up,21.464999253571477,9.096343746428374
2013-05-10,Up,11.561173621428225,9.20867137857158
2013-05-13,Up,13.914736646428537,8.932093353571418
2013-05-14,Up,24.700220953571716,5.564411046428631
2013-05-15,Up,12.420579853571326,13.690083146428606
2013-05-16,Up,11.134120449999955,15.86667854999996
2013-05-17,Up,10.534338335713983,15.873036664285792
2013-05-20,Up,11.305789589285723,14.804873410714208
2013-05-21,Up,12.903795678571441,18.844396321428576
2013-05-22,Down,49.07723721071443,33.705432789285624
2013-05-23,Down,0.6760791249998874,41.753747875000045
2013-05-24,Up,15.811574182142976,15.639905817857198
2013-05-27,Up,2.4764860785717246,2.2709069214283772
2013-05-28,Down,23.539865021428795,19.186673978571434
2013-05-29,Down,17.114988492857265,16.41347650714306
2013-05-30,Up,28.954859957142617,4.573605042857253
2013-05-31,Up,20.641623464285203,17.93094653571461
2013-06-03,Down,35.82268494285745,8.684126057142748
2013-06-04,Up,8.678828339285246,45.916193660714725
2013-06-05,Down,30.665193464285494,20.07257153571436
2013-06-06,Up,5.155372189285572,39.64815081071447
2013-06-07,Down,3.2066091178571696,43.37718688214318
2013-06-10,Down,5.792244164285876,18.538145835714204
2013-06-11,Down,3.7025429357145185,37.83714706428509
2013-06-12,Down,60.165790957143145,4.517442042857056
2013-06-13,Down,2.738227999999708,63.72527700000046
2013-06-14,Down,20.18742452142851,3.0030584785713472
2013-06-17,Up,18.883090546428775,21.25428245357125
2013-06-18,Up,25.286026814285833,3.2561061857140885
2013-06-19,Down,36.86136713928545,9.22228386071447
2013-06-20,Up,2.042660703571528,64.85296129642848
2013-06-21,Up,0.11847710357142205,53.99264789642848
2013-06-24,Down,25.283874807142638,29.421878192857093
2013-06-25,Down,21.031099235714464,14.051937764285412
2013-06-26,Down,2.6314998392858797,17.28853016071389
2013-06-27,Up,10.910569825000039,12.874540174999765
2013-06-28,Up,29.843875046428366,15.050519953571438
2013-07-01,Up,18.715126099999907,14.286713899999995
2013-07-02,Up,15.57532203571418,24.8593659642861
2013-07-03,Up,34.93315515357108,4.312276846428631
2013-07-05,Down,20.857630364285797,14.522721635714333
2013-07-08,Down,19.444326996429027,9.98974700357121
2013-07-09,Down,8.178255067857208,21.25581893214303
2013-07-10,Up,23.89660203928588,2.5643319607142985
2013-07-11,Up,26.433327367857146,7.75776863214287
2013-07-12,Down,2.1204849857144836,23.15119501428535
2013-07-15,Down,1.9304172214287973,14.124532778571393
2013-07-16,Down,10.033281396428265,3.9404706035716117
2013-07-17,Down,6.259518107142867,13.065883892857073
2013-07-18,Down,8.234532450000188,16.44251854999993
2013-07-19,Down,11.166259878571509,6.672573121428286
2013-07-22,Up,0.0042476678572711535,19.9157823321425
2013-07-23,Down,31.144690574999913,2.4517774249998183
2013-07-24,Down,27.17979793214272,1.6596480678572334
2013-07-25,Down,15.641895039285828,13.197550960714125
2013-07-26,Up,27.102283839285974,10.953892160714076
2013-07-29,Up,11.261825685714484,14.604482314285633
2013-07-30,Up,16.66762827499997,12.469131724999897
2013-07-31,Up,16.571001139285727,11.673816860713941
2013-08-01,Up,12.692117157143002,9.011795842856827
2013-08-02,Down,3.897996857142516,24.941449142857437
2013-08-05,Up,4.637034589285577,9.93134541071413
2013-08-06,Down,28.17898418928553,0.6604618107144233
2013-08-07,Up,5.427039414285446,28.76405558571423
2013-08-08,Down,21.340765199999623,11.958388800000193
2013-08-09,Up,6.651335982142882,26.350505017856904
2013-08-12,Up,24.944633721428545,3.002870278571663
2013-08-13,Up,19.311598257143032,32.123701742857065
2013-08-14,Up,0.39287842142812224,23.094917578571767
2013-08-15,Down,27.761682957142966,5.5374710428568505
2013-08-16,Down,4.108240660714273,21.46075233928559
2013-08-19,Up,25.217526671428914,12.541336328571106
2013-08-20,Up,20.320341421428566,5.843279578571128
2013-08-21,Up,24.38398574285702,21.996979257143266
2013-08-22,Up,17.18792711785727,8.678379882142963
2013-08-23,Down,9.426974021428578,8.114544978571303
2013-08-26,Up,21.38430109642877,14.293364903571273
2013-08-27,Up,10.425098657142371,48.14573534285728
2013-08-28,Up,25.925769628571288,8.265325371428844
2013-08-29,Up,38.40339611785748,1.4366628821426275
2013-08-30,Down,32.8319462321424,2.5484047678573916
2013-09-03,Up,9.679690296428362,34.3227627035717
2013-09-04,Down,3.3405341250004312,41.25654687499946
2013-09-05,Up,7.803427621428455,7.656893378571567
2013-09-06,Down,44.772283807142685,19.1501991928576
2013-09-09,Up,28.545317496428197,5.943092503571734
2013-09-10,Down,9.373881728571632,9.654206271428393
2013-09-11,Up,12.867320142857352,11.809731857142651
2013-09-12,Down,3.345843164285725,16.27687283571413
2013-09-13,Down,16.355614489285927,7.478208510714012
2013-09-16,Down,43.878640689285476,1.7035463107145006
2013-09-17,Up,17.258418064285706,1.8086399357143819
2013-09-18,Down,1.7146113142857757,53.699027685714555
2013-09-19,Up,1.098437792857112,14.393547207143001
2013-09-20,Down,18.737577178570973,9.565087821428733
2013-09-23,Down,36.73654607499975,1.9934159250001358
2013-09-24,Down,14.663757267857363,18.703594732142847
2013-09-25,Down,17.6087285607141,11.8856274392856
2013-09-26,Up,18.361688421428425,7.259670578571331
2013-09-27,Down,1.6436262249999345,28.744497775000127
2013-09-30,Down,8.080783124999925,45.54531987500013
2013-10-01,Up,35.16670997857136,4.15909802142869
2013-10-02,Up,24.915287575000093,9.643756424999992
2013-10-03,Up,2.693009339285709,67.31884666071392
2013-10-04,Up,33.194982817856726,9.11005318214302
2013-10-07,Up,25.070202853571118,5.019999146428745
2013-10-08,Down,69.77777303571429,7.086306964285541
2013-10-09,Down,44.151093196428064,2.6227848035719035
2013-10-10,Up,41.554909407142986,1.643894592857123
2013-10-11,Up,34.92612712857135,2.612144871428427
2013-10-14,Up,42.76894524285717,4.00493375714268
2013-10-15,Down,7.503397407142529,27.651491592857383
2013-10-16,Up,20.55135283928621,10.134695160713818
2013-10-17,Up,33.84615678928594,7.565111210714349
2013-10-18,Down,1.6524068321427876,39.163015167856884
2013-10-21,Up,2.026939549999952,20.615192449999995
2013-10-22,Up,5.540299757142748,41.23357824285722
2013-10-23,Down,15.554761685714311,6.491525314285809
2013-10-24,Up,15.854812492857036,7.085242507142993
2013-10-25,Down,20.567311978571524,16.97095902142837
2013-10-28,Down,8.349285946428608,16.080383053571495
2013-10-29,Down,16.01015772499977,7.525743274999968
2013-10-30,Down,30.38918825000019,8.936619749999863
2013-10-31,Up,19.271347932142817,20.352383067857318
2013-11-01,Down,24.312627503571548,2.7983464964286213
2013-11-04,Down,14.851450974999807,1.8322250249998433
2013-11-05,Down,5.4328350464284085,35.97843295357143
2013-11-06,Down,23.993424882143245,9.076005117856766
2013-11-07,Up,1.702416160714165,84.09934783928566
2013-11-08,Up,32.28419040000017,16.873069600000235
2013-11-11,Down,5.642444435713969,18.19137856428597
2013-11-12,Up,18.698910739285566,4.241144260714464
2013-11-13,Up,63.841662207143145,2.893042792857159
2013-11-14,Down,0.9682493142854582,33.59079468571463
2013-11-15,Down,4.575242603571496,12.108433396428154
2013-11-18,Up,1.7779603178569232,52.44398668214308
2013-11-19,Up,11.92755172499983,23.525260275000164
2013-11-20,Up,7.85558565714291,39.81206034285697
2013-11-21,Up,22.665539853571318,5.041279146428678
2013-11-22,Up,9.368608085714186,6.421299914285555
2013-11-25,Down,8.151380849999896,10.319832149999911
2013-11-26,Down,2.717480971428813,36.90625002857087
2013-11-27,Up,14.862091317857448,0.9278166821422928
2013-11-29,Up,8.778082303570955,5.22428869642863
2013-12-02,Up,0.4873167750001812,27.81534822499998
2013-12-03,Up,5.532851603571544,21.280199396428543
2013-12-04,Up,29.954008099999555,18.60740689999966
2013-12-05,Down,15.50368969642841,9.223902303571776
2013-12-06,Down,20.177884817857375,9.316471182142777
2013-12-09,Down,1.8535061785714788,13.936401821428262
2013-12-10,Up,7.641719378570997,8.446110621428488
2013-12-11,Up,1.9833151857137636,63.559698814286094
2013-12-12,Up,4.213478760714679,21.407881239285416
2013-12-13,Down,27.180394578570485,0.5664174214289233
2013-12-16,Up,22.5545473214288,7.280734678571207
2013-12-17,Down,12.045521875000304,15.104584124999747
2013-12-18,Down,56.547553042857544,53.246282957142284
2013-12-19,Down,17.35116101785752,7.113769982142912
2013-12-20,Up,39.487579353571164,3.1768726464288193
2013-12-23,Down,5.225569117857049,15.360774882143232
2013-12-24,Down,0.9427264214282332,13.079855578572278
2013-12-26,Down,1.9094913464277852,15.99167765357197
2013-12-27,Down,14.240623624999898,7.240779374999875
2013-12-30,Down,5.760383435714175,12.439138564285713
2013-12-31,Up,13.247610182143035,4.951911817857763
2014-01-02,Down,21.43176331428549,2.7348146857148095
2014-01-03,Down,26.376963414285456,10.320433585714454
2014-01-06,Down,25.584819228572087,4.8471677714278485
2014-01-07,Up,20.737652578571215,3.1305734214283802
2014-01-08,Down,2.2035488392857587,27.03502716071398
2014-01-09,Down,37.67237082857082,5.887140171429564
2014-01-10,Up,2.547719949999191,38.02826305000053
2014-01-13,Up,9.310739185714738,79.00169481428475
2014-01-14,Up,63.52570869642841,5.3937923035718995
2014-01-15,Up,20.317826339286512,2.953693660713725
2014-01-16,Up,4.448654592857565,12.557456407142126
2014-01-17,Up,5.65804776785717,29.249232232143186
2014-01-21,Up,0.18220872500023688,38.60365727499993
2014-01-22,Down,4.6223377142860045,18.649182285714232
2014-01-23,Down,24.566158057142275,6.760887942857153
2014-01-24,Down,56.60285708571428,2.4710009142854688
2014-01-27,Down,65.6940936642859,10.68422733571424
2014-01-28,Up,16.903818525000133,13.528169474999231
2014-01-29,Down,8.23027578928486,40.10288121071517
2014-01-30,Up,29.883231010714553,14.27298498928576
2014-01-31,Up,46.585661471428466,7.41619852857184
2014-02-03,Up,8.956977732143969,110.0857962678565
2014-02-04,Down,2.888695067857043,35.3004659321432
2014-02-05,Up,7.627177057143854,53.53515094285649
2014-02-06,Up,35.79594473214274,6.570155267857444
2014-02-07,Up,42.74223803928453,23.790439960715048
2014-02-10,Up,17.372658678571497,7.3906253214281605
2014-02-11,Up,39.168397864285,7.374642135714566
2014-02-12,Down,1.2818512214289512,17.812728778571
2014-02-13,Up,57.46381897857191,2.505098021428239
2014-02-14,Down,1.2147222928570045,31.604087707142753
2014-02-18,Up,14.787645067856829,18.627870932143196
2014-02-19,Up,1.6260232392860416,38.65160776071389
2014-02-20,Up,18.14624481071405,26.308325189286734
2014-02-21,Down,13.56120142142845,5.235026578571706
2014-02-24,Up,27.692468546428245,3.634577453572092
2014-02-25,Down,17.49413071071467,16.816443289285417
2014-02-26,Up,6.444421074999809,40.99367692499982
2014-02-27,Up,25.98759602500013,13.096622975000173
2014-02-28,Up,20.788797721428637,47.83235027857154
2014-03-03,Down,23.436679800000093,27.581652200000462
2014-03-04,Up,10.409316292857511,8.088557707142172
2014-03-05,Down,2.2653501857139418,19.514405814285965
2014-03-06,Down,22.458508242856624,8.868536757143374
2014-03-07,Down,51.722657346427695,3.472613653571898
2014-03-10,Up,1.7006105571426815,29.32808244285752
2014-03-11,Down,35.449642567857154,18.25386443214302
2014-03-12,Up,31.731953164286097,24.060022835714335
2014-03-13,Down,92.47125930714355,8.968698692856378
2014-03-14,Up,11.486295349999637,24.985092650000297
2014-03-17,Up,25.38075519999984,2.421203799999603
2014-03-18,Up,45.46597913214282,1.4685118678571598
2014-03-19,Down,46.37248277142862,13.71562322857153
2014-03-20,Up,29.83642071428494,18.891744285714594
2014-03-21,Down,79.67456381785814,0.7418571821426667
2014-03-24,Down,84.8489943464283,0.9484506535718538
2014-03-25,Up,19.019769749999796,53.92300625000007
2014-03-26,Down,63.93373299999985,17.379525000000285
2014-03-27,Down,31.620183232143063,28.168976767857203
2014-03-28,Up,32.875431664286225,26.614782335714153
2014-03-31,Up,16.154040899999927,15.5342141000001
2014-04-01,Up,45.71970537499965,1.8126766250006767
2014-04-02,Down,14.89609276428655,9.318517235713443
2014-04-03,Down,54.82452496071437,16.92246703928504
2014-04-04,Down,144.19116888214285,1.9933271178570067
2014-04-07,Up,25.287612257142428,56.32459174285759
2014-04-08,Up,28.499143482143154,25.90899251785686
2014-04-09,Down,0.49112521071401716,70.35902978928607
2014-04-10,Down,135.5644472142858,4.6411337857143735
2014-04-11,Up,40.75271907857132,33.684785921428556
2014-04-14,Down,29.938354357142998,30.44869764285704
2014-04-15,Up,12.316567310714163,99.78810768928588
2014-04-16,Down,24.024566028570916,28.88884097142909
2014-04-17,Up,24.088625842857255,24.340594157142732
2014-04-21,Up,9.138132850000147,32.11638814999969
2014-04-22,Up,19.427206475000276,2.3958365250000497
2014-04-23,Down,28.799157307143105,6.177501692856822
2014-04-24,Down,64.0213783285717,1.4477516714287049
2014-04-25,Down,41.11892685357179,5.5166181464283
2014-04-28,Down,60.44470556428587,37.01162543571445
2014-04-29,Up,16.628860060714032,32.69719693928619
2014-04-30,Up,22.363280907143235,23.97331809285697
2014-05-01,Up,19.44642483214284,14.334451167856969
2014-05-02,Down,21.550788346428817,12.230086653571561
2014-05-05,Down,0.9737083428572078,58.51650565714317
2014-05-06,Down,41.75525498928528,10.859206010714843
2014-05-07,Down,62.885384535714365,12.747902464286199
2014-05-08,Down,1.2972114178573975,71.94450958214293
2014-05-09,Down,17.894041835714233,32.02990716428576
2014-05-12,Up,37.57001300000047,4.880290999999488
2014-05-13,Up,4.995597825000004,19.816904174999763
2014-05-14,Up,6.909918610714158,29.561468389286347
2014-05-15,Down,51.6984050428573,1.2150019571427038
2014-05-16,Down,20.395576785714184,35.20834221428595
2014-05-19,Up,40.275472485715,3.9685055142854253
2014-05-20,Down,22.499941889285765,24.434548110714786
2014-05-21,Up,27.877763907143162,5.604166092856758
2014-05-22,Up,17.916463185714747,15.86441281428506
2014-05-23,Down,0.9598299357139695,36.707341064285174
2014-05-27,Up,24.429209749999245,6.661153250000098
2014-05-28,Down,8.088618589285034,14.332316410715066
2014-05-29,Down,2.9019091571426543,19.519025842857445
2014-05-30,Down,17.478720500000236,12.714805499999784
2014-06-02,Down,32.63954302499951,2.0381699749996187
2014-06-03,Up,14.828779528571431,8.488992471427991
2014-06-04,Down,1.205392157143251,40.94596584285682
2014-06-05,Up,36.28347899642904,21.114115003570987
2014-06-06,Down,4.576006049999705,10.969175950000135
2014-06-09,Down,12.700926028572212,11.214737971427894
2014-06-10,Up,9.06126030714313,10.370216692856957
2014-06-11,Up,16.24770339999941,9.162689600000704
2014-06-12,Down,42.29762729642789,10.017887703571432
2014-06-13,Down,21.42011716428533,9.426419835714114
2014-06-16,Up,19.207851935714643,15.531937064285557
2014-06-17,Down,2.790088203571031,23.564234796428536
2014-06-18,Down,21.95313871428516,32.25291128571462
2014-06-19,Down,24.674656717857943,4.973957282142692
2014-06-20,Up,2.164875746429061,14.606057253571635
2014-06-23,Down,4.810217735715014,9.864348264285582
2014-06-24,Up,32.95771917499951,23.045216825000352
2014-06-25,Up,42.093218410713234,6.4226945892860385
2014-06-26,Down,31.107584278571267,3.6322047214280246
2014-06-27,Up,22.6124597500002,6.137711250000393
2014-06-30,Up,15.29931780714378,2.3700581928560496
2014-07-01,Up,42.78376303928599,1.2399359607143197
2014-07-02,Up,6.531014935713756,9.640956064286001
2014-07-03,Down,7.06240277500001,23.185172225000315
2014-07-07,Up,0.7754418714284839,22.883553128571293
2014-07-08,Down,61.91126728571362,2.4771357142863053
2014-07-09,Up,22.41935760357228,18.60953239642822
2014-07-10,Down,1.6877893892860811,67.79178961071375
2014-07-11,Up,13.411399071428605,18.93254292857182
2014-07-14,Down,1.6642588571430679,23.791621142857366
2014-07-15,Up,1.2417766999997184,62.84714530000019
2014-07-16,Down,13.952603032142179,11.503276967857346
2014-07-17,Up,11.021968510714032,70.73632848928628
2014-07-18,Up,44.668651957143084,13.131170042856866
2014-07-21,Down,11.277597182143836,18.071535817856784
2014-07-22,Up,8.3073873428566,9.361988657143229
2014-07-23,Down,1.1337488714289066,26.717978128571303
2014-07-24,Down,13.293745067856435,8.268882932143242
2014-07-25,Down,13.011377321427972,18.4341216785715
2014-07-28,Down,30.87434542857136,18.540009571428527
2014-07-29,Down,15.01362170000084,18.528244299999642
2014-07-30,Up,2.802285914285676,32.83594608571457
2014-07-31,Down,58.56884577499932,13.606061225000303
2014-08-01,Up,17.951743310713937,46.43665968928599
2014-08-04,Up,31.162062178570523,26.93724082142944
2014-08-05,Up,6.069836667857089,46.638809332142955
2014-08-06,Up,46.83561027142878,3.1777067285711382
2014-08-07,Up,1.857851328571087,60.134703671428724
2014-08-08,Down,13.323693253571037,37.58806674642892
2014-08-11,Up,17.357059675000528,2.4086823249999725
2014-08-12,Up,5.870895771428877,30.965260228571424
2014-08-13,Up,24.80237026071427,10.236900739285375
2014-08-14,Up,10.177003753571626,5.9949672464290416
2014-08-15,Up,0.20108073928622616,56.400817260713666
2014-08-18,Up,9.108499349999875,4.068662650000078
2014-08-19,Up,9.652912046428355,2.3263259535715406
2014-08-20,Up,4.625911535714295,13.342945464285549
2014-08-21,Up,1.0417655285718865,15.72916647142847
2014-08-22,Down,3.91892219285819,22.135919807142272
2014-08-25,Up,0.932668739285873,25.12217326071368
2014-08-26,Down,6.367179249999936,10.40375374999985
2014-08-27,Down,4.723242378570831,11.448728621428927
2014-08-28,Down,0.12300120714280638,21.43962679285687
2014-08-29,Down,12.895863760713837,12.859497239285702
2014-09-02,Down,13.77291414285719,7.490231857143044
2014-09-03,Down,46.788549178570975,4.722172821429012
2014-09-04,Down,25.020563821428368,28.58652517857172
2014-09-05,Down,22.656803060714083,19.570009939285228
2014-09-08,Up,16.886446946428805,18.452304053571424
2014-09-09,Down,44.07824718214215,24.502888817857638
2014-09-10,Up,31.592030728571444,18.121805271428457
2014-09-11,Up,13.898054567857798,25.33394843214228
2014-09-12,Down,31.772391349999452,3.9290986500000145
2014-09-15,Down,61.535388985714235,3.8673410142855573
2014-09-16,Up,63.36943214285657,4.733410857143099
2014-09-17,Up,24.040696710713746,29.661544289286212
2014-09-18,Up,14.744099578570967,1.4565764214285082
2014-09-19,Down,36.154803042856656,6.446974957142629
2014-09-22,Down,48.32117732499955,4.481025675000637
2014-09-23,Up,18.730955728570734,5.570058271428934
2014-09-24,Up,43.55903896071413,24.243791039285497
2014-09-25,Down,83.26681927499976,1.9367367249997187
2014-09-26,Up,36.71147614642905,16.09072785357148
2014-09-29,Up,46.063694753571326,5.538459246427919
2014-09-30,Down,20.012732207143017,28.589296792857567
2014-10-01,Down,72.82684742499987,4.576383575000364
2014-10-02,Up,6.263941428571343,69.33921457142878
2014-10-03,Down,5.616662871429071,51.08570312857137
2014-10-06,Up,2.836189374999776,50.26602662500045
2014-10-07,Down,34.56894261071466,23.933498389284978
2014-10-08,Down,19.643320214286177,113.56223978571416
2014-10-09,Up,0.713600867857167,93.49033113214318
2014-10-10,Down,77.07107444642861,38.73375955357187
2014-10-13,Up,21.70054809285739,81.20374690714289
2014-10-14,Up,15.232063739285877,56.47092826071457
2014-10-15,Down,51.53357975000017,71.47155424999983
2014-10-16,Up,90.79236077857149,12.711959221428515
2014-10-17,Down,12.698029496427807,59.00496350357207
2014-10-20,Up,58.618160492857896,7.6846065071422345
2014-10-21,Up,48.384518785714135,3.217634214285681
2014-10-22,Down,24.647100642857367,23.954928357142308
2014-10-23,Up,36.352946525000334,4.74876947499979
2014-10-24,Down,0.3814452428578079,48.22058375714278
2014-10-27,Down,2.7761873500003276,39.52557764999892
2014-10-28,Up,30.660208299998885,4.141244700000243
2014-10-29,Down,19.889758603571863,19.11186939642812
2014-10-30,Up,29.35193911785609,26.150377882143403
2014-10-31,Down,15.077773010713827,7.72317898928668
2014-11-03,Up,8.728221764285081,18.27290523571537
2014-11-04,Up,0.08786077500008105,47.31411722499979
2014-11-05,Down,36.420448589286025,7.68139241071367
2014-11-06,Down,7.490669357142906,31.21094564285704
2014-11-07,Down,28.685483067856694,4.315893932142899
2014-11-10,Down,2.5758213250001063,32.82565667500057
2014-11-11,Down,4.703767725000034,22.597372274999543
2014-11-12,Up,25.052117053571237,6.749209946427982
2014-11-13,Up,22.733449082143125,19.86832891785707
2014-11-14,Down,9.650759667856619,22.450580332143545
2014-11-17,Up,4.382325889285312,35.2193271107144
2014-11-18,Up,32.649933749999946,1.5514932500000214
2014-11-19,Down,34.09535162142856,4.306251378571687
2014-11-20,Up,41.26886530714273,6.433125692857175
2014-11-21,Down,45.21938707500067,3.3826409249995777
2014-11-24,Up,21.322318471428844,7.77889652857084
2014-11-25,Up,8.495711128571202,20.305490871428447
2014-11-26,Up,21.601974007143326,7.4992409928563575
2014-11-27,Up,4.846273892856516,11.35440210714296
2014-11-28,Up,15.65851061428566,9.542541385714685
2014-12-01,Up,3.125487432143018,70.37758056785697
2014-12-02,Down,4.711268257142365,30.99022174285801
2014-12-03,Down,23.944214453571476,15.057413546428506
2014-12-04,Up,15.58243648928601,26.719329510713578
2014-12-05,Up,1.7143576607131763,25.5867823392864
2014-12-08,Down,43.83825761785738,29.664810382142605
2014-12-09,Up,71.840141578572,24.763890421428187
2014-12-10,Up,4.678052528571243,90.42591747142887
2014-12-11,Up,62.75940451785755,8.3435634821426
2014-12-12,Up,50.42585987499933,14.44588612500047
2014-12-15,Up,10.114317778571603,101.60924422142853
2014-12-16,Down,33.88524411785784,83.844960882142
2014-12-17,Up,89.67255974285672,8.235723257143036
2014-12-18,Down,3.150889389285112,59.618531610714854
2014-12-19,Down,1.6531185321437079,57.21198446785638
2014-12-22,Up,12.660483907143316,7.16143809285677
2014-12-23,Down,31.939256571428814,4.10060242857071
2014-12-24,Up,5.448441314285446,15.574809685714172
2014-12-26,Up,20.334780210714598,3.091127789285565
2014-12-29,Up,1.8018127071427443,12.614131292857564
2014-12-30,Down,15.814685571428527,1.304247428571216
2014-12-31,Up,10.890263378571944,81.6120406214286
2015-01-02,Up,10.317474371428034,75.87785462857119
2015-01-05,Down,57.54578656785725,17.23692043214305
2015-01-06,Down,86.86893084642816,19.14832015357115
2015-01-07,Down,1.9071092964286436,53.05367570357157
2015-01-08,Up,54.466309221427764,2.2964677785721506
2015-01-09,Down,67.9941276142863,13.095554385714422
2015-01-12,Down,66.54502505714208,4.033031942857633
2015-01-13,Up,44.26681516071494,101.09394883928508
2015-01-14,Up,37.02773670357146,33.249988296428455
2015-01-15,Down,77.16713029999937,9.929194700001062
2015-01-16,Up,57.834319728571245,21.15303727142873
2015-01-19,Down,12.958259857143275,4.461005142857175
2015-01-20,Down,42.139818985714555,37.448202014285926
2015-01-21,Down,3.4141336749999027,78.57654532499964
2015-01-22,Up,65.09484922857155,59.54299577142865
2015-01-23,Down,1.0028945892863703,42.24493641071331
2015-01-26,Down,11.425493871428444,24.61436512857199
2015-01-27,Down,55.53677865000009,16.242606350000642
2015-01-28,Down,93.12013115714217,16.80143884285826
2015-01-29,Down,28.834032385714636,75.08089461428517
2015-01-30,Up,23.61039858928598,51.17230841071432
2015-02-02,Down,63.61249579285686,52.31571620714294
2015-02-03,Up,18.500461292856926,47.87294570714312
2015-02-04,Up,35.77063298214307,26.3981240178573
2015-02-05,Up,22.23637837500064,13.803480624999793
2015-02-06,Down,45.36731760714247,24.91040639285802
2015-02-09,Up,14.521059871429316,21.819131128570916
2015-02-10,Up,44.9629411285714,2.789871871428659
2015-02-11,Up,10.663936092856602,23.87426190714359
2015-02-12,Up,16.7585348285711,1.862059171428882
2015-02-13,Up,15.83930322499964,16.896901774999606
2015-02-16,Down,0.8934878107147597,9.618137189285335
2015-02-17,Down,0.20379756428519613,21.11978543571513
2015-02-18,Up,5.5861786714276604,16.33806932857169
2015-02-19,Up,23.489192292857297,2.639705707142639
2015-02-20,Down,7.667051167856698,51.19805183214339
2015-02-23,Down,3.550354892856376,16.872231107143307
2015-02-24,Down,9.138678578570762,25.39951942142943
2015-02-25,Up,13.687637946428367,24.454546053570994
2015-02-26,Down,7.614493139285514,31.72901986071429
2015-02-27,Down,23.249999732143806,9.486205267856349
2015-03-02,Up,32.34684553214265,2.792016467857138
2015-03-03,Down,36.11386913928527,11.939275860714588
2015-03-04,Down,26.260829342857505,13.683347657142804
2015-03-05,Down,20.834470821429022,17.608046178571385
2015-03-06,Down,61.798704060713135,15.987324939286736
2015-03-09,Down,15.17857239285695,24.465271607143222
2015-03-10,Down,53.498810300000514,7.7689486999997825
2015-03-11,Down,32.20740626785755,14.04374573214227
2015-03-12,Up,36.686645514285374,6.561184485714875
2015-03-13,Down,44.37271839285677,28.107626607143175
2015-03-16,Up,40.23815513928548,10.889058860714613
2015-03-17,Up,22.82538865357128,20.48236934642864
2015-03-18,Down,19.461812217857187,99.03302678214277
2015-03-19,Up,7.799694678571541,17.46316432142885
2015-03-20,Down,0.3352698964281444,28.53656910357222
2015-03-23,Up,4.895244303571417,13.751151696428678
2015-03-24,Down,9.078037732142548,34.53046826785703
2015-03-25,Down,125.49594387142861,5.329576128571716
2015-03-26,Down,7.0886111535719465,64.18874084642812
2015-03-27,Up,23.4598638142852,18.344152185714847
2015-03-30,Up,23.116636292857038,7.860440707143425
2015-03-31,Down,31.80992993928612,20.52027806071419
2015-04-01,Down,52.10859628214257,10.747802717857667
2015-04-02,Down,7.75393660714235,25.929875392857866
2015-04-06,Up,78.76061508214298,3.644424917856668
2015-04-07,Up,27.516323410713994,15.791434589285927
2015-04-08,Up,37.567761992856504,4.837752007143536
2015-04-09,Up,26.978198707141928,28.359492292857794
2015-04-10,Down,1.5177044249994651,34.872841575000166
2015-04-13,Up,17.092171371427867,33.433546628572
2015-04-14,Up,5.29531899642825,50.34312100357238
2015-04-15,Up,22.146891871428124,15.145900128571157
2015-04-16,Up,7.076179050000064,16.68293894999988
2015-04-17,Up,5.633660803571729,65.04219519642811
2015-04-20,Up,53.09819041785704,8.555215582143319
2015-04-21,Down,4.785120214286508,14.162023785713245
2015-04-22,Down,25.69035098571385,32.95557101428585
2015-04-23,Up,53.59335038928566,4.4510756107147245
2015-04-24,Up,13.840867014286232,9.918249985714283
2015-04-27,Down,36.37550963571448,19.26293036428524
2015-04-28,Down,50.45590147142866,21.1221995285714
2015-04-29,Up,21.484171053572027,44.37971094642853
2015-04-30,Up,13.545489825000004,92.31792017499993
2015-05-01,Up,41.023144167857026,11.607811832142943
2015-05-04,Up,15.214643100000103,22.078148900000087
2015-05-05,Up,0.19333861071390857,79.80571538928598
2015-05-06,Up,4.182550453571821,93.25990554642885
2015-05-07,Up,34.50872216785683,16.618492832143602
2015-05-08,Up,10.965498492856568,8.883890507143406
2015-05-11,Down,16.184556510714174,22.61197748928589
2015-05-12,Down,30.047979242857764,46.34209475714306
2015-05-13,Up,16.782830199999808,31.637649799999963
2015-05-14,Down,8.26306053571443,49.48061746428539
2015-05-15,Down,16.853720875000363,7.20614412499981
2015-05-18,Up,32.70530591071474,9.700207089285868
2015-05-19,Down,10.006325782142994,12.249050217857075
2015-05-20,Down,18.78495446785655,43.469947532143124
2015-05-21,Up,34.93943602500076,4.4585939749995305
2015-05-22,Up,10.419855385714982,8.828036614285338
2015-05-25,Up,9.859174560714564,7.2834794392856566
2015-05-26,Down,65.0647510857143,3.8066139142856628
2015-05-27,Down,3.2233777035708044,85.79812529642913
2015-05-28,Up,3.207265192856539,27.769811807143014
2015-05-29,Down,33.74610988571476,11.967635114285258
2015-06-01,Down,47.74916644642872,12.0997495535712
2015-06-02,Down,19.323080096428384,38.420597903571434
2015-06-03,Down,14.071800057143264,20.514256942856264
2015-06-04,Up,27.529212514285064,35.92868348571483
2015-06-05,Up,4.9548284714283,47.976876528571665
2015-06-08,Down,54.44940933214275,13.519711667857337
2015-06-09,Up,14.347843392857612,44.89957660714208
2015-06-10,Up,62.17649329285723,8.198613707143522
2015-06-11,Up,6.302825135713647,28.884727864286106
2015-06-12,Up,2.844503353571781,32.69533364642848
2015-06-15,Down,22.412712753571213,31.198228246428698
2015-06-16,Up,34.91805185714293,12.36800314285665
2015-06-17,Up,14.357483696428972,39.55464330357063
2015-06-18,Up,59.28951101785697,12.994903982143114
2015-06-19,Down,22.23854681071407,2.157443189285914
2015-06-22,Up,7.893630228571965,21.62250677142856
2015-06-23,Down,13.851836964286122,11.74889403571433
2015-06-24,Up,12.820613692857478,34.76662630714236
2015-06-25,Down,32.574107646428274,15.314317353571823
2015-06-26,Down,46.854586403572284,22.11679259642824
2015-06-29,Up,21.304341689286048,78.99028531071417
2015-06-30,Down,26.844116267857316,21.64667873214239
2015-07-01,Down,25.397150878570756,21.286534121429213
2015-07-02,Down,20.031136492857513,5.870779507143197
2015-07-03,Down,4.521002860714361,10.83943613928568
2015-07-06,Down,2.2879313142857427,60.9609326857144
2015-07-07,Down,89.81446254999992,21.32282644999941
2015-07-08,Down,53.98957426785637,17.993655732143452
2015-07-09,Down,61.930103682142544,7.04127631785741
2015-07-10,Down,8.799982924999313,40.89555307500086
2015-07-13,Up,40.626638053571696,7.864156946428011
2015-07-14,Up,31.592162457143786,4.550045542856424
2015-07-15,Up,3.523864757143201,32.91952824285727
2015-07-16,Up,18.805779567856916,1.3736194321436415
2015-07-17,Up,21.504614224999386,6.8067827750001015
2015-07-20,Down,5.477264764285792,39.70049423571345
2015-07-21,Down,8.498796710714487,21.31852428928596
2015-07-22,Up,37.16085805000057,13.137046949999785
2015-07-23,Up,5.048077053571433,53.98419594642928
2015-07-24,Down,79.70109787142883,9.148496128571423
2015-07-27,Down,14.331030942857069,35.966875057143625
2015-07-28,Down,31.525471599999946,45.87909040000068
2015-07-29,Down,10.127347064286369,32.640931935713525
2015-07-30,Down,22.399563271427724,59.522774728571676
2015-07-31,Down,23.54836896785764,13.196209032142178
2015-08-03,Up,5.392288017857936,65.38620198214267
2015-08-04,Down,20.27728494999974,20.382699050000156
2015-08-05,Up,39.757504464286285,6.926181535714022
2015-08-06,Down,109.37643221428607,4.471521785713776
2015-08-07,Down,27.291669285714306,30.83704871428563
2015-08-10,Up,29.222481225000593,11.738687774999562
2015-08-11,Down,61.504141932142375,32.16441306785782
2015-08-12,Down,46.984870460713864,78.60930153928621
2015-08-13,Up,14.967822149999847,38.6431198500004
2015-08-14,Up,16.766327982142684,23.89365601785721
2015-08-17,Down,2.3922699428567284,70.19333105714304
2015-08-18,Down,16.84592596071434,16.284431039285664
2015-08-19,Down,40.283502253571896,40.434094746427945
2015-08-20,Up,5.333126325000194,105.2017916750001
2015-08-21,Down,129.37189360000048,59.169957400000385
2015-08-24,Down,21.49815886428587,325.46703513571447
2015-08-25,Down,157.11426405357088,54.92002094642885
2015-08-26,Up,93.71265688928543,121.3334791107145
2015-08-27,Up,37.97513419642928,83.40244680357137
2015-08-28,Up,22.25865129642807,34.6653257035714
2015-08-31,Down,26.581733728570725,51.42519827142951
2015-09-01,Up,57.055207839285686,75.46622116071467
2015-09-02,Down,35.98731296071492,59.1871680392851
2015-09-03,Up,12.673437424999975,83.10341357499965
2015-09-04,Up,19.26293682142841,43.08237217857095
2015-09-08,Up,23.539764703570654,46.03398529642891
2015-09-09,Down,106.2473339285716,8.504176071428446
2015-09-10,Up,70.71287429642871,27.172271703570914
2015-09-11,Up,23.64489789642903,13.482710103570753
2015-09-14,Down,34.90541058571398,4.637001414285805
2015-09-15,Down,0.5079732285721548,85.82126277142834
2015-09-16,Down,2.3124319357148124,49.605849064285394
2015-09-17,Up,69.7540499678571,31.96955903214257
2015-09-18,Up,52.82394711428606,18.41276488571384
2015-09-21,Up,15.246906939285509,75.30823506071465
2015-09-22,Up,2.9282139964288945,61.06408600357099
2015-09-23,Down,21.077643339286624,29.63323566071358
2015-09-24,Down,30.604006557143293,65.38444444285687
2015-09-25,Down,115.58118592142819,17.836723078571595
2015-09-28,Down,121.9635060821438,19.00066491785674
2015-09-29,Down,57.82169852857169,67.14439847142876
2015-09-30,Up,32.4938351821429,35.42252081785682
2015-10-01,Down,50.87150705000022,27.00591494999935
2015-10-02,Up,137.59853843571454,15.741502564285838
2015-10-05,Up,31.72771927500071,18.077608724999664
2015-10-06,Down,35.41137240714306,14.39395559285731
2015-10-07,Down,51.26391237142889,28.122762628571763
2015-10-08,Down,32.48665766428621,68.0295503357138
2015-10-09,Up,13.768693546428949,22.15151245357083
2015-10-12,Down,1.1804501214282936,30.81569987857165
2015-10-13,Up,36.74598318214339,25.737064817856663
2015-10-14,Up,9.523381710714602,48.130058289285444
2015-10-15,Up,50.56318825000017,23.692028749999736
2015-10-16,Down,10.752344353571061,26.97896464642872
2015-10-19,Up,28.5593666499999,10.379344349999883
2015-10-20,Down,23.889308146428448,23.80306685357118
2015-10-21,Down,49.430170532143165,17.580634467856726
2015-10-22,Down,4.169848067856947,77.02792893214337
2015-10-23,Down,19.116837010714335,39.74400498928571
2015-10-26,Down,9.807984692856735,29.43257730714322
2015-10-27,Up,23.364304217857352,10.141097782142424
2015-10-28,Down,34.12635206428513,47.67512593571428
2015-10-29,Up,15.180922539286257,16.815227460713686
2015-10-30,Down,14.196674285714835,19.91242971428528
2015-11-02,Down,0.6694607571434972,66.03949424285656
2015-11-03,Up,41.131439760713874,5.655384239285922
2015-11-04,Down,29.927396517857233,5.690959482142716
2015-11-05,Up,3.31065259999923,60.379797400000825
2015-11-06,Up,10.114146767857164,48.14299523214322
2015-11-09,Down,63.47699851785819,18.022629482142293
2015-11-10,Down,4.589204628571679,33.142104371428104
2015-11-11,Down,20.43743291071405,39.32896108928526
2015-11-12,Down,20.402936082143242,39.665308917857146
2015-11-13,Down,71.15909265714345,6.114628342857031
2015-11-16,Down,0.5584233678564487,95.73187763214355
2015-11-17,Down,8.234049432142456,45.49533456785775
2015-11-18,Up,76.26252178928553,5.2371062107149555
2015-11-19,Up,15.24991701428553,18.557335985715326
2015-11-20,Up,4.391924792857026,17.34131020714267
2015-11-23,Up,9.67754161785706,54.31475838214283
2015-11-24,Up,33.491388503572125,40.160127496428686
2015-11-25,Down,2.6681428357151162,19.97064316428532
2015-11-26,Down,2.4363647464278984,12.052458253571785
2015-11-27,Down,12.714372739285864,18.67807626071408
2015-11-30,Down,36.98962010000014,4.66574589999982
2015-12-01,Up,22.536372321428644,16.10048867857131
2015-12-02,Up,14.506070478571019,59.145444521428544
2015-12-03,Down,134.78486141785652,11.310768582143282
2015-12-04,Down,1.6709575357144786,135.06730746428548
2015-12-07,Down,46.822398164285914,14.151396835713967
2015-12-08,Up,67.47220600357105,12.820019996429437
2015-12-09,Down,84.4976507035708,43.486950296428404
2015-12-10,Down,5.533565989286217,62.382790010714416
2015-12-11,Up,2.9179373714287067,79.8958686285714
2015-12-14,Down,65.67299778214237,45.55138421785796
2015-12-15,Up,21.358115135714797,33.951835864285385
2015-12-16,Down,47.03731697142848,67.51170602857201
2015-12-17,Down,81.7977572392856,4.945170760714063
2015-12-18,Down,59.24035375714266,32.036177242856866
2015-12-21,Down,24.27901695714263,22.26596904285725
2015-12-22,Down,12.816965999999411,31.91457900000023
2015-12-23,Up,0.5244861321434655,14.285281867856611
2015-12-24,Up,1.9986201892861573,25.20299481071379
2015-12-28,Down,26.750080525000158,23.11954647499988
2015-12-29,Up,53.192943024999295,4.2326889750011105
2015-12-30,Down,32.08465410714234,5.09088689285818
2015-12-31,Down,28.96643417500036,22.716634825000256
2016-01-04,Down,53.49984058571408,12.388516414286642
2016-01-05,Down,48.07453639999949,13.884697600000436
2016-01-06,Up,57.31229238214382,12.202946617856469
2016-01-07,Up,51.19408803571423,72.72438096428596
2016-01-08,Up,15.994981160713905,100.36748383928534
2016-01-11,Down,86.47846863214272,14.16750736785798
2016-01-12,Up,22.579499424999995,77.15975557500042
2016-01-13,Down,196.3568018071428,7.050831192857004
2016-01-14,Down,62.40611862500009,150.9754403750003
2016-01-15,Up,49.11726547499984,71.77880152499984
2016-01-19,Down,93.86068486071417,24.315221139286223
2016-01-20,Down,88.2400960107143,139.04450998928587
2016-01-21,Down,44.4606080249996,81.27130197499991
2016-01-22,Up,23.20448938214213,29.68753961785751
2016-01-25,Up,1.6979418357141185,90.78754916428534
2016-01-26,Down,19.940295575000164,71.33623542500027
2016-01-27,Down,94.77603992857166,46.370118071427896
2016-01-28,Down,71.66006449999986,28.683670500000517
2016-01-29,Up,83.12791979285794,9.357572207142766
2016-02-01,Up,34.46941131785661,25.071901682143107
2016-02-02,Down,82.89476308214216,12.613129917857805
2016-02-03,Down,122.33494581428567,5.21040518571408
2016-02-04,Down,24.780455628570962,75.26104037142886
2016-02-05,Down,158.15472362142827,9.286329378571281
2016-02-08,Down,51.64744673928544,58.6702142607146
2016-02-09,Up,97.693737471428,27.433692528571555
2016-02-10,Down,22.58489719285717,80.47900080714317
2016-02-11,Up,72.29584809642802,34.999410903572425
2016-02-12,Down,24.98338746785703,43.625130532142975
2016-02-16,Up,14.15563484285667,50.52376115714287
2016-02-17,Up,62.06933570000001,3.819021299999804
2016-02-18,Down,59.595284049999464,4.781870949999757
2016-02-19,Up,31.945706610714296,7.043275389285554
2016-02-22,Up,22.91304251785732,10.33337548214331
2016-02-23,Down,38.39745457857134,6.938571421428605
2016-02-24,Down,15.937771742856967,129.74198925714336
2016-02-25,Down,27.197297882143175,48.36274411785689
2016-02-26,Down,36.890571139285385,5.120811860714639
2016-02-29,Up,23.610354100000222,48.62504589999935
2016-03-01,Up,95.90296401785781,5.045251982141963
2016-03-02,Down,14.992191310714588,27.019191689285435
2016-03-03,Down,26.40931377142897,11.975187228571485
2016-03-04,Down,23.561780296429788,45.3489777035702
2016-03-07,Down,26.833530446428085,47.215311553572064
2016-03-08,Up,31.019555403571758,30.032958596428216
2016-03-09,Down,15.510318310713956,28.314506689285736
2016-03-10,Down,85.25763374285634,41.683237257143446
2016-03-11,Down,3.475347292857805,48.00381470714274
2016-03-14,Up,28.40903252499993,9.443292474999907
2016-03-15,Down,2.6635943607143417,37.30846163928618
2016-03-16,Up,59.96004679285761,10.293868207142623
2016-03-17,Up,12.245810460713983,31.96570553928541
2016-03-18,Down,20.920954135714055,21.473650864285446
2016-03-21,Up,24.514971792857068,14.548628207143338
2016-03-22,Up,48.399104739285576,4.594150260714741
2016-03-23,Down,36.61044092142856,9.417987078571969
2016-03-24,Up,21.074581042856153,9.207278957143899
2016-03-28,Down,21.34570575714315,6.816424242857465
2016-03-29,Down,0.06469135357110645,108.34436764642851
2016-03-30,Up,18.116668557143385,27.911759442857146
2016-03-31,Up,8.57899787857059,23.519773121429353
2016-04-01,Down,1.4966127892867007,99.34198221071347
2016-04-04,Down,22.279878460713917,14.96680953928535
2016-04-05,Down,7.315231550000135,30.537093449999702
2016-04-06,Up,72.59751463928569,10.071963360714108
2016-04-07,Down,62.56232232142793,14.656420678572431
2016-04-08,Down,47.86588696428589,22.690847035713887
2016-04-11,Up,16.373834867856203,52.6688061321438
2016-04-12,Down,21.877562514285273,64.12292048571544
2016-04-13,Up,26.840542860713867,10.40614513928631
2016-04-14,Down,3.1038904071419893,31.720248592857388
2016-04-15,Down,13.441901703570693,21.987875296429593
2016-04-18,Up,36.01594644285615,9.10402455714393
2016-04-19,Down,63.95204419642778,4.18214180357154
2016-04-20,Down,7.921951632142736,41.134662367857345
2016-04-21,Down,11.074508957143735,34.348282042856226
2016-04-22,Up,13.508953999999903,66.43515699999989
2016-04-25,Up,7.466640828571144,19.484214171428903
2016-04-26,Down,43.518277253571796,20.073628746427858
2016-04-27,Up,13.380256503571218,43.549640496428765
2016-04-28,Up,21.304369364285776,89.52723863571373
2016-04-29,Up,2.948156124999514,78.20722987499994
2016-05-02,Down,9.21109246785727,56.50054353214273
2016-05-03,Up,12.981184846428732,36.68106615357101
2016-05-04,Up,6.172092128570512,28.652046871428865
2016-05-05,Down,20.48676015714318,22.816299842857006
2016-05-06,Up,41.1411512714285,16.6972017285716
2016-05-09,Up,26.27059542142888,6.4338135785719714
2016-05-10,Up,44.949095574999774,8.044159424999634
2016-05-11,Up,4.613657246429284,52.3162397535707
2016-05-12,Down,65.32986905000053,4.015590949999023
2016-05-13,Up,18.627669860714377,38.907864139286175
2016-05-16,Up,65.39583963214318,5.160894367856599
2016-05-17,Up,1.7552663571423182,91.21004364285818
2016-05-18,Up,42.92669931428554,27.32721568571469
2016-05-19,Up,1.9337130428566525,57.115913957142766
2016-05-20,Up,47.198604985714155,4.280557014285478
2016-05-23,Up,9.294368221428158,25.832588778571335
2016-05-24,Up,73.77418141428552,3.7473805857143816
2016-05-25,Up,23.974581342857164,3.884729657142998
2016-05-26,Down,1.0057901285708795,29.578888871428717
2016-05-27,Up,14.426061774999653,7.074058225000044
2016-05-31,Up,0.9095370607137738,34.82305793928572
2016-06-01,Up,19.354435285713407,2.1456857142866284
2016-06-02,Down,21.40386732142906,29.46965767857091
2016-06-03,Down,42.42813073214256,7.536938267857295
2016-06-06,Up,15.518372135714344,18.094492864285712
2016-06-07,Down,11.061531442856904,13.466775557142682
2016-06-08,Up,3.1936545178577944,28.602298482142942
2016-06-09,Up,10.899306992857419,19.38255400714297
2016-06-10,Down,24.986859860714503,16.499288139285454
2016-06-13,Up,22.00950493214259,29.469657067857042
2016-06-14,Up,24.312006789285988,34.73762021071434
2016-06-15,Down,33.36736542857216,13.872336571428605
2016-06-16,Down,27.822540357143225,55.14975564285669
2016-06-17,Down,58.42560457857053,8.194487421429585
2016-06-20,Up,16.97514511785721,41.46884488214255
2016-06-21,Up,10.338010307143122,20.852305692857044
2016-06-22,Down,13.157468357142534,38.92733064285767
2016-06-23,Down,14.417409632143062,44.026580367856695
2016-06-24,Down,27.114161132142726,94.61891686785748
2016-06-27,Down,78.97833573928528,5.508054260714744
2016-06-28,Up,46.02626517142835,8.481083828571172
2016-06-29,Up,50.38360771785665,4.426559282143899
2016-06-30,Down,5.400986178571657,66.97265982142835
2016-07-01,Up,34.52348393214288,8.173939067856736
2016-07-05,Down,22.840092842857302,13.195320157142305
2016-07-06,Down,1.337809267857665,86.47958573214237
2016-07-07,Up,8.221525132142233,29.630799867857604
2016-07-08,Up,45.44982792142855,7.846246078571312
2016-07-11,Up,19.000786392857663,11.583892607142843
2016-07-13,Down,13.085008142857077,16.89403385714286
2016-07-15,Down,21.65585683928657,5.900636160713475
2016-07-18,Up,33.16404454285748,1.9629134571423492
2016-07-19,Up,5.663789489286501,21.589884510714
2016-07-20,Up,36.18898566428561,5.297162335714347
2016-07-21,Up,1.5043595214283414,41.49588147857139
2016-07-22,Down,9.695603053571176,33.910275946428555
2016-07-25,Down,3.499718196428148,12.246848803571993
2016-07-26,Up,20.63168047857107,29.030570521428672
2016-07-27,Down,25.228033828570915,14.744021171429267
2016-07-28,Up,9.738863032142945,25.993731967856547
2016-07-29,Up,6.939953578571476,26.370092421428126
2016-08-01,Up,32.94233786785753,2.7902571321428695
2016-08-02,Down,65.59483510357131,12.229544896428706
2016-08-03,Up,13.746882700000242,7.450419299999339
2016-08-04,Up,14.657501285713806,22.892004714286486
2016-08-05,Down,1.0036265107146392,45.02480048928555
2016-08-08,Down,19.833536753571934,8.025774246428227
2016-08-09,Up,20.59274645000005,6.0552905499998815
2016-08-10,Down,25.23452258571342,8.983978414285957
2016-08-11,Up,11.034493435714467,18.641729564285015
2016-08-12,Up,7.107584892857631,11.66716810714297
2016-08-15,Up,24.146539017856412,2.8043159821427253
2016-08-16,Down,15.28260599999976,5.309059000000161
2016-08-17,Down,26.001302953571212,17.60457604642943
2016-08-18,Up,7.8938321642854135,17.845748835714403
2016-08-19,Down,11.305949289285309,27.152013710714527
2016-08-22,Down,4.43845583928578,30.08286516071439
2016-08-23,Up,5.3804383821434385,20.359142617856378
2016-08-24,Up,1.4729957428562557,59.69636125714351
2016-08-25,Down,0.2952484857141826,30.895067514285074
2016-08-26,Up,38.833240717857734,34.146041282142505
2016-08-29,Up,15.787663771428925,7.832187228571456
2016-08-30,Up,11.831555867856878,35.10532713214343
2016-08-31,Up,2.9751927107136,27.912304289286112
2016-09-01,Up,12.762722271428174,35.385434728571454
2016-09-02,Down,26.657770835714473,18.462201164285943
2016-09-05,Down,6.802603128570809,6.218595871428988
2016-09-06,Down,5.343667371428637,32.811476628571654
2016-09-07,Up,1.6514426392859605,31.05296636071398
2016-09-08,Down,26.710763482142283,5.388008517857088
2016-09-09,Up,7.742978935714746,92.5683910642856
2016-09-12,Up,132.47601063928505,10.263129360714629
2016-09-13,Up,8.251102589284528,60.23943941071502
2016-09-14,Up,42.29776962500091,8.615553374999763
2016-09-15,Up,86.56417718214288,10.413582817856877
2016-09-16,Down,15.038138107142913,21.025466892857366
2016-09-19,Up,8.080525839285656,61.622238160714005
2016-09-20,Up,2.9649895178563384,30.371115482143068
2016-09-21,Down,23.83981951428541,51.31794348571475
2016-09-22,Up,6.90829415357166,15.820868846428311
2016-09-23,Down,27.13464195357119,8.019796046428382
2016-09-26,Down,12.660254175000773,19.16057282499878
2016-09-27,Up,50.718183328571286,8.680693671428344
2016-09-28,Down,14.480048796428491,18.24994520357177
2016-09-29,Down,48.66855530000066,10.730321699999877
2016-09-30,Up,36.21080296071432,16.823909039286264
2016-10-03,Down,13.175337432143351,18.3424345678568
2016-10-04,Up,6.307883328572643,56.424604671427915
2016-10-05,Up,14.13212692857087,7.384813071428653
2016-10-06,Down,16.227540242857685,26.200229757141642
2016-10-07,Down,39.80417480714277,8.381649192857367
2016-10-10,Up,12.359252753571127,4.914910246428917
2016-10-11,Down,97.36848468571407,2.9428853142862863
2016-10-12,Down,16.626923592856656,21.558069407143194
2016-10-13,Down,24.910079317857708,43.58046368214309
2016-10-14,Up,16.809838739285624,32.588207260713716
2016-10-17,Down,12.531345478571893,19.28948252142891
2016-10-18,Down,10.85479765357104,20.359918346429367
2016-10-19,Up,2.908250007143579,15.881190992856318
2016-10-20,Down,23.361250228571407,23.915407771428363
2016-10-21,Down,10.657812567857036,29.648568432142383
2016-10-24,Up,24.63083580000057,2.341103199999452
2016-10-25,Down,21.41520047142876,11.3147935285715
2016-10-26,Down,10.720588839286393,40.49579116071436
2016-10-27,Down,53.36374320714276,5.429022792856813
2016-10-28,Down,26.95029269999941,41.843305299999884
2016-10-31,Down,17.060942335713662,10.517108664286752
2016-11-01,Down,96.2991316642856,2.800016335714645
2016-11-02,Up,3.436433417857188,66.87244258214287
2016-11-03,Up,7.050369260714433,64.47072873928482
2016-11-04,Down,3.0262256571431863,50.61459734285745
2016-11-07,Up,41.019644292857265,3.8325697071422837
2016-11-08,Down,2.0066603785717234,82.54582462142844
2016-11-09,Up,94.51868060714241,16.702687392858024
2016-11-10,Down,182.13851922499998,3.3314457750002475
2016-11-11,Down,2.388726792856687,58.525428207143705
2016-11-14,Down,73.77669584642808,9.563566153571628
2016-11-15,Up,40.79884674642835,7.386977253571786
2016-11-16,Up,45.92048420714218,4.68978379285727
2016-11-17,Up,27.358335832142984,9.311380167857351
2016-11-18,Down,14.066104128571169,10.784446871428372
2016-11-21,Up,34.42602153928601,13.153691460714072
2016-11-22,Down,0.9968362071431329,19.913992792857243
2016-11-23,Down,14.75339121428624,10.703270785713357
2016-11-28,Up,7.07309946071382,23.838561539286275
2016-11-29,Down,1.7404045071434666,59.173751492857264
2016-11-30,Down,65.92864072142856,15.896343278571294
2016-12-01,Down,99.10239456071395,12.118973439285583
2016-12-02,Down,8.118639914285268,39.1580180857145
2016-12-05,Down,18.595702485713446,46.864285514286166
2016-12-06,Down,14.617016207142115,20.234366792857145
2016-12-07,Down,8.336190964286288,102.2790660357141
2016-12-08,Down,1.784780464285177,33.06660153571465
2016-12-09,Up,16.989507835713994,9.982431164286027
2016-12-12,Down,15.346514089285847,21.929311910714205
2016-12-13,Up,80.01963963571416,3.3206223642864643
2016-12-14,Up,12.095161010714037,44.87927298928571
2016-12-15,Up,28.46448687499924,23.358003125000323
2016-12-16,Up,1.1613515178569287,56.419192482142535
2016-12-19,Up,44.058857553571215,3.520855446428868
2016-12-20,Up,5.222295239285813,16.900755760713764
2016-12-21,Down,8.57646971428494,12.940470285714582
2016-12-22,Down,31.184410514286355,7.000582485713494
2016-12-23,Up,4.417033971428282,17.402962028570983
2016-12-27,Up,45.97784876785772,2.8140872321428105
2016-12-28,Down,57.76562438214296,0.11797561785715516
2016-12-29,Up,5.149778382142358,33.94438061785786
2016-12-30,Down,83.05127749285748,3.3195405071428468
2017-01-03,Up,26.70784833214384,29.66047466785676
2017-01-04,Up,27.916823314285466,9.055947685714273
2017-01-05,Up,31.15302211785638,5.516692882143616
2017-01-06,Down,7.556905424999968,71.23752457499995
2017-01-09,Up,17.88460441785628,10.602612582143593
2017-01-10,Down,4.513362310714001,39.12662968928544
2017-01-11,Up,7.422694599999886,38.94479640000009
2017-01-12,Down,36.61126911428528,21.272331885714266
2017-01-13,Up,18.556737696428172,7.809090303571793
2017-01-17,Down,9.933725885714011,20.371824114286028
2017-01-18,Down,7.846972310714591,17.00357768928552
2017-01-19,Up,15.28157362500042,31.085917375000463
2017-01-20,Up,8.8394790678567,37.52801193214327
2017-01-23,Up,11.936057878570864,35.94671112142896
2017-01-24,Up,31.96910826428575,17.4289377357145
2017-01-25,Up,19.182330846428158,5.062109153571328
2017-01-26,Up,3.64207724285734,19.390139757142606
2017-01-27,Down,13.83664779999981,6.771126199999344
2017-01-30,Down,55.035961689285614,4.362916310714354
2017-01-31,Up,2.2079758392856093,34.158684160714984
2017-02-01,Up,6.610939817856888,35.513775182143036
2017-02-02,Down,11.142701878571643,30.072846121428483
2017-02-03,Up,9.800597950000338,14.443841049999719
2017-02-06,Up,14.611604517855994,9.935890482143805
2017-02-07,Up,16.801180999999815,7.44325900000058
2017-02-08,Down,4.1875776535716795,36.42185934642839
2017-02-09,Up,20.917323089285674,7.872948910714513
2017-02-10,Down,1.5899595714290626,25.381980428571296
2017-02-13,Up,17.86945112142803,3.950544878571236
2017-02-14,Down,13.443758974999582,26.559567025000433
2017-02-15,Up,38.75322208928537,3.9776029107142676
2017-02-16,Up,5.440928092856666,29.10739890714285
2017-02-17,Up,24.530178064285792,3.350927935714026
2017-02-20,Down,1.8681207107138107,18.739653289286252
2017-02-21,Up,17.974438189286047,5.6638908107142925
2017-02-22,Down,4.812088425000184,18.523184574999505
2017-02-23,Down,52.63532817142914,3.732994828570554
2017-02-24,Up,31.62059441785732,8.079676582142383
2017-02-27,Down,5.2688363464276335,25.036713653572406
2017-02-28,Down,30.83589713571382,3.409374864286292
2017-03-01,Down,5.991840182143278,48.55814981785716
2017-03-02,Down,34.024472932143,6.584963067856734
2017-03-03,Up,12.922069578571609,22.535423421428277
2017-03-06,Up,12.084338099999513,24.28232190000108
2017-03-07,Up,24.545330350000768,15.154939649999505
2017-03-08,Up,23.231367789285287,6.771126210714101
2017-03-09,Down,21.218214407143023,23.02788859285647
2017-03-10,Down,23.69158091785721,15.373539082142997
2017-03-13,Up,8.153379382142703,9.713613617856936
2017-03-14,Down,21.14934074285702,7.013885257142647
2017-03-15,Down,14.256891057143548,48.126168942856566
2017-03-16,Down,24.2378028178573,5.1367441821430475
2017-03-17,Down,3.74635874285741,16.84610725714265
2017-03-20,Up,16.601790607142902,15.498230392857295
2017-03-21,Down,121.39440142142848,3.6745485785713754
2017-03-22,Up,40.58693132142798,17.556502678571633
2017-03-23,Down,10.601678024999273,26.040798975001053
2017-03-24,Up,18.449592317857423,39.08818068214259
2017-03-27,Down,8.300791474999642,74.37190452499999
2017-03-28,Up,52.65926962499998,21.534175374999904
2017-03-29,Up,20.329300885714474,12.073550114285354
2017-03-30,Up,9.476428203571231,15.052832796428447
2017-03-31,Up,15.63361915357109,7.381489846428849
2017-04-03,Up,7.659446203570951,55.02644479642822
2017-04-04,Up,22.3067021249999,10.398979875000805
2017-04-05,Up,31.22181218928563,56.29616981071467
2017-04-06,Down,12.604233825000847,23.12975217499934
2017-04-07,Up,10.720195139286261,32.887380860714075
2017-04-10,Up,13.472707178571,32.557511821429216
2017-04-11,Up,3.2154096750009558,77.33747332499934
2017-04-12,Down,23.98092221785737,13.872875782142728
2017-04-13,Up,28.966807657143363,22.211527342857153
2017-04-17,Up,26.78859165357153,9.853885346428797
2017-04-18,Up,23.671602003571934,11.759552996428283
2017-04-19,Up,14.389851028570774,34.97150197142946
2017-04-20,Up,33.65094540357131,19.344372596428002
2017-04-21,Down,14.714311992856892,12.237592007142666
2017-04-24,Down,2.053838996428567,22.77825300357108
2017-04-25,Up,30.195433875000163,1.6017561250000654
2017-04-26,Up,7.262521310713964,25.140329689285863
2017-04-27,Up,12.082932739285752,7.298212260714536
2017-04-28,Down,16.39826494999943,8.130996050000249
2017-05-01,Up,36.7387335892854,8.080163410713794
2017-05-02,Down,8.846972635713428,14.470966364286141
2017-05-03,Down,18.6067637999995,7.739480199999889
2017-05-04,Down,13.39916364642886,19.609349353571815
2017-05-05,Down,18.22389982142886,11.75630817857109
2017-05-08,Down,6.604946889285202,16.107332110714196
2017-05-09,Up,23.00645704999988,6.065259949999927
2017-05-10,Down,16.4090812678578,9.634331732142527
2017-05-11,Down,24.775852175000182,21.557196824999664
2017-05-12,Up,7.046213996429287,12.9405920035706
2017-05-15,Up,17.30134935714341,3.8967776428571597
2017-05-16,Down,12.59774410357113,16.776803896428646
2017-05-17,Up,6.495711539285367,124.62984646071436
2017-05-18,Down,2.667070685713952,89.39336731428557
2017-05-19,Up,26.261883628571923,6.7466283714284145
2017-05-22,Up,38.49515024285665,3.9011037571435736
2017-05-23,Down,22.88316159642818,8.611198403571507
2017-05-24,Down,11.310715367856574,22.303457632143363
2017-05-25,Down,6.781237817856891,59.23578718214321
2017-05-26,Down,0.9766281785714455,22.94697282142897
2017-05-29,Down,1.6114896857152416,4.747948314285168
2017-05-30,Up,10.72452205357149,2.9028449464285586
2017-05-31,Down,52.18308355714271,5.960350442856907
2017-06-01,Up,3.831885657143175,38.86719834285668
2017-06-02,Down,2.790365603571445,67.16345339642885
2017-06-05,Down,1.0501719535714074,21.35927704642836
2017-06-06,Up,13.022788514285821,41.1838514857136
2017-06-07,Up,6.814765260714012,40.426775739285404
2017-06-08,Down,40.58900552142859,6.349704478570857
2017-06-09,Down,273.2055495750001,15.290139425000234
2017-06-12,Down,57.03351604285672,41.55096495714315
2017-06-13,Up,16.41764406785751,47.087695932143106
2017-06-14,Down,103.80173996071426,8.69343403928633
2017-06-15,Down,31.03853216785683,58.17135083214362
2017-06-16,Down,43.16761928928554,13.0799677107143
2017-06-19,Up,44.26945120714208,1.69631879285771
2017-06-20,Down,35.74095696428594,23.83310003571387
2017-06-21,Up,42.098979628571215,18.07989037142852
2017-06-22,Down,14.78815332142949,29.363178678570875
2017-06-23,Down,5.3844916857133285,58.12084831428638
2017-06-26,Up,0.10567656785769941,101.50286743214292
2017-06-27,Down,86.38843002500016,22.477866974999415
2017-06-28,Down,23.410849935714396,96.94688906428564
2017-06-29,Down,140.75612973571424,13.168718264286326
2017-06-30,Down,24.850244114285488,21.720338885714227
2017-07-03,Down,107.67827322142875,11.469841778571208
2017-07-04,Down,42.23753188928549,1.308987110714952
2017-07-05,Up,50.66710985714326,37.03074114285664
2017-07-06,Down,16.674471253571937,46.226055746427846
2017-07-07,Up,53.18464254999981,11.22791645000052
2017-07-10,Up,41.27307044999998,33.118899550000606
2017-07-11,Up,23.34685267142777,41.06570632857256
2017-07-12,Up,16.33750429642805,9.669444703571571
2017-07-13,Up,10.157614135714539,27.643182864286246
2017-07-14,Down,3.734717989285855,51.60564901071393
2017-07-17,Up,6.162610557143125,33.15021944285763
2017-07-18,Down,5.114988121427814,68.06735687857235
2017-07-19,Up,18.57423111785738,15.900095882142523
2017-07-20,Down,28.540682132143047,12.284178867857008
2017-07-21,Up,13.396603014285574,24.10178798571451
2017-07-24,Up,28.1983148285708,2.344730171428637
2017-07-25,Down,4.720780153571468,32.17279884642812
2017-07-26,Up,0.18792336428577983,21.585335635713818
2017-07-27,Down,168.86696377499993,13.786490225000307
2017-07-28,Down,3.2001077321428966,57.28116826785754
2017-07-31,Up,0.9957808892859248,74.00100111071424
2017-08-01,Down,18.42842963928615,11.812209360713496
2017-08-02,Down,81.91000852142952,5.485436478570591
2017-08-03,Down,40.05048606071432,7.729722939285239
2017-08-04,Up,5.438995532142144,40.22436846785786
2017-08-07,Up,22.60811709642894,8.84214690357112
2017-08-08,Down,8.881027360714143,70.04703763928592
2017-08-09,Up,40.859422367857405,28.08923263214274
2017-08-10,Down,110.4398905500002,6.288972449999164
2017-08-11,Up,45.73356481428618,29.565624185714114
2017-08-14,Up,33.18370024642809,8.548380753572019
2017-08-15,Down,15.009076842857212,16.44118715714285
2017-08-16,Down,14.769311785714308,42.687901214285375
2017-08-17,Down,105.92539508214304,2.638495917856744
2017-08-18,Down,24.893445214285748,50.70814978571434
2017-08-21,Up,1.0130614178569886,65.81874858214269
2017-08-22,Up,63.19537402857168,4.543655971428052
2017-08-23,Up,12.433222928571013,18.109822071429335
2017-08-24,Down,65.41590123571405,3.8351607642853196
2017-08-25,Down,36.25636513928566,33.297101860714065
2017-08-28,Down,9.125112564284791,30.49012343571485
2017-08-29,Up,87.58444842500012,8.580781575000401
2017-08-30,Up,74.42328971785719,8.436058282142767
2017-08-31,Up,45.46031931071411,4.436733689285575
2017-09-01,Down,23.029325571427762,7.816125428572377
2017-09-04,Up,6.824664603572273,5.8764033964280316
2017-09-05,Up,4.830941207143951,109.47867079285606
2017-09-06,Up,5.4217151464281415,62.92212785357151
2017-09-07,Down,11.609165217856571,33.75179278214273
2017-09-08,Down,49.8066068285716,8.786544171428432
2017-09-11,Up,27.46079448571436,8.178339514285653
2017-09-12,Down,25.22399490357111,12.831351096428989
2017-09-13,Up,11.402656707143251,19.102025292857434
2017-09-14,Down,9.537720271428043,32.44397072857191
2017-09-15,Down,2.8023851928574004,63.03940380714266
2017-09-18,Up,13.205934499999785,48.40748249999979
2017-09-19,Down,14.121163617857746,21.819996382142563
2017-09-20,Down,65.83483004642858,7.255595953572083
2017-09-21,Down,54.904692299999624,10.635070700000142
2017-09-22,Up,16.66241531428568,16.86253268571454
2017-09-25,Down,73.51525041428522,13.468397585714229
2017-09-26,Up,4.1326720107144865,52.04426698928546
2017-09-27,Up,44.08846871428614,28.397904285713594
2017-09-28,Down,6.889306567857602,31.77009243214252
2017-09-29,Up,33.82050172500021,28.698994274999677
2017-10-02,Up,14.168281628570185,47.74716237142911
2017-10-03,Up,7.0372186928570954,23.46746330714268
2017-10-04,Up,25.795225675000438,17.696598324999286
2017-10-05,Up,39.454376642856914,17.62864235714278
2017-10-06,Up,23.154649632143446,9.162191367857304
2017-10-09,Down,17.93821954285613,17.398886457143817
2017-10-10,Down,43.616948550000416,1.6870344499993735
2017-10-11,Down,0.39047745714287885,34.34257654285739
2017-10-12,Down,2.8703303142856385,33.97690868571408
2017-10-13,Down,0.807920307142922,16.105566692856883
2017-10-16,Up,1.197318935714975,23.266832064285154
2017-10-17,Down,3.651284807142474,20.51083919285702
2017-10-18,Down,20.38355653571398,3.1745154642858324
2017-10-19,Down,30.811022474999845,18.41930552500071
2017-10-20,Down,12.456437560714221,13.215819439285042
2017-10-23,Down,67.58383451071404,7.01672448928548
2017-10-24,Down,19.628490710714686,23.259280289285925
2017-10-25,Up,16.010643707142663,76.40948129285698
2017-10-26,Down,14.377542764284954,24.583882235714555
2017-10-27,Up,102.82062491071429,5.0028540892853925
2017-10-30,Up,44.81750447857121,14.681726521428573
2017-10-31,Down,11.295793471428624,25.249419528571707
2017-11-01,Down,51.982006514285786,11.745596485714486
2017-11-02,Down,47.6608686571426,12.74444134285659
2017-11-03,Down,17.005173832142646,55.17917216785736
2017-11-06,Up,23.167595007143973,5.22290199285635
2017-11-07,Up,10.107103139285755,26.7401368607143
2017-11-08,Up,24.770492182143244,3.3179778178564447
2017-11-09,Up,14.844605046429024,67.91067095357084
2017-11-10,Up,10.645357364285701,26.201881635714926
2017-11-13,Up,35.16344124285661,2.891904757143493
2017-11-14,Down,25.99262129285762,20.821494707142847
2017-11-15,Down,33.513082185714666,27.79830881428552
2017-11-16,Up,64.88824718928663,6.087992810713331
2017-11-17,Down,28.37647295000079,6.96063304999916
2017-11-20,Down,12.446729928571585,8.997155071429006
2017-11-21,Up,41.762721907142804,2.3331550928569413
2017-11-22,Down,3.8411309678567704,20.320994032143062
2017-11-23,Down,1.7765637142856576,4.263968285714327
2017-11-24,Up,14.657996535714119,1.047384464285642
2017-11-27,Up,8.788973467857431,27.152186532142878
2017-11-28,Down,32.41823645000022,16.81209254999976
2017-11-29,Down,153.8749784321435,7.709227567856942
2017-11-30,Up,38.6033076285712,25.728348371428183
2017-12-01,Up,42.50592285714265,106.09114214285728
2017-12-04,Down,134.20549922857117,13.183458771428377
2017-12-05,Down,15.610458646428924,106.40826935357109
2017-12-06,Up,60.344904864286036,9.725255135714178
2017-12-07,Up,36.1817017464291,20.297263253571145
2017-12-08,Up,6.782012760714679,46.82040223928561
2017-12-11,Up,46.565838960714245,7.93998703928537
2017-12-12,Down,9.295406471428578,30.75583552857188
2017-12-13,Down,14.20578129642945,21.629540703570456
2017-12-14,Up,5.957621349999499,41.92318665000039
2017-12-15,Up,55.280968707143074,11.270343292857433
2017-12-18,Up,7.673391982142675,9.19028901785714
2017-12-19,Down,38.34253921428444,7.4303087857151695
2017-12-20,Down,54.129823542857594,3.3873744571428688
2017-12-21,Down,5.943722617857929,40.732537382142255
2017-12-22,Down,5.452609971428501,24.058832028571487
2017-12-26,Down,19.78458495357245,20.56779404642748
2017-12-27,Up,9.269335203571245,31.083043796428683
2017-12-28,Down,20.039979925000807,4.954404074999729
2017-12-29,Down,50.00275848928595,9.622399510713876
2018-01-02,Down,7.211159399999815,109.63005760000033
2018-01-03,Up,67.14390686428578,8.74265713571367
2018-01-04,Down,14.18140868928549,18.341404310714097
2018-01-05,Down,2.960824099999627,60.57911690000037
2018-01-08,Up,23.954385742857085,13.386622257142335
2018-01-09,Down,29.00273488928542,19.179211110715187
2018-01-10,Down,23.94148033214333,31.46775766785686
2018-01-11,Up,27.04964541071422,24.444809589285796
2018-01-12,Up,67.11701976071436,4.252487239285074
2018-01-16,Up,32.80459144999986,107.52532454999891
2018-01-17,Down,25.44716486071502,74.22923413928584
2018-01-18,Up,18.09941867499947,32.491624325000885
2018-01-19,Up,2.6543089892857097,53.05606601071486
2018-01-22,Up,77.40945746428588,3.5964385357128776
2018-01-23,Up,38.83701437142918,12.35630262857012
2018-01-24,Down,108.03618212142828,31.69145987857155
2018-01-25,Down,74.1991196678573,17.04543933214154
2018-01-26,Down,3.251205382142871,91.00472461785648
2018-01-29,Down,27.736883521427444,29.47917647857321
2018-01-30,Down,23.77155234285783,56.33093165714308
2018-01-31,Up,1.8068223607151594,80.7047586392855
2018-02-01,Up,64.67995997142862,49.45102302857231
2018-02-02,Up,2.579025442857528,148.59182855714334
2018-02-05,Down,233.87709943214213,144.9534465678571
2018-02-06,Down,21.499042582142465,342.87692041785795
2018-02-07,Down,50.695364982142564,112.52097501785738
2018-02-08,Down,280.7157579892855,16.80775601071491
2018-02-09,Up,46.66335388571406,304.462573114286
2018-02-12,Up,78.43977714285666,93.20840385714382
2018-02-13,Up,67.31813680714276,17.30140519285669
2018-02-14,Up,169.90803838928605,21.01292061071399
2018-02-15,Down,46.597748307143775,106.37992869285699
2018-02-16,Up,39.83291831428505,62.85485368571517
2018-02-19,Down,20.46764702142991,19.583594978570545
2018-02-20,Up,79.13561884642968,33.18854115357135
2018-02-21,Up,45.352332060714616,77.51162893928631
2018-02-22,Up,6.876682574998995,94.90767742500066
2018-02-23,Up,60.83830951071286,7.820962489286103
2018-02-26,Up,37.84111012857102,32.62498487142875
2018-02-27,Down,75.13587213571554,43.81330486428487
2018-02-28,Down,68.95073079999929,57.526876199999606
2018-03-01,Up,14.076011367857063,237.67465363214342
2018-03-02,Up,153.3530229035714,56.23843909642801
2018-03-05,Down,9.400856839285552,172.78712416071357
2018-03-06,Up,0.17207786071412556,81.13495513928501
2018-03-07,Up,66.19424927857108,38.3003447214287
2018-03-08,Down,7.115440964285881,43.17446503571409
2018-03-09,Up,69.25933683928633,5.756032160714312
2018-03-12,Up,18.116682403571758,41.59555159642878
2018-03-13,Down,153.31493528571264,7.217954714285952
2018-03-14,Down,59.44842470000003,26.36915829999998
2018-03-15,Down,24.112844446430245,56.90375455357025
2018-03-16,Down,19.766919671430514,10.239227328569541
2018-03-19,Down,160.14645488571477,19.290309114285265
2018-03-20,Up,22.989978978572253,47.82453002142756
2018-03-21,Up,54.81884014999923,75.70790185000078
2018-03-22,Up,32.72255231071449,118.2083706892854
2018-03-23,Up,13.761480153571938,225.38751784642864
2018-03-26,Up,121.87359639999977,145.18111860000045
2018-03-27,Down,370.9298776714286,15.849366328571705
2018-03-28,Up,48.23515817142834,136.0025888285718
2018-03-29,Down,46.08408476428667,205.96755623571335
2018-04-02,Up,8.598903946428436,283.96103605357166
2018-04-03,Down,95.13234865714367,79.50343134285686
2018-04-04,Up,263.7047435392851,8.75107846071478
2018-04-05,Down,58.591290028571166,42.52942797142896
2018-04-06,Up,41.495288092856754,187.4516189071428
2018-04-09,Up,111.86827666785757,34.86178533214206
2018-04-10,Down,15.755370714286073,115.37149528571445
2018-04-11,Up,51.180843346429356,41.53815365357059
2018-04-12,Up,36.42960617142853,28.9837958285716
2018-04-13,Down,80.34574737500043,10.272818624999672
2018-04-16,Down,17.060638142856988,67.85675985714352
2018-04-17,Up,80.47541605714287,9.242964942857725
2018-04-18,Down,12.40004068928647,71.91723431071387
2018-04-19,Down,38.47538345357134,16.4358675464282
2018-04-20,Down,111.46319343571395,12.162135564285563
2018-04-23,Down,76.66999424999904,56.8573627500009
2018-04-24,Down,235.84296263928627,15.008432360714323
2018-04-25,Down,90.45674696785682,49.97202503214339
2018-04-26,Down,2.776640414286703,113.04708958571337
2018-04-27,Down,132.57037551428584,10.558949485714948
2018-04-30,Up,25.90923673571433,121.12088626428613
2018-05-01,Up,87.86121496071428,33.363622039285474
2018-05-02,Down,50.926861814285985,45.99299518571479
2018-05-03,Down,67.72708986428552,92.50573913571407
2018-05-04,Up,182.3066368142854,17.234245185713917
2018-05-07,Up,32.25125099642901,29.26135200357203
2018-05-08,Down,23.814164035714384,54.50188096428519
2018-05-09,Down,4.358392210714555,106.96441578928443
2018-05-10,Up,39.99712321428524,3.5117907857147657
2018-05-11,Up,0.5829764714289922,55.52851952857054
2018-05-14,Up,23.85917413214338,42.15435086785692
2018-05-15,Down,50.639661324999906,17.174232675000894
2018-05-16,Up,43.753249878571296,12.958369121428404
2018-05-17,Up,40.68940803214173,63.73198596785733
2018-05-18,Down,6.679582239285082,45.531114760715354
2018-05-21,Up,20.50598744642957,70.11257955356996
2018-05-22,Down,46.11409008928604,11.497712910713744
2018-05-23,Up,113.5357613107135,3.1881536892851727
2018-05-24,Down,70.34941292857184,30.17118107142778
2018-05-25,Down,1.870026307144144,54.54153169285746
2018-05-28,Up,14.700868360714594,3.002758639284366
2018-05-29,Up,35.42332984285713,62.09665015714381
2018-05-30,Up,28.073966399999335,34.638882600002034
2018-05-31,Up,38.356430010715485,39.95961498928409
2018-06-01,Up,81.68530712143001,5.332520878569994
2018-06-04,Up,41.96681240357066,16.845237596429797
2018-06-05,Up,8.30955990000075,45.401445099998455
2018-06-06,Down,30.274059667857728,49.24223233214252
2018-06-07,Down,102.97895610714113,9.54409789285819
2018-06-08,Up,43.71474777142794,31.9519112285725
2018-06-11,Up,37.399172896426535,15.537580103573418
2018-06-12,Up,28.140107074999833,24.198490925000442
2018-06-13,Up,38.587746749999496,46.05124325000179
2018-06-14,Up,51.097250464285025,17.092465535715746
2018-06-15,Down,31.260300803569407,27.05985119642901
2018-06-18,Down,13.505390346428612,72.62898865357238
2018-06-19,Up,72.13757101785814,41.511955982141444
2018-06-20,Up,45.84010673571356,21.751454264285712
2018-06-21,Down,99.10645987499993,15.44030012499934
2018-06-22,Down,64.77284198928646,8.202117010712755
2018-06-25,Down,179.97239085,12.035495150001225
2018-06-26,Down,13.209839524999552,70.83099547500024
2018-06-27,Up,21.46562011428614,162.4671668857136
2018-06-28,Up,92.06145779642975,37.14011020357066
2018-06-29,Up,27.619825446428877,41.16804655357191
2018-07-02,Up,111.7706786178569,13.841957382142937
2018-07-03,Down,123.15485693928713,7.542099060714463
2018-07-04,Down,5.292607603571014,19.530842396428852
2018-07-05,Up,36.79830664642941,64.58903435357024
2018-07-06,Up,100.32668387142803,12.425610128571861
2018-07-09,Down,12.577285389284953,51.126265610713745
2018-07-10,Down,13.803503567856751,21.786742432143
2018-07-11,Up,34.87246010357194,20.755992896429234
2018-07-12,Up,85.41765963928628,5.202884360713142
2018-07-13,Down,1.7816478571421612,43.67816214285813
2018-07-16,Down,19.341782717858223,22.828174282141845
2018-07-17,Up,148.13852738928472,6.783723610715242
2018-07-18,Down,27.866565703572633,15.200624296427122
2018-07-19,Up,9.549123514285384,42.49039648571488
2018-07-20,Up,13.362364789287312,55.72458421071315
2018-07-23,Up,44.157754689285866,50.350800310714476
2018-07-24,Up,16.020951414286174,107.19906258571427
2018-07-25,Up,109.69315697499951,18.910256025001217
2018-07-26,Up,10.712322017858241,44.317974982141095
2018-07-27,Down,211.57931745000133,4.354784549999749
2018-07-30,Down,147.39296976785772,16.80068923214094
2018-07-31,Up,49.340344314285176,64.30918368571474
2018-08-01,Down,16.741942749998998,58.32656124999994
2018-08-02,Up,175.31400953214325,4.132612467856234
2018-08-03,Down,13.294004414286974,36.05381658571423
2018-08-06,Up,40.18963412143057,21.71944987857023
2018-08-07,Up,5.640819414285943,37.42636958571347
2018-08-08,Down,6.068072582143941,57.934556417856584
2018-08-09,Up,15.737896096428813,27.030214903570595
2018-08-10,Up,9.067395357142232,57.926010642857364
2018-08-13,Up,39.77733478571463,47.25427721428605
2018-08-14,Down,29.936610417857082,51.113447582143635
2018-08-15,Up,7.142616449998968,114.5820095500003
2018-08-16,Down,37.01300202142738,37.75642297857303
2018-08-17,Down,37.810898728570464,64.1745982714292
2018-08-20,Down,49.31150423571489,16.186512764285
2018-08-21,Up,44.73347906071467,19.269148939283696
2018-08-22,Up,49.85411694285722,26.11161905714289
2018-08-23,Up,48.891727539286876,27.37308646071324
2018-08-24,Up,48.15257777500119,12.560195224998097
2018-08-27,Down,2.207834342856586,57.308628657143345
2018-08-28,Down,13.53540192500077,18.764990074998423
2018-08-29,Up,82.28695706428698,5.940964935713055
2018-08-30,Up,40.11272911071319,44.526260889288096
2018-08-31,Up,33.976295292857685,24.642934707142558
2018-09-03,Up,6.227224917858621,3.343262082142246
2018-09-04,Down,48.006243742858715,27.66041525714172
2018-09-05,Down,121.21085240714092,5.897171592858285
2018-09-06,Down,132.2927493107145,12.759936689286405
2018-09-07,Up,91.25715209285772,19.700675907142795
2018-09-10,Down,53.455866582142335,3.0698194178567064
2018-09-11,Down,7.574142803570794,136.2822321964286
2018-09-12,Down,76.30860737142757,20.891645628571496
2018-09-13,Up,44.32032594285556,15.87782205714393
2018-09-14,Down,52.782016200000726,30.362950799999453
2018-09-17,Down,104.50827091071369,7.543729089285989
2018-09-18,Up,93.30458074642956,16.36333425357043
2018-09-19,Up,4.481475642856822,85.21972635714337
2018-09-20,Down,4.427237657142541,67.98934734285649
2018-09-21,Down,70.49737171785819,12.05157428214261
2018-09-24,Down,18.753386171427337,109.68919882857153
2018-09-25,Down,10.840774967855396,44.291192032143954
2018-09-26,Up,66.79548128928582,35.72017771071296
2018-09-27,Up,53.68394571428507,11.5803842857149
2018-09-28,Up,32.549001703571776,31.523285296429094
2018-10-01,Up,18.369001932142055,73.12026406785844
2018-10-02,Down,14.459918099999413,77.9233789000009
2018-10-03,Up,5.654752071430266,59.013555928569986
2018-10-04,Down,189.30061403214313,17.816778967857317
2018-10-05,Down,176.8405760035712,46.965411996428884
2018-10-08,Down,100.77123278214276,81.01525521785697
2018-10-09,Down,3.8996826428574423,108.15231735714224
2018-10-10,Down,317.14930666785585,15.728575332144828
2018-10-11,Up,92.96973938214433,181.49805761785683
2018-10-12,Down,126.04572758214272,60.21092041785778
2018-10-15,Down,79.00368458214325,42.28664541785656
2018-10-16,Up,156.4704848107158,42.00459918928391
2018-10-17,Down,101.42153432142732,19.868794678572158
2018-10-18,Down,175.62511872499817,18.08179527500033
2018-10-19,Up,50.79804223571409,129.79640376428506
2018-10-22,Down,38.816949878570085,92.3077301214289
2018-10-23,Down,64.43309208214305,197.81626791785675
2018-10-24,Down,346.42246531071396,23.408735689285095
2018-10-25,Down,3.0173577571422356,238.96727924285733
2018-10-26,Up,193.49724238571434,87.82479961428544
2018-10-29,Down,403.39677726428636,23.35445573571269
2018-10-30,Up,106.71973803214314,64.33836796785727
2018-10-31,Up,91.99481918571291,34.659700814287135
2018-11-01,Down,22.061302292857363,146.3147077071426
2018-11-02,Up,9.22023582499969,206.83747617500012
2018-11-05,Down,82.93955329642813,28.218414703571398
2018-11-06,Up,71.87697275000028,50.30738825000117
2018-11-07,Up,111.45704256071258,22.051723439286434
2018-11-08,Down,16.56300541071505,50.78739858928566
2018-11-09,Down,91.43817834642687,19.42177865357189
2018-11-12,Down,160.86933508571565,20.917153914284427
2018-11-13,Up,75.49354477499946,95.8625722250008
2018-11-14,Up,1.227165367858106,217.51264263214125
2018-11-15,Up,144.93853763928564,103.30432336071408
2018-11-16,Up,57.58736255357144,55.06065844642853
2018-11-19,Down,221.77738763571415,21.6973033642862
2018-11-20,Up,113.93159481428575,95.56988318571348
2018-11-21,Down,24.794485096427707,66.69478090357188
2018-11-22,Down,16.196877692857015,17.18031330714348
2018-11-23,Up,53.45459446785662,41.31278853214371
2018-11-26,Up,43.667072350000126,64.80879964999986
2018-11-27,Down,7.718474739285739,123.1081942607143
2018-11-28,Down,14.620614135714277,227.96004386428558
2018-11-29,Down,27.751176450000457,92.34711054999934
2018-11-30,Down,10.2515666107156,81.53571038928567
2018-12-03,Down,71.58534855714242,29.440257442858638
2018-12-04,Down,255.90066993928667,3.666595060713007
2018-12-06,Up,185.01990414285683,61.136882857143064
2018-12-07,Up,19.344083457142915,287.30886254285724
2018-12-10,Up,101.51625976428568,112.15736723571445
2018-12-11,Down,139.64991348214244,30.216150517857386
2018-12-12,Down,10.967855646428688,104.95828235357112
2018-12-13,Up,7.918569053571446,129.76234594642847
2018-12-14,Down,94.93374209285685,58.83759290714261
2018-12-17,Down,173.4331974214283,94.62764357857122
2018-12-18,Down,49.86601653571415,93.21850746428572
2018-12-19,Up,93.22287530714311,273.39410969285655
2018-12-20,Up,51.69348654285659,214.88307445714327
2018-12-21,Down,271.21783103928556,86.49347896071504
2018-12-24,Up,53.69146875000024,194.7768852499994
2018-12-26,Up,313.0467015178565,84.74014848214301
2018-12-27,Down,130.183738678571,161.62557032142922
2018-12-28,Down,71.89551508928616,116.60795491071349
2018-12-31,Down,45.90813681785676,48.49202618214258
2019-01-02,Up,196.91698067500056,23.350066324999716
2019-01-03,Down,100.09357543571423,47.4437865642858
2019-01-04,Up,199.6917705964288,15.825583403571727
2019-01-07,Up,69.37776502857105,17.304145971429534
2019-01-08,Down,73.23540052142835,50.850347478571166
2019-01-09,Up,30.747905846428694,32.185536153570865
2019-01-10,Down,2.532817117857121,129.56803988214324
2019-01-15,Up,98.57628863571426,10.666667364285786
2019-01-16,Up,24.881822100000136,47.84786390000045
2019-01-17,Up,97.56379857142838,7.523175428571449
2019-01-18,Down,25.622901567858207,83.62005443214184
2019-01-21,Down,7.46168431071419,22.81761368928528
2019-01-22,Down,134.0007339285712,12.64606007142811
2019-01-23,Up,14.306331782143388,142.43356121785655
2019-01-24,Up,15.202200642856951,52.48093435714236
2019-01-25,Down,6.635788067857902,78.26498693214216
2019-01-28,Down,42.54898687857167,23.353014121428714
2019-01-29,Down,87.90856183928645,15.990988160713641
2019-01-30,Up,121.97065147142803,44.26862952857209
2019-01-31,Up,91.35314912142894,8.390418878571836
2019-02-01,Up,38.84676938928624,40.71060061071421
2019-02-04,Up,69.99967206071415,7.182850939286254
2019-02-05,Up,51.874500721429285,9.871518278570875
2019-02-06,Down,42.855383525000434,20.078058475000944
2019-02-07,Down,80.99606104285613,41.30855295714355
2019-02-08,Up,55.48023877142896,29.717392228571953
2019-02-11,Up,0.5915914999986853,78.66892250000092
2019-02-12,Up,56.6994693428569,5.0465496571432595
2019-02-13,Up,6.910380900000746,58.69476409999879
2019-02-14,Down,7.008978446428955,91.54716655357151
2019-02-15,Down,49.47950995714382,8.407382042856625
2019-02-19,Up,52.58695452500069,4.112514474998534
2019-02-20,Up,16.5147279535704,69.87032704643025
2019-02-21,Up,8.603519360713108,67.98529263928685
2019-02-22,Up,36.04042237500107,19.7684796249996
2019-02-25,Up,7.195574717858108,54.55044428214205
2019-02-26,Up,45.07650248214304,12.513534517856897
2019-02-27,Up,28.01259054642651,71.43412145357252
2019-02-28,Up,22.772024624999176,32.14630937500078
2019-03-01,Down,46.86399826428715,25.271975735713568
2019-03-04,Up,6.877514010715458,155.79949598928397
2019-03-05,Down,25.729981485716053,42.84372151428397
2019-03-06,Down,55.11871149642866,14.345559503570257
2019-03-07,Down,99.46656835714202,4.020957642856956
2019-03-08,Up,64.87822159285861,23.825372407141913
2019-03-11,Up,132.88883885714313,7.262838142856708
2019-03-12,Down,3.053012696429505,66.13579030356959
2019-03-13,Up,51.0865104892855,18.397971510714342
2019-03-14,Down,6.091820414285394,27.024188585714
2019-03-15,Up,57.61901678571303,8.021642214285748
2019-03-18,Up,36.33464087142784,31.96712612857118
2019-03-19,Up,25.651892353571384,57.138127646428984
2019-03-20,Down,23.464927910714323,104.85960408928622
2019-03-21,Up,160.02599265714343,10.580585342857376
2019-03-22,Up,7.581650321428242,181.9483606785725
2019-03-25,Down,30.253385428572074,61.99835157142843
2019-03-26,Up,36.51518351428422,90.03527648571435
2019-03-27,Up,2.2693335428575665,150.00516845714264
2019-03-28,Down,34.97878405714437,48.99395094285683
2019-03-29,Down,28.64809225357203,31.07899374642875
2019-04-01,Down,12.657158578571398,60.07978842142802
2019-04-02,Down,3.0951213892858505,51.605427610715196
2019-04-03,Up,40.28093563928633,43.39612136071264
2019-04-04,Up,16.28555755357047,73.60075044642872
2019-04-05,Up,5.538694674998624,18.115596325000297
2019-04-08,Down,17.96986961071343,62.45472138928744
2019-04-09,Up,12.672997492856666,37.00101450714283
2019-04-10,Up,21.62994838571467,20.06073961428592
2019-04-11,Down,37.719090407141266,4.267276592858252
2019-04-12,Down,23.13262972499797,17.966702275001808
2019-04-15,Down,45.60209402500186,25.06510197499847
2019-04-16,Up,8.051963314284876,40.1436556857152
2019-04-17,Down,45.465871514286846,10.417392485713208
2019-04-18,Down,46.876681464285866,11.667690535714428
2019-04-22,Up,57.54012037857137,3.6653586214288225
2019-04-23,Down,0.9820764142841654,117.58506058571584
2019-04-24,Down,20.78620951785706,25.043980482143525
2019-04-25,Down,70.23846147499899,11.07316552500015
2019-04-26,Down,67.72730514999967,29.550968850000572
2019-04-29,Up,22.067131089284885,25.832808910714448
2019-04-30,Down,48.45539375714361,30.49080424285603
2019-05-01,Down,77.23759736785723,39.851145632143016
2019-05-02,Down,84.74361090356979,60.43460309642978
2019-05-03,Down,2.926162578569347,93.1693974214304
2019-05-06,Down,0.6821724428573361,166.67194055714208
2019-05-07,Up,21.02380785357127,181.5160641464281
2019-05-08,Up,54.564326107141824,54.2454148928573
2019-05-09,Down,62.42515403571451,98.71970696428616
2019-05-10,Up,66.17499288571344,171.8463161142863
2019-05-13,Up,23.870770114284824,132.54323288571504
2019-05-14,Up,77.68005996785723,56.85372403214387
2019-05-15,Up,175.8158018785707,17.55803112142894
2019-05-16,Up,115.74340552499962,6.076196474999961
2019-05-17,Up,92.2897530249993,39.58292197499941
2019-05-20,Down,27.773729003571134,62.4082579964288
2019-05-21,Up,10.192465685715433,37.41179631428531
2019-05-22,Up,31.186704974999884,32.384203024999806
2019-05-23,Down,61.840132703571726,28.933211296429363
2019-05-24,Down,28.06095938571343,21.021695614286728
2019-05-28,Up,24.212912782142666,82.23139921785696
2019-05-29,Down,40.85328539642978,52.58116660356973
2019-05-30,Up,9.563091449999774,64.06089054999939
2019-05-31,Down,17.74916638571449,51.14395761428568
2019-06-03,Down,183.82974996071425,9.544084039285735
2019-06-04,Down,7.857660514284362,154.76559448571425
2019-06-05,Down,83.59363267142908,9.840819328572252
2019-06-06,Down,17.98465346071498,94.66890953928487
2019-06-07,Up,138.2656707392871,4.25143626071258
2019-06-10,Up,107.25109158928535,7.1765434107146575
2019-06-11,Down,90.46393736071514,21.006911639286045
2019-06-12,Down,19.193768764285778,24.270992235713493
2019-06-13,Up,15.393241139287056,39.60298686071292
2019-06-14,Down,1.6346802071439015,55.13561979285623
2019-06-17,Up,40.14699560000008,6.996781399999236
2019-06-18,Up,70.99823575714436,37.13780424285687
2019-06-19,Down,35.974753639286064,62.43788136071453
2019-06-20,Down,88.7522479071431,19.08914409285717
2019-06-21,Up,38.353988507142276,23.22757049285792
2019-06-24,Down,1.5578837964276318,29.085572203572156
2019-06-25,Down,145.3838565499991,15.788932450001084
2019-06-26,Up,37.48352044285639,50.91106255714476
2019-06-27,Up,2.9159353607137746,42.754599639285516
2019-06-28,Down,25.353627357142614,26.799176642856764
2019-07-01,Down,75.9629572321428,23.038975767856755
2019-07-02,Up,20.929469567858177,42.41998143214187
2019-07-03,Up,41.428527750000285,2.4741152500009775
2019-07-05,Down,21.0701280214289,77.04785897857073
2019-07-08,Down,30.02995431785712,15.935228682141314
2019-07-09,Up,87.20020429642864,9.739188703571926
2019-07-10,Up,48.19398981071572,31.65578418928453
2019-07-11,Up,5.049014828571671,69.79173217142852
2019-07-12,Up,29.612185110712744,24.013861889287
2019-07-15,Down,9.95596674999797,26.28581225000198
2019-07-16,Down,49.17685362142947,5.922437378570976
2019-07-17,Up,0.5840355035707034,54.51525449642759
2019-07-18,Up,58.64033505714178,43.897381942857464
2019-07-19,Down,128.89613913928588,8.115464860713473
2019-07-22,Up,53.56290803571392,3.893570964286482
2019-07-23,Down,47.21217836785763,24.092785632143205
2019-07-24,Up,84.80723629285785,2.998048707140697
2019-07-25,Down,59.3706427321431,4.273456267856091
2019-07-26,Up,32.79228569999941,15.824735300000611
2019-07-29,Down,68.19957817857176,13.418086821428005
2019-07-30,Up,50.67745693928555,13.261292060715277
2019-07-31,Down,225.40197753214306,22.98680146785773
2019-08-01,Up,150.72960088571563,129.48122711428368
2019-08-02,Down,106.8858877285711,29.24177027143014
2019-08-05,Down,188.65087797500018,23.49612202500066
2019-08-06,Up,42.32732578928699,89.67525221071446
2019-08-07,Down,41.532826578571985,182.40011742142815
2019-08-08,Up,121.11004939999839,13.839013600001635
2019-08-09,Up,3.2463959214292117,142.01536907857007
2019-08-12,Down,59.927317907142424,56.16423409285744
2019-08-13,Up,231.6548416428559,14.082099357145125
2019-08-14,Down,107.19947780000075,32.16931420000037
2019-08-15,Down,59.34117786785828,50.85740213214194
2019-08-16,Up,52.449557321428074,18.26610967857232
2019-08-19,Up,1.7279044428560155,29.504848557144214
2019-08-20,Down,7.017898103571497,68.41214589642914
2019-08-22,Down,82.32271716428477,23.16148583571521
2019-08-23,Down,219.3869365964274,115.33388440357157
2019-08-26,Down,19.160577714286774,65.40357328571372
2019-08-27,Down,80.8063292464285,8.766848753572049
2019-08-28,Down,11.376592350001374,108.25074264999967
2019-08-29,Up,20.733790882142785,67.66079211785654
2019-08-30,Down,89.92780811785815,20.565420882141552
2019-09-02,Down,64.63959184642772,29.942612153572554
2019-09-03,Up,16.284597314284838,88.90495668571384
2019-09-04,Up,25.897508574998938,8.576378425001167
2019-09-05,Up,67.94386482499976,6.896882175000428
2019-09-06,Down,15.586911835713181,32.73546016428554
2019-09-09,Down,70.25790908571435,22.556402914284263
2019-09-10,Down,36.76898946071378,43.67008053928657
2019-09-11,Up,52.38536646071407,16.26775953928518
2019-09-12,Down,7.7218984892842855,78.61014451071424
2019-09-13,Down,10.183266303571145,43.73742969642808
2019-09-16,Up,17.277896624998903,29.745505374999993
2019-09-17,Up,23.15266468214213,18.58060431785816
2019-09-18,Down,83.79198368928519,36.11769031071526
2019-09-19,Up,38.77818463571384,38.51653136428649
2019-09-20,Down,127.28590951428487,7.024681485714609
2019-09-23,Down,11.745344396429573,56.43858760357034
2019-09-24,Up,0.8677633642855653,225.1384606357151
2019-09-25,Down,55.97932831428443,157.095460685714
2019-09-26,Down,72.88277882857255,25.278572171428095
2019-09-27,Down,172.4577115178563,7.700696482144849
2019-09-30,Up,46.683461321426876,19.73709267857157
2019-10-01,Up,30.025303367856395,146.9002456321432
2019-10-02,Down,127.19962449642844,7.992655503570859
2019-10-03,Down,86.74160150357238,125.15760149642847
2019-10-04,Up,76.24148348571362,31.61844351428772
2019-10-07,Up,47.258518664284566,28.566716335715682
2019-10-08,Down,50.78737339642976,67.94671560356983
2019-10-09,Down,0.4261499178555823,82.15869908214336
2019-10-10,Up,79.1116247000009,12.8779042999995
2019-10-11,Up,61.721363703571114,31.149854296429112
2019-10-14,Up,13.332394235714673,21.641260764285107
2019-10-15,Up,86.20082183571503,10.491047164285192
2019-10-16,Up,5.0760079607134685,41.359601039284826
2019-10-17,Down,42.21504832500068,6.277834675000122
2019-10-18,Down,101.76997706071415,7.853327939285009
2019-10-21,Up,19.566143782141808,48.911685217857666
2019-10-22,Down,82.97846001428661,10.186654985713176
2019-10-23,Up,17.819560146428557,35.37566285357025
2019-10-24,Down,22.050616796428585,49.953967203569846
2019-10-25,Up,107.68778856071549,6.931752439284537
2019-10-28,Up,42.07649712499915,12.29431087500052
2019-10-29,Down,38.675697453572866,22.454724546427315
2019-10-30,Down,36.78006792857195,63.144661071428345
2019-10-31,Down,60.90055256071537,23.153777439285477
2019-11-01,Up,23.4308794821427,32.40940951785706
2019-11-04,Down,4.381153582144179,25.89016141785578
2019-11-05,Down,20.189622957141182,28.597156042858842
2019-11-06,Down,41.031066839284904,12.751949160714503
2019-11-07,Up,31.401765378572236,60.58776362142817
2019-11-08,Up,38.83944077857086,40.806446221429724
2019-11-11,Up,22.823143535713825,6.2725864642852684
2019-11-12,Up,38.142486617856775,29.159756382143314
2019-11-13,Up,30.369980464285618,21.061865535715697
2019-11-14,Up,21.08180833214101,44.45705766785795
2019-11-15,Down,16.174791360714153,23.207307639286228
2019-11-18,Down,27.404776757144646,50.77162824285551
2019-11-19,Down,47.434856549998585,11.932187450001948
2019-11-20,Up,16.080324464284786,121.46312553571624
2019-11-21,Down,29.885051157143607,19.78341684285624
2019-11-22,Down,56.824842242855084,20.17597875714455
2019-11-25,Up,61.40122669642915,13.248423303570235
2019-11-26,Up,12.973421207143474,11.713864792856839
2019-11-27,Up,29.870356078572513,3.9277139214282215
2019-11-29,Up,0.3579232107149437,39.6119677892857
2019-12-02,Down,145.38418241428553,4.502910585715654
2019-12-03,Down,38.20861302142839,67.30014397857121
2019-12-04,Down,0.702202078569826,36.622622921429866
2019-12-05,Down,47.94182723214362,15.539764767856468
2019-12-06,Up,29.963774007143,9.7122209928566
2019-12-09,Up,30.081331257142665,36.9270157428582
2019-12-10,Down,19.621773392856994,50.32553660714257
2019-12-11,Up,24.81953926071401,22.497758739285928
2019-12-12,Up,107.95476137857077,28.3141656214284
2019-12-13,Down,4.644468375001452,90.01115162499991
2019-12-16,Up,36.99664832500093,7.254121674999624
2019-12-17,Down,6.598764200000005,13.914837799999077
2019-12-18,Up,10.762330653571553,17.663660346428514
2019-12-19,Up,40.05024779999985,10.061551200000395
2019-12-20,Down,7.155787032143053,29.182592967858
2019-12-23,Down,4.289380199999869,3.3299578000005567
2019-12-24,Down,13.884570010714015,14.541420989286053
2019-12-26,Up,49.93033488571382,4.870287114286839
2019-12-27,Down,61.24558467143106,5.570147328569874
2019-12-30,Down,99.9812508571431,8.154736142858383
2019-12-31,Down,6.899501310714186,66.07031068928518
2020-01-02,Up,63.13973242500106,34.73945357499906
2020-01-03,Up,91.91140202857059,15.052378971429789
2020-01-06,Up,132.23842237857207,14.580356621429019
2020-01-07,Down,23.314336289286075,39.39867471071375
2020-01-09,Up,6.318399367857637,75.44295663214325
2020-01-10,Down,65.84447488571277,23.536219114286723
2020-01-13,Up,60.66793099285678,15.818499007142236
2020-01-14,Down,29.46527665357098,40.86707234642927
2020-01-15,Up,29.498769350000657,56.072255649998624
2020-01-16,Up,27.187848025001585,42.851449974998104
2020-01-17,Down,33.01433980714137,31.456980192857372
2020-01-21,Up,34.941153221428976,21.03167477857096
2020-01-22,Up,17.002217471428594,58.605058528572044
2020-01-23,Down,29.966604407143677,66.15427259285752
2020-01-24,Down,174.15105961071276,14.574077389286686
2020-01-27,Down,7.642363707143886,92.87428629285569
2020-01-28,Down,7.0280014321433555,131.87838856785675
2020-01-29,Down,71.71492340357145,28.801725596429606
2020-01-30,Up,84.65000629642782,50.15366270357299
2020-01-31,Down,232.54993629285855,14.199389707142473
2020-02-03,Up,111.785524178571,28.879174821428023
2020-02-04,Down,12.930895021429023,142.67942697857143
2020-02-05,Down,137.01830055714163,20.057279442859
2020-02-06,Down,12.811581753570863,93.27304524642932
2020-02-07,Down,3.19635429642949,88.82180270357094
2020-02-10,Up,134.9146097535704,7.508397246429013
2020-02-11,Down,58.73274522142856,68.15853477857127
2020-02-12,Up,20.864217810712944,13.715854189285892
2020-02-13,Up,81.19827860357145,24.88634739642839
2020-02-14,Down,6.439805749998413,57.15236025000195
2020-02-18,Up,56.675105010714105,32.70558898928539
2020-02-19,Up,41.740993828570936,8.95690817142895
2020-02-20,Down,194.85619237142782,6.763208628572102
2020-02-21,Down,184.47484441428605,10.697424585712724
2020-02-24,Down,48.3964019535706,140.62178704642974
2020-02-25,Up,10.582297553572062,436.02812044642815
2020-02-26,Up,142.00436207500024,116.7600729249989
2020-02-27,Up,125.38625173928631,240.92806726071467
2020-03-02,Down,100.10846998928537,386.94304801071485
2020-03-03,Down,408.51477502142916,167.6243859785718
2020-03-04,Down,40.563555310714946,283.25830368928655
2020-03-05,Up,120.21180026785623,181.04509573214273
2020-03-06,Up,128.02685421785645,139.82217578214295
2020-03-09,Down,114.72964508571386,377.8898509142873
2020-03-10,Down,287.4688243107157,189.61894468928585
2020-03-11,Down,240.42150658928585,92.19189441071467
2020-03-12,Down,131.0222592249993,440.42807877499945
2020-03-13,Down,376.63391639999827,282.7318576000016
2020-03-16,Down,340.1060987321416,301.5752702678583
2020-03-17,Down,172.4457101249991,538.2200338750008
2020-03-18,Up,303.28227146428617,300.3289965357135
2020-03-19,Down,87.96394423214406,489.8369287678561
2020-03-20,Down,449.0983330750005,167.7114319249995
2020-03-23,Down,169.7566455071419,278.69895549285775
2020-03-24,Up,64.92601498571457,213.70892401428682
2020-03-25,Up,125.47727213571306,331.4840278642878
2020-03-26,Up,312.5094688107147,107.49603918928551
2020-03-27,Up,51.41886372500085,230.1490742749993
2020-03-30,Up,146.01863922857046,23.80202277142962
2020-03-31,Up,61.82088165714231,228.54605434285804
2020-04-01,Up,28.452033335714077,298.57739466428575
2020-04-02,Up,114.613123825,88.35043217499879
2020-04-03,Down,103.85789103928437,41.91217696071544
2020-04-06,Up,260.6242277500005,37.36850724999931
2020-04-07,Down,209.65812717500012,80.12220982500003
2020-04-08,Down,1.1815800857129943,230.52536891428645
2020-04-09,Down,77.01427816428622,76.67488883571423
2020-04-13,Up,97.84066873928714,40.59690126071291
2020-04-14,Up,194.94808758214094,9.77526741785914
2020-04-15,Down,2.7517825142858783,196.39887448571244
2020-04-16,Down,39.77251905357116,187.53493094642909
2020-04-17,Down,127.86201188928499,57.21024711071368
2020-04-20,Up,70.01593220714312,85.43303379285862
2020-04-21,Down,285.13048521071323,20.19474778928634
2020-04-22,Up,99.05053068214329,19.442643317855982
2020-04-23,Up,74.2143114785722,135.788442521427
2020-04-24,Down,18.540746774999207,212.8729032250012
2020-04-27,Down,26.770952392856998,60.63242860714308
2020-04-28,Down,242.79473426785808,32.32060573214221
2020-04-29,Down,3.3865670857139776,229.7868819142859
2020-04-30,Down,79.16793795000194,47.24433404999763
2020-05-01,Up,52.55620563214143,190.29614136785858
2020-05-04,Up,119.8706364607151,16.51383353928577
2020-05-05,Up,83.82721663928714,74.84804836071271
2020-05-06,Up,32.49344263928651,109.4637253607143
2020-05-07,Down,19.587198689285287,92.7466773107135
2020-05-08,Down,4.480156464285756,118.11921653571335
2020-05-11,Up,168.15304388928598,3.720719110713617
2020-05-12,Down,197.3636223321446,57.220721667856196
2020-05-13,Down,243.3488623428584,137.35445465714292
2020-05-14,Up,129.52544166428743,146.1764983357134
2020-05-15,Up,156.52998559999833,62.858366400001614
2020-05-18,Up,64.32905573928656,15.741827260713762
2020-05-19,Up,61.312256632143544,73.01911436785485
2020-05-20,Up,71.07285982856956,15.743921171429974
2020-05-21,Down,111.17010215714436,19.641668842856234
2020-05-22,Down,6.188628528570916,108.78494547142873
2020-05-26,Down,181.04462256785882,23.385432432141897
2020-05-27,Down,183.90743921785543,124.05749278214353
2020-05-28,Up,174.81828411428614,34.8911698857155
2020-05-29,Up,108.61315592499886,122.21389307500067
2020-06-01,Up,59.65720692499963,22.760075075000714
2020-06-02,Down,77.96121750714337,84.82024649285813
2020-06-03,Down,6.051406578570095,96.60357042143005
2020-06-04,Up,37.15272162857218,162.58453437142816
2020-06-05,Up,171.8538599892854,14.97819901071307
2020-06-08,Down,39.367135467855405,136.31952553214433
2020-06-09,Up,139.12472953214274,24.243334467857494
2020-06-10,Up,103.44164894642927,58.16661505357115
2020-06-11,Down,360.7714905535722,97.65630844642874
2020-06-12,Up,22.99680948571404,392.902498514286
2020-06-15,Down,4.881334075000268,378.98476992500036
2020-06-16,Down,179.70763317143064,37.336781828569656
2020-06-17,Down,35.83390730357132,94.86266269642874
2020-06-18,Up,21.389097096429396,77.5878549035715
2020-06-19,Down,167.47180670000125,17.26559129999805
2020-06-22,Up,109.97523639285646,15.141029607142627
2020-06-23,Up,92.236059910716,49.32741508928484
2020-06-24,Up,18.54195270357195,327.14313029642835
2020-06-25,Down,83.97752441785815,160.96840558214353
2020-06-26,Down,245.21052112142752,13.245616878572037
2020-06-29,Down,78.06416963928677,169.23136136071298
2020-06-30,Up,211.34407574285615,10.9869422571428
2020-07-01,Up,139.54044786785562,77.21026713214451
2020-07-02,Up,16.87181143928683,106.18855356071435
2020-07-03,Down,9.42357892857035,42.561348071429165
2020-07-06,Up,129.59414508214286,7.857527917858533
2020-07-07,Up,94.67214770357168,117.96676529642718
2020-07-08,Up,51.96185075714311,112.80393624285716
2020-07-09,Down,163.20812821428626,88.49290578571345
2020-07-10,Down,86.0352653000009,150.3933606999999
2020-07-13,Up,101.2950856178577,482.58082438214296
2020-07-14,Up,187.52125674642775,200.16294925357215
2020-07-15,Down,160.84279233214147,92.03304166785892
2020-07-16,Down,69.58071301785822,130.72279298214198
2020-07-17,Down,81.96017551071418,73.4072074892847
2020-07-20,Down,22.409321539285884,399.0504024607144
2020-07-21,Down,211.84172757142915,34.27900342856992
2020-07-22,Up,28.666183946428646,133.45630205357156
2020-07-23,Down,342.30543328928616,77.39208971071457
2020-07-24,Down,87.16810799642917,183.03603500357167
2020-07-27,Up,108.44458705357283,88.92191794642713
2020-07-28,Down,85.23073720714092,73.07364779285854
2020-07-29,Up,62.82456148928577,56.12400151071415
2020-07-30,Up,139.8170087428589,109.8281242571411
2020-07-31,Down,189.04325245357177,28.882263546427566
2020-08-03,Up,52.37617768571363,43.66377331428521
2020-08-04,Up,31.785699750000276,78.64555925000059
2020-08-06,Up,159.6040073357126,64.48921166428772
2020-08-07,Down,187.44887969999945,12.854626300000746
2020-08-10,Down,203.6894499178561,8.655763082142585
2020-08-11,Down,171.6551546571427,108.82849434285708
2020-08-12,Up,223.42295339285738,14.474173607142802
2020-08-13,Up,66.29441909285742,94.35956690714193
2020-08-14,Down,70.79537341785726,35.23038258214183
2020-08-17,Up,45.25919430000067,28.459544699999242
2020-08-18,Up,62.20464393928523,110.78474806071426
2020-08-19,Down,72.40338270714165,90.89390429285777
2020-08-20,Up,214.8332724107131,8.672545589286528
2020-08-21,Up,73.81104438214243,28.690309617857565
2020-08-24,Up,7.228170657142982,220.97685034285678
2020-08-25,Up,114.85878782500004,44.91409717499846
2020-08-26,Up,202.2650042178575,9.786508782142846
2020-08-27,Down,172.79953635357197,75.37709564642864
2020-08-28,Down,26.999436089286974,81.96332191071451
2020-08-31,Up,138.7796170999991,35.97197489999962
2020-09-01,Down,53.54992986785692,134.4181691321428
2020-09-02,Down,273.25652706428446,36.59713793571427
2020-09-03,Down,630.9256251785719,52.80833782142872
2020-09-04,Up,109.79455919999964,713.7406788000008
2020-09-07,Up,33.943346782143635,21.85968321785731
2020-09-08,Up,239.82191150714425,152.56149649285726
2020-09-09,Down,67.30873336785771,273.970847632143
2020-09-10,Down,446.32668671071406,116.10911128928637
2020-09-11,Down,298.4832722642859,85.97023173571506
2020-09-14,Up,75.83294319285596,130.2804878071438
2020-09-15,Up,8.71140958214346,146.24119841785614
2020-09-16,Down,191.0383414035714,69.76424559642874
2020-09-17,Up,167.96680122857106,109.00730977142848
2020-09-18,Down,368.11639960357206,59.69393339642738
2020-09-21,Up,150.3958421392872,193.32256286071424
2020-09-22,Down,95.69287598571464,221.26900601428497
2020-09-23,Down,355.89699412857226,19.282375871427575
2020-09-24,Up,272.3097105892866,89.6384124107135
2020-09-25,Down,9.13876084642834,385.74046715357144
2020-09-28,Down,66.24186112499956,83.1242208750009
2020-09-29,Down,1.4914134892878792,88.18704151071324
2020-09-30,Up,182.15436607142874,41.60072792857136
2020-10-01,Down,37.2308324250007,110.07705457499833
2020-10-02,Up,122.95608679642828,187.83121220357134
2020-10-05,Up,140.09790847142722,9.856228528571592
2020-10-06,Up,33.40049873928547,302.9672122607135
2020-10-07,Up,84.41325778928513,84.35865321071469
2020-10-08,Down,41.67422878214347,47.12214221785689
2020-10-09,Up,68.83398943214343,11.729605567856197
2020-10-12,Down,1.5446955392872042,386.2778664607122
2020-10-13,Down,101.44166423214301,89.97038176785645
2020-10-14,Down,195.48012895714237,42.682324042858454
2020-10-15,Up,118.51102235714279,83.4860206428566
2020-10-16,Up,23.108478992855453,186.23925700714426
2020-10-19,Up,0.07770732142671477,422.44012567857317
2020-10-20,Up,96.93883873214145,130.6386162678573
2020-10-21,Up,79.9125333392858,95.62201466071383
2020-10-22,Down,158.13755907142877,46.505733928572226
2020-10-23,Down,103.1617255214278,40.32380147857293
2020-10-26,Up,96.54925255714261,317.73580444285653
2020-10-27,Up,58.88955155714211,102.23763844285713
2020-10-28,Down,261.0693121035729,18.257020896428003
2020-10-29,Up,268.32759731071565,69.51025268928424
2020-10-30,Down,306.4304393214279,25.526856678572585
2020-11-02,Up,39.274752242858085,277.98115675714143
2020-11-03,Down,4.078584024999145,284.95066397499977
2020-11-04,Up,202.76256560000002,129.78278540000065
2020-11-05,Down,15.84389390357137,148.2235740964279
2020-11-06,Down,125.49628041785581,140.01074958214303
2020-11-09,Down,346.9222561928582,132.93098280714185
2020-11-10,Up,11.356821435714664,278.26048256428476
2020-11-11,Up,151.97767808928438,26.497147910715285
2020-11-12,Up,7.742380242856598,227.4797957571427
2020-11-13,Down,41.985057849999066,135.60768515000018
2020-11-16,Up,80.09840192856973,41.629074071430296
2020-11-17,Down,27.192313542856937,77.18752645714267
2020-11-18,Down,12.45522354285822,136.32280245714173
2020-11-19,Up,99.27845987500041,38.32651312499911
2020-11-20,Down,30.19769768214428,26.843680317855615
2020-11-23,Up,14.390556914284389,213.18689808571435
2020-11-24,Down,40.21039164285867,221.18025135714197
2020-11-25,Up,28.55534215714215,40.541171842856784
2020-11-26,Down,42.8534907892863,4.779000210714003
2020-11-27,Up,53.78607115357045,34.71627284643
2020-11-30,Down,182.64266893214335,64.04658806785665
2020-12-01,Down,16.605215564284663,192.74252043571505
2020-12-02,Down,60.7377265607156,126.55793143928531
2020-12-03,Up,58.28889588928723,54.9117761107118
2020-12-04,Down,1.3493769357137353,97.73796406428664
2020-12-07,Up,65.27100362499914,11.470231375000367
2020-12-08,Down,60.041510560715324,116.96317643928523
2020-12-09,Down,353.3824649785729,40.32065102142769
2020-12-10,Down,24.54081375714304,246.84677124285736
2020-12-11,Down,81.12119785357027,89.12085214642866
2020-12-14,Up,114.81047289285743,15.443806107143246
2020-12-15,Down,78.42139397143,67.41635502857025
2020-12-16,Down,22.285201264285206,133.84351773571507
2020-12-17,Down,30.94326720357276,52.266577796428464
2020-12-18,Down,162.74329249285802,11.027089507140772
2020-12-21,Up,112.77748143571444,171.84135056428568
2020-12-22,Down,116.2480593928558,72.81176460714414
2020-12-23,Down,44.435988867857304,51.71107513214338
2020-12-24,Up,43.60851129285584,26.958141707144023
2020-12-28,Down,56.773602046429005,78.18512095357255
2020-12-29,Down,65.39176550714365,29.5791884928567
2020-12-30,Down,57.669336614284475,23.482313385715315
2020-12-31,Down,24.137576071427247,71.42143292857327
2021-01-04,Down,456.5420909857148,14.490316014285781
2021-01-05,Up,147.21757838214216,31.2572476178575
2021-01-06,Up,201.98024158571388,85.87289641428652
2021-01-07,Up,239.05398702500133,7.047213974999977
2021-01-08,Down,73.01548348928736,132.50989251071405
2021-01-11,Down,72.49568432857086,94.80608867142837
2021-01-12,Up,16.314338085714553,196.26770391428545
2021-01-13,Up,98.21891022142881,57.02772577857104
2021-01-14,Up,14.810596503572015,157.19561949642775
2021-01-15,Up,12.34286290000091,208.4719540999995
2021-01-19,Up,93.39265501785849,91.55078098214108
2021-01-20,Up,186.07019195714383,13.57463004285637
2021-01-21,Down,26.571704692856656,138.3778453071427
2021-01-22,Up,17.23737529642858,69.79482970357094
2021-01-25,Up,30.576782567857663,399.2917434321407
2021-01-26,Down,39.62653539285748,85.33524460714216
2021-01-27,Down,396.4942789857141,36.90257901428595
2021-01-28,Up,238.98888054642885,73.56258545357014
2021-01-29,Down,285.71723583214225,100.34116016785629
2021-02-01,Up,212.03179012857254,142.27161187142883
2021-02-02,Up,114.971139360714,33.512859639286035
2021-02-03,Down,112.86674012857111,54.729059871429854
2021-02-04,Down,14.325450728571013,152.38826627142953
2021-02-05,Down,29.45842725714465,110.49876674285588
2021-02-08,Down,28.79581452142702,63.52888947857355
2021-02-09,Up,53.01109803214058,33.43305196785877
2021-02-10,Down,216.18073002500023,5.222142975000679
2021-02-11,Down,58.04947266428644,61.61980933571431
2021-02-12,Down,4.461870907143748,183.71586909285725
2021-02-16,Down,93.74548820357268,15.338795796427803
2021-02-17,Up,44.10415769999963,152.8944143000008
2021-02-18,Up,109.82880364285666,127.15753835714168
2021-02-19,Down,152.88811288928446,41.17018111071593
2021-02-22,Up,32.630776689285995,233.1702813107131
2021-02-23,Down,253.2177226071417,334.8377173928584
2021-02-24,Up,231.36621127143007,174.3920417285699
2021-02-25,Up,88.31122509285706,530.3230969071428
2021-02-26,Up,114.72226583928568,282.2151561607134
2021-03-01,Down,18.824074503572774,267.26489649642826
2021-03-02,Down,219.84242604285646,32.72738495714293
2021-03-03,Down,342.3994803750011,37.484333624999636
2021-03-04,Up,96.58180515357162,480.3005808464295
2021-03-05,Down,378.1038960464284,198.7784899535709
2021-03-08,Down,312.5073614142857,163.52351658571388
2021-03-09,Up,231.16669396071484,11.40617503928479
2021-03-10,Down,215.0434731607147,90.15729983928395
2021-03-11,Up,120.51356057857265,27.97043742142705
2021-03-12,Down,41.53666608928506,163.40065491071437
2021-03-15,Down,3.5304327392841515,216.10827326071558
2021-03-16,Up,76.27418932857108,170.87381367142916
2021-03-17,Down,13.557829925000988,382.7616460749996
2021-03-18,Down,187.09868844285847,103.00599055714156
2021-03-19,Up,66.07138606071385,180.48816893928597
2021-03-22,Up,201.81963714642734,46.5052608535716
2021-03-23,Down,89.77895813928626,137.361825860713
2021-03-24,Down,262.30420602856975,38.09830697142934
2021-03-25,Up,77.98042362857086,189.46902237142785
2021-03-26,Up,129.2647657392863,132.88865126071323
2021-03-29,Down,90.4725802821431,130.19527871785613
2021-03-30,Down,60.995209353572136,103.47590164642861
2021-03-31,Up,171.48747183214437,14.461977167855366
2021-04-01,Up,29.692443896426994,42.68661410357345
2021-04-05,Up,182.80291263928666,4.9118793607140105
2021-04-06,Up,53.91651302856917,75.24774097143018
2021-04-07,Down,0.9057889785708539,150.32525102142972
2021-04-09,Up,135.9387576249992,34.71105337500012
2021-04-12,Down,23.103924221428315,90.7606907785721
2021-04-13,Up,99.8889838821433,29.569493117856837
2021-04-14,Down,211.69403376785885,26.333031232141366
2021-04-15,Up,88.03806942142546,32.59369357857577
2021-04-16,Down,65.05393548571374,37.63017451428459
2021-04-19,Up,23.21636076785944,203.0417512321419
2021-04-20,Up,31.449373960716912,216.28707703928376
2021-04-21,Down,21.63805966428663,244.3402673357159
2021-04-22,Down,201.62947752499895,84.35606847499912
2021-04-23,Up,205.59519412857117,24.193603871428422
2021-04-26,Down,2.834006392855372,143.1010046071424
2021-04-27,Down,97.620308935715,8.888712064283027
2021-04-28,Down,37.77938859999995,84.91194140000152
2021-04-29,Down,228.88300911785518,24.14946988214433
2021-04-30,Up,87.29410333571286,67.76184566428674
2021-05-03,Down,133.02383983571417,73.52127616428515
2021-05-04,Down,321.3155206714291,28.516592328571278
2021-05-05,Up,6.006368125001245,232.60914387499906
2021-05-06,Down,76.8586153821434,164.69913461785654
2021-05-07,Down,24.789407714286426,150.5679852857138
2021-05-10,Down,306.0862861035712,5.790954896428957
2021-05-11,Up,268.44245076785774,46.08280523214307
2021-05-12,Up,74.07189525357171,245.74938874642794
2021-05-13,Up,77.48909505357187,189.07767894642893
2021-05-14,Up,184.3585399678559,43.66491503214456
2021-05-17,Down,107.33705002500028,81.26041397500012
2021-05-18,Down,102.18918386428413,108.76929013571498
2021-05-19,Up,254.32496277857172,55.198488221429216
2021-05-20,Up,221.12075392142833,11.61028207857089
2021-05-21,Down,127.24234180714302,49.58616919285669
2021-05-24,Up,154.9151417857138,3.377269214286571
2021-05-25,Down,58.85842372142906,34.9989732785707
2021-05-28,Up,22.672046303572643,70.30267869642739
2021-06-01,Down,147.77916377857036,16.691948221428902
2021-06-02,Up,15.982658074999563,112.88737192500048
2021-06-03,Down,74.3976432785712,98.90018172142845
2021-06-04,Up,170.52161400000114,22.489207000000533
2021-06-07,Up,48.079322996427436,3.9982920035727147
2021-06-08,Up,12.241812021429723,194.30330497857176
2021-06-09,Up,7.491148310715289,105.19657268928495
2021-06-10,Up,129.18947212500098,34.39896787499856
2021-06-11,Up,6.419332735709759,61.84059126428838
2021-06-14,Down,33.618574014282785,145.97324498571834
2021-06-15,Down,102.04324918214479,41.33579381785603
2021-06-16,Up,26.227155142856645,286.4392578571442
2021-06-17,Up,282.3444628571415,32.08842714285856
2021-06-18,Up,27.384248714286514,115.70038028571435
2021-06-21,Down,75.83458541428627,142.61972558571142
2021-06-22,Up,153.20375826428062,40.519875735717505
2021-06-23,Up,32.36849057142899,66.5542164285689
2021-06-24,Up,51.48020225356959,60.102255746427545
2021-06-25,Down,46.481037114284845,23.589213885716163
2021-06-28,Up,117.20002497500172,6.747771024998656
2021-06-29,Down,10.453978964284033,102.89495603571413
2021-06-30,Down,16.443413060715102,52.44918693928412
2021-07-01,Up,20.650436053569138,95.93703994643147
2021-07-02,Up,87.77918146428783,34.107725535712234
2021-07-06,Up,29.07116284285803,164.94688415713972
2021-07-07,Down,142.80809233571563,9.697747664285998
2021-07-08,Down,37.57338434642952,215.03281365356816
2021-07-09,Up,136.57915753571433,56.55565046428819
2021-07-12,Down,54.071016803569364,28.364572196431254
2021-07-13,Up,141.71245568214,48.18381231786043
2021-07-14,Down,99.32226696785801,58.48300303214273
2021-07-15,Down,190.8499553142865,29.959658685711474
2021-07-16,Up,17.901350725001976,233.52719627499755
2021-07-19,Up,24.654970842857438,127.85086915714055
2021-07-20,Down,57.27380824642751,255.68701775357476
2021-07-21,Up,111.46048734285432,18.964391657144006
2021-07-22,Up,71.26051941071273,21.18510558928756
2021-07-23,Down,27.8525045142851,187.6576784857134
2021-07-26,Down,7.002818799999659,103.40198819999932
2021-07-27,Down,356.17011340357203,11.8459095964281
2021-07-28,Down,77.7849183821454,125.94875161785603
2021-07-29,Up,83.12220192499808,23.749651075002475
2021-07-30,Up,95.64210765357348,38.6101373464262
2021-08-02,Down,76.56520722142886,63.869706778572436
2021-08-03,Down,126.39983425714308,109.13042074285477
2021-08-04,Down,20.710890985716105,110.00840101428548
2021-08-05,Up,42.83601281071242,31.944843189288804
2021-08-06,Up,15.669070378571632,105.33459762142593
2021-08-09,Down,23.86636460000227,66.22395839999808
2021-08-10,Down,147.31155658571515,44.3511884142863
2021-08-11,Down,130.04845097142606,23.929453028573334
2021-08-12,Down,39.369302971426805,136.39515002857297
2021-08-13,Up,33.318067078569584,24.97567092143072
2021-08-16,Up,29.012280889288377,220.0609641107112
2021-08-17,Down,114.3352181892842,75.26663681071659
2021-08-18,Up,41.243029264285724,157.7800357357155
2021-08-19,Up,236.37458869642796,29.480186303571827
2021-08-20,Up,117.09849206428407,12.148734935715765
2021-08-23,Up,216.79929052857187,12.548294471427653
2021-08-24,Up,23.91683591428591,35.260141085716896
2021-08-25,Up,6.123786685711821,69.24589531428501
2021-08-26,Up,3.96931609999956,125.27791090000028
2021-08-27,Up,137.48342555357158,55.35697044642802
2021-08-30,Up,159.99338863214143,6.349853367857577
2021-08-31,Down,74.17205241071133,33.58303958928809
2021-09-01,Up,49.691626492854994,58.35787750714371
2021-09-02,Down,105.99282115357346,17.071736846428394
2021-09-03,Up,102.49666911071472,33.52205288928599
2021-09-07,Down,28.45079304642786,83.13166595357325
2021-09-08,Down,140.85655491071157,18.12636708928767
2021-09-09,Up,28.154277092857228,110.51415990714304
2021-09-10,Up,12.285426471426035,263.87379752857305
2021-09-13,Down,208.11862639285755,21.6572396071424
2021-09-14,Up,11.921683496428159,199.88453150357236
2021-09-15,Up,102.37021049999748,141.25112450000233
2021-09-16,Down,69.95983013214209,134.77635786785686
2021-09-17,Down,216.71838376071537,29.259626239287172
2021-09-20,Down,287.910624403572,117.14298559642702
2021-09-21,Down,93.80460531428616,91.48900968571616
2021-09-22,Down,21.510591703572572,228.59160029642953
2021-09-23,Up,124.28278251428492,4.450619485716743
2021-09-24,Up,113.67892453928289,47.45876546071668
2021-09-27,Down,81.30045166071432,91.62061733928567
2021-09-28,Down,266.47026902500147,24.57916097499765
2021-09-29,Up,59.91168707142788,170.15876292857138
2021-09-30,Up,35.86001682857386,195.09418717142762
2021-10-01,Down,158.67370226428466,172.4392117357129
2021-10-04,Down,350.4955178678574,11.254178132141533
2021-10-05,Up,242.28833969999687,60.83905230000164
2021-10-06,Up,219.34231666785854,96.45220633214194
2021-10-07,Up,86.64780565357069,55.34189634642826
2021-10-08,Down,114.54389967857423,42.46960832142577
2021-10-11,Up,126.31254866071322,93.74203033928643
2021-10-12,Down,113.38976045714298,72.19843854285864
2021-10-13,Down,53.36291991428516,106.00726408571427
2021-10-14,Up,103.90940235000016,6.265179649999482
2021-10-18,Up,206.6920179571389,16.6029890428581
2021-10-19,Up,40.626351135713776,11.220510864284734
2021-10-20,Down,73.73448652857405,76.50357947142766
2021-10-21,Up,104.27552835714232,14.736586642859038
2021-10-22,Down,132.61770727856856,90.9718847214317
2021-10-25,Down,58.64544997857229,199.41052202142964
2021-10-26,Up,83.69354445357021,149.61733454642672
2021-10-27,Up,136.8386820642845,50.22243893571431
2021-10-28,Down,3.419283785715379,142.10543121428418
2021-10-29,Up,213.41590773214193,24.608322267857147
2021-11-01,Down,69.33465640000213,54.39080959999774
2021-11-02,Up,99.44329134642976,22.809252653569274
2021-11-03,Down,18.777654864286887,224.25451113571398
2021-11-04,Up,197.2979308142858,6.849089185714547
2021-11-05,Up,10.46090375714266,173.94895724285743
2021-11-08,Up,18.524100610713504,89.29380538928672
2021-11-09,Down,221.17189588571637,5.6581251142815745
2021-11-10,Down,206.8940186857144,175.47658831428635
2021-11-11,Down,79.33369415000197,41.740511849999166
2021-11-12,Down,44.34232336428613,204.8761156357141
2021-11-15,Down,151.17652794999958,26.457891050002218
2021-11-16,Up,160.65057388214336,10.502988117856148
2021-11-17,Down,18.13693273214085,130.92279526785933
2021-11-18,Down,76.91179028571423,158.46117971428612
2021-11-19,Down,4.966904107139271,127.30151089285937
2021-11-22,Up,118.48291548571797,306.6024365142839
2021-11-23,Down,213.43695028214643,140.3589657178527
2021-11-24,Down,76.20583926428662,236.05367073571324
2021-11-26,Up,29.149130517853337,347.32978748214373
2021-11-29,Up,192.26053686428713,77.87339713571419
2021-11-30,Up,76.13534986071681,380.4705371392847
2021-12-01,Down,442.3753539071404,147.971870092857
2021-12-02,Up,237.080508564286,120.54500543571703
2021-12-03,Up,0.2514491892870865,650.7801708107108
2021-12-06,Down,150.5799941571422,247.69817284285818
2021-12-07,Up,206.93505047500003,54.950519525002164
2021-12-08,Down,30.14019682856815,139.5404421714302
2021-12-09,Up,27.14280000357394,290.7138139964263
2021-12-10,Up,5.407729221431509,221.12770777856713
2021-12-13,Down,220.0524753142854,69.52403268571652
2021-12-14,Up,74.49830198214477,237.46662301785545
2021-12-15,Down,133.2184494464309,491.88973855356744
2021-12-16,Down,553.1780318142846,38.05294618571497
2021-12-17,Up,213.15604244285714,145.94239355714308
2021-12-20,Up,22.8755339678537,173.61228903214578
2021-12-21,Down,113.36871904642612,332.6321279535732
2021-12-22,Up,161.5122335107153,84.17119148928396
2021-12-23,Up,132.96279261071322,20.5157023892898
2021-12-27,Up,190.69713536071504,9.620285639284702
2021-12-28,Down,112.21457847857164,56.87689152142775
2021-12-29,Up,3.1268035357134067,187.7639154642893
2021-12-30,Up,49.18928943928768,121.37510356071289
2021-12-31,Up,7.950624364286341,167.62170463571238
2022-01-03,Up,78.70875504285868,164.02882595714254
2022-01-04,Down,381.1617596285723,13.58139437142745
2022-01-05,Down,409.116770639288,110.82477136071248
2022-01-06,Up,186.370952207144,163.8899507928545
2022-01-07,Down,240.7859583999998,133.63086859999748
2022-01-10,Down,213.79360759642805,298.78332340357156
2022-01-11,Down,53.91736938928443,373.81924161071584
2022-01-12,Up,30.869292989282258,218.93831401071657
2022-01-13,Down,528.2298853428547,18.224256657143997
2022-01-14,Up,200.8529338107146,38.34963418928601
2022-01-17,Down,7.806487603567803,54.6454143964329
2022-01-18,Down,153.22073377142806,157.8604382285739
2022-01-19,Up,64.85697385000094,319.2811401500003
2022-01-20,Up,141.22378262857092,475.341457371429
2022-01-21,Up,65.13788153928544,446.5552964607159
2022-01-24,Up,286.6569654071427,642.4623685928564
2022-01-25,Up,136.3157954357157,318.817169564285
2022-01-26,Down,510.69264234642833,271.1344696535707
2022-01-27,Down,374.0023041071436,173.04100589285736
2022-01-28,Down,159.39333054285635,482.50617145714205
2022-01-31,Up,409.7753765428606,59.49764145713925
2022-02-01,Down,163.37232317500093,169.80268182500004
2022-02-02,Down,174.8905755214255,92.8866834785731
2022-02-03,Up,72.58350213214362,382.54946186785673
2022-02-04,Down,9.981151871430484,445.74098212856916
2022-02-07,Up,19.529896782139986,323.071810217858
2022-02-08,Up,211.8651320928584,28.221189907140797
2022-02-09,Up,54.03835982142846,60.26040417857075
2022-02-10,Up,249.26157376785704,230.61648323214104
2022-02-11,Down,523.6427849892862,117.37296301071547
2022-02-14,Up,132.56405105000158,211.51057794999724
2022-02-15,Up,85.34321768214068,134.71136131785897
2022-02-16,Down,78.85394318928593,232.22722881071604
2022-02-17,Down,296.2225436214285,36.95246237857282
2022-02-18,Down,278.62743547142964,91.95979352857103
2022-02-21,Down,101.35598624642807,28.850337753572603
2022-02-22,Up,196.9675751464274,271.42168985357057
2022-02-23,Down,518.0688267214282,31.920328278571105
2022-02-24,Up,997.0999542285699,37.480609771428135
2022-02-25,Down,110.9331362142857,304.72551278571336
2022-02-28,Up,212.25440323928342,137.1227457607165
2022-03-01,Up,29.0554951857157,410.46449381428283
2022-03-02,Down,49.58277063928472,349.87373436071357
2022-03-03,Down,379.11860532142964,45.67216167857259
2022-03-04,Down,152.11709418928513,103.8767868107152
2022-03-07,Down,511.05035292499997,25.093334074999802
2022-03-08,Up,359.76125105357096,285.67326394642987
2022-03-09,Down,35.18916372142667,318.0175832785735
2022-03-10,Down,105.83892987500076,176.6675511249996
2022-03-11,Down,384.94927339285823,37.190233607141636
2022-03-14,Up,72.71816909285735,371.51517090714333
2022-03-15,Up,296.63601365714203,26.52312034285751
2022-03-16,Up,250.1779427035708,276.24445729642866
2022-03-17,Up,194.78344129642937,124.25150970357026
2022-03-18,Up,358.05686962142863,33.74044037857311
2022-03-21,Up,27.150163950002025,306.31942504999824
2022-03-22,Up,270.5368835892841,69.70814741071445
2022-03-23,Down,4.879580950000673,260.8355860499978
2022-03-24,Down,25.307959971429227,348.81428302856875
2022-03-25,Down,143.93921925357427,133.5593257464243
2022-03-28,Up,180.13207449999754,138.01912350000202
2022-03-29,Up,68.96221867857457,209.4200803214262
2022-03-30,Up,11.430928628575202,250.74922637142663
2022-03-31,Down,163.92151364999881,85.5915093500007
2022-04-01,Down,140.61251946071206,64.41825353928652
2022-04-04,Up,249.15005282856873,17.743452171431272
2022-04-05,Down,322.8866434357151,54.77061256428351
2022-04-06,Down,187.42935125714212,116.58179374285828
2022-04-07,Up,136.5935457250016,236.6449432749978
2022-04-08,Down,125.64552581428507,93.23071518571305
2022-04-11,Down,146.24013473928426,103.86205726071785
2022-04-12,Down,317.0991107392838,149.81723126071665
2022-04-13,Up,309.459905292857,30.78512570714156
2022-04-14,Down,332.32071060714225,18.529361392858846
2022-04-18,Up,117.12572263928632,137.98440536071394
2022-04-19,Up,370.40837498571636,44.66110501428557
2022-04-20,Down,285.1672094000023,40.05401559999882
2022-04-21,Up,66.31411454999761,644.2235624500008
2022-04-22,Down,366.9554244999981,104.67426850000084
2022-04-25,Up,218.58165666071545,133.1521683392839
2022-04-26,Down,415.1673237821433,11.096365217857965
2022-04-27,Up,199.93761795714454,183.02215804285515
2022-04-28,Up,313.1043352428569,286.66959075714294
2022-04-29,Up,94.15760484642851,610.4883831535717
2022-05-02,Down,73.66925652499958,362.9048884750009
2022-05-03,Down,43.02195309642957,210.61525190357133
2022-05-04,Down,185.61450177857114,606.523066221429
2022-05-05,Down,668.7319364785708,55.94579352143046
2022-05-06,Down,196.4751983571423,286.3487036428578
2022-05-09,Up,36.262293107143705,459.22873989285654
2022-05-10,Down,294.05419142857136,138.10118657142812
2022-05-11,Down,269.7730682571437,366.5293287428558
2022-05-12,Up,309.8460210392841,213.04136496071624
2022-05-13,Up,262.0423312107141,53.45760778928525
2022-05-16,Down,48.97782002142958,201.71354097857147
2022-05-17,Down,103.85995429642935,190.13532070357178
2022-05-18,Down,479.78021359285594,77.27896840714311
2022-05-19,Up,160.8851897714285,170.81689322857164
2022-05-20,Down,543.7839451392847,109.60434986071596
2022-05-23,Up,109.89367440357273,208.5521085964283
2022-05-24,Down,192.58984026071448,108.47546073928606
2022-05-25,Up,287.5196769250015,45.94991307499913
2022-05-26,Up,424.9485804500018,44.029852549998395
2022-05-27,Up,214.4259124035707,34.20335759642876
2022-05-30,Up,10.068474828569379,31.467931171429882
2022-05-31,Down,152.0729064964289,187.87754050357034
2022-06-01,Up,29.681487292857128,404.83056670714177
2022-06-02,Up,384.12969684999916,92.80251615000088
2022-06-03,Down,126.42091298928426,142.53468301071553
2022-06-06,Down,170.09831787857183,156.59583012142866
2022-06-07,Up,258.6546097785722,34.162326221427065
2022-06-08,Up,58.71804446785791,181.36827653214277
2022-06-09,Up,85.89135451071525,358.9311544892844
2022-06-10,Down,191.8754736821429,92.10393031785861
2022-06-13,Up,60.013654017857334,315.2968299821423
2022-06-14,Down,139.6155310821432,118.13489591785765
2022-06-15,Up,291.2219998357141,206.0570441642849
2022-06-16,Down,237.31422992857188,91.26613107142657
2022-06-17,Up,170.0571991678571,155.58416083214252
2022-06-20,Up,3.4629198392867693,13.877189160713897
2022-06-21,Up,161.82645681428585,15.983130185715709
2022-06-22,Up,254.94903531071577,28.37070368928471
2022-06-23,Down,69.96501737857216,193.07561162142883
2022-06-24,Up,249.50059227857128,12.952236721428562
2022-06-27,Down,160.2377723821428,24.625418617857576
2022-06-28,Up,61.370979571429416,534.3646124285715
2022-06-29,Down,51.01907333928466,165.87923266071448
2022-06-30,Down,171.3167610535711,221.33383094642886
2022-07-01,Down,26.816987996427997,242.10164400357098
2022-07-05,Down,16.188649567857283,476.0940914321418
2022-07-06,Up,115.05560898928525,144.75211901071634
2022-07-07,Up,239.57585060357087,9.063670396430098
2022-07-08,Up,173.6372549857133,99.98377901428648
2022-07-11,Down,176.26451146785803,10.068179532143404
2022-07-12,Up,40.4301631535709,328.1206168464287
2022-07-13,Up,311.3441679214284,78.95522407857061
2022-07-14,Down,97.11825248928653,283.48243351071324
2022-07-15,Up,34.2236213571432,137.70796264285673
2022-07-18,Up,17.88907212857157,369.47131787142825
2022-07-19,Down,26.663040907142204,318.96352909285815
2022-07-20,Up,212.43522204642795,76.17471895357266
2022-07-21,Down,73.93268015714239,238.18927184285712
2022-07-22,Up,52.05286459642957,364.99144040356987
2022-07-25,Down,126.66991256785695,65.54078143214247
2022-07-26,Down,183.19740718571484,34.58259981428455
2022-07-27,Up,399.01877851785866,9.208521482141805
2022-07-28,Down,126.5366079892865,244.36537401071473
2022-07-29,Down,8.004580225000609,306.7624737749993
2022-08-01,Up,187.78119918571429,60.564422814284626
2022-08-02,Up,212.59266938571454,113.04868961428656
2022-08-03,Up,314.8510261107149,13.14153488928605
2022-08-04,Up,25.620745442856787,164.82654755714248
2022-08-05,Up,167.49054370000158,97.01958629999899
2022-08-08,Up,124.66509331071393,226.54557868928714
2022-08-09,Down,106.15253410714286,52.25964389285764
2022-08-10,Down,64.85431495714329,135.29168304285668
2022-08-11,Up,43.052173282143485,297.87199371785755
2022-08-12,Up,144.67549518928536,77.21911381071368
2022-08-15,Up,144.1811131678587,51.8502828321416
2022-08-16,Down,83.4015138464274,172.87941215357205
2022-08-17,Up,63.125552499999685,183.45666849999907
2022-08-18,Down,31.089386292856943,148.77750170714353
2022-08-19,Down,151.41630449642798,16.98847850357197
2022-08-22,Down,192.46680766428653,42.35940733571442
2022-08-23,Up,89.89670672857028,89.38238127142904
2022-08-24,Up,110.94835440357019,47.169923596429726
2022-08-25,Down,5.846514378572465,213.99079362142766
2022-08-26,Down,566.5198177750008,108.56881322499976
2022-08-29,Up,74.06388646428786,116.38340653571322
2022-08-30,Down,320.83609220714425,9.801569792856753
2022-08-31,Down,185.83410993571306,92.4893260642857
2022-09-01,Up,62.185071053572756,231.42117194642742
2022-09-02,Down,378.5076976714281,116.71404432857162
2022-09-05,Up,11.714020517858444,33.84050148214192
2022-09-06,Down,181.72895531428549,69.2617676857135
2022-09-07,Up,261.3496539428561,63.99780605714295
2022-09-08,Down,15.81707643928712,294.2475755607138
2022-09-09,Up,177.47265215714287,40.60125484285709
2022-09-12,Up,75.27638164285963,60.566837357140685
2022-09-13,Up,9.11100943571364,488.980791564285
2022-09-14,Down,28.45713197142868,158.802015028572
2022-09-15,Up,58.77890144643061,287.6943395535709
2022-09-16,Down,45.74025803928453,146.48519996071445
2022-09-19,Up,189.66534183928525,23.009633160714657
2022-09-20,Up,69.58783025357116,158.27821374642917
2022-09-21,Up,152.52017439285737,335.3468686071428
2022-09-22,Down,96.21916157857049,108.56814142142866
2022-09-23,Down,214.7987386964287,22.999927303571894
2022-09-26,Up,157.53511027499917,128.465988725
2022-09-27,Up,55.143326760713535,336.0267152392862
2022-09-28,Down,17.528612617858016,388.54036338214246
2022-09-29,Down,284.29058987857024,11.643131121429178
2022-09-30,Up,136.13863999285604,229.61557400714446
2022-10-03,Down,11.28688128214344,360.89432471785767
2022-10-04,Up,126.31228238571384,49.84569761428611
2022-10-05,Down,77.39098760714296,325.1723573928557
2022-10-06,Up,90.66335011428419,137.20269388571614
2022-10-07,Down,290.6930107499993,11.667701250000391
2022-10-10,Down,205.21507497499988,30.246504024999012
2022-10-11,Down,112.66431746785565,205.4717355321427
2022-10-12,Down,7.045693267857132,156.84257673214233
2022-10-13,Up,662.5747761571438,12.259276842856707
2022-10-14,Down,447.186067953573,88.29913604642752
2022-10-17,Up,101.14477038928635,43.46252661071412
2022-10-18,Down,306.74379432500064,34.178863675000684
2022-10-19,Up,112.82916500357169,162.3629029964286
2022-10-20,Up,188.22528195357154,147.73106504642965
2022-10-21,Up,320.1319683321417,57.599820667857784
2022-10-24,Down,111.46447321428604,248.44702278571458
2022-10-25,Up,182.4660301785716,57.08545282142768
2022-10-26,Up,203.133605760715,100.3956502392848
2022-10-27,Up,8.354044564284777,276.47851043571427
2022-10-28,Up,391.3265439178558,21.753695082143167
2022-10-31,Down,71.13406175714226,99.4733352428575
2022-11-01,Down,256.5235373249998,20.421346675000677
2022-11-02,Down,375.7692604535714,223.98585254642785
2022-11-03,Down,70.95043246785644,139.97172553214295
2022-11-04,Down,247.17623028214257,116.8251687178581
2022-11-07,Down,40.36484194642799,183.11916305357045
2022-11-08,Down,106.88106898928527,246.60343501071475
2022-11-09,Down,163.65456049642853,101.31274950357147
2022-11-10,Down,36.30936912142897,400.4338818785709
2022-11-11,Up,224.1746971464272,107.69174685357211
2022-11-14,Up,90.85636783928749,96.9870501607129
2022-11-15,Down,230.67159188214282,95.93640411785782
2022-11-16,Down,66.80210319285834,77.51305880714062
2022-11-17,Up,196.04513557142855,42.33780342857244
2022-11-18,Down,207.24750530357232,34.0567926964286
2022-11-21,Down,50.649070803570794,44.58725019642952
2022-11-22,Down,44.64672111071377,215.06214188928607
2022-11-23,Up,110.85620485000072,65.59391114999926
2022-11-28,Up,49.34280564999972,199.84916235000128
2022-11-29,Down,134.59538067857102,68.14697132142828
2022-11-30,Up,529.9700941785723,89.65026382142787
2022-12-01,Up,58.858091553571285,176.89562344642945
2022-12-02,Up,193.39608842500093,52.290249575000416
2022-12-05,Up,16.769646739287055,248.19766326071294
2022-12-06,Down,303.8568654821429,22.458995517858057
2022-12-07,Up,57.0718886249997,124.92881037500047
2022-12-08,Down,60.39597772142952,183.24540727856947
2022-12-09,Down,17.534417839284288,179.07307916071477
2022-12-12,Down,10.756862682143037,180.8843233178577
2022-12-13,Down,468.3089431107146,60.14867388928542
2022-12-14,Up,112.60596650714251,281.3509434928583
2022-12-15,Down,275.74040432499896,18.425657674999457
2022-12-16,Up,17.92041504642839,231.99057595357226
2022-12-19,Down,202.16421722857012,29.234848771429824
2022-12-20,Down,21.788322421429257,186.76008657857165
2022-12-21,Up,148.59972061071312,50.11422738928559
2022-12-22,Down,333.94641125357157,23.854394746427715
2022-12-23,Up,69.89858734285554,146.45953965714398
2022-12-27,Down,127.45328886071547,15.435634139284957
2022-12-28,Up,59.355056607142615,215.72058239285798
2022-12-29,Up,162.7127671321432,9.968785867855331
2022-12-30,Down,11.823297225000715,170.69271577499967
2023-01-03,Down,264.7999839785698,125.39669102142943
2023-01-04,Down,142.42205502857178,94.76198797142933
2023-01-05,Down,85.8562844285716,55.58639457142817
2023-01-06,Up,269.0179428107149,193.20169118928425
2023-01-09,Up,167.02777181071542,86.93270318928444
2023-01-10,Up,113.34215480714374,74.66958619285651
2023-01-11,Up,126.53810078928473,59.738148210715735
2023-01-12,Down,158.77384907499982,146.0944199250007
2023-01-13,Up,177.16181078571572,66.67495521428464
2023-01-17,Down,12.686660396428124,144.0862076035719
2023-01-18,Up,31.982656828569816,289.6620451714298
2023-01-19,Up,11.068933471427954,157.56313552857137
2023-01-20,Down,9.897475196428786,340.9613588035718
2023-01-23,Up,279.36788570000135,15.665923299999122
2023-01-24,Up,62.49014449999959,68.53957649999938
2023-01-25,Down,81.95555795357177,263.9860460464297
2023-01-26,Up,46.78806464642912,175.93353635357198
2023-01-27,Up,259.7454516214293,14.751690378570856
2023-01-30,Up,27.86189366428698,180.39726633571445
2023-01-31,Up,144.38062085000092,40.73863214999983
2023-02-01,Down,57.91278071785746,475.4620662821435
2023-02-02,Up,246.29021539285532,86.05669360714455
2023-02-03,Up,302.0222680535735,44.49783394642691
2023-02-06,Up,63.248389010712344,113.48264698928688
2023-02-07,Up,311.92490865357104,103.72566434642795
2023-02-08,Down,179.76608400357327,76.21913299642802
2023-02-09,Down,357.6468846142852,37.17777238571398
2023-02-10,Up,45.62383827142912,161.1890767285713
2023-02-13,Down,4.933758307141034,243.82023769285843
2023-02-14,Down,41.829513232143654,285.6001657678571
2023-02-15,Up,140.53154580714363,87.68578319285734
2023-02-16,Up,143.30213591785832,109.50134408214217
2023-02-17,Down,89.52251388214427,75.92781811785608
2023-02-21,Up,20.126554435713842,203.75204256428697
2023-02-22,Up,32.48161056785648,148.58815843214325
2023-02-23,Down,214.56168491428616,47.787006085713074
2023-02-24,Up,13.545109592858353,125.29433040714139
2023-02-27,Up,22.62649009285633,128.93989790714295
2023-02-28,Up,92.29103856428446,54.35811943571389
2023-03-01,Down,105.99420186785574,73.05082513214438
2023-03-02,Up,236.79665575714353,22.081049242855443
2023-03-03,Up,175.65565174642688,44.46271025357237
2023-03-06,Up,104.88989098214188,93.82405701785683
2023-03-07,Up,5.30358373571471,249.81388726428668
2023-03-08,Down,49.764229174998036,119.44633782500205
2023-03-09,Up,87.13414457142972,347.89609942856987
2023-03-10,Down,218.88079014285722,110.28438085714333
2023-03-13,Up,325.2076272464292,115.60759375357156
2023-03-14,Up,125.7183511892872,89.58758481071345
2023-03-15,Up,179.79665489999934,112.52696210000067
2023-03-16,Up,400.47054178571307,26.419284214285653
2023-03-17,Up,64.7839782857136,212.078839714286
2023-03-20,Down,58.278135475000454,146.1479775250009
2023-03-21,Up,91.1273218571423,121.60181314285728
2023-03-22,Up,189.87368217142648,222.41427882857352
2023-03-23,Up,150.39289209285744,190.31729790714235
2023-03-24,Down,61.434025617856605,129.5354673821439
2023-03-27,Up,1.2114111464288726,227.5511448535708
2023-03-28,Down,111.43036659285826,11.11077740714245
2023-03-29,Up,70.42858180356961,89.33300219643024
2023-03-30,Up,3.569112432141992,111.52794356785853
2023-03-31,Up,194.50144916785757,11.069909832142002
2023-04-03,Up,27.68628207142865,110.60197192857231
2023-04-04,Down,89.04172444285905,92.47950255714204
2023-04-05,Down,149.33372682857225,32.76012317142704
2023-04-06,Down,27.003225574999306,245.27861542500068
2023-04-10,Down,48.703559864285126,174.9053961357149
2023-04-11,Down,82.31648221071555,40.224661789285165
2023-04-12,Down,215.3539938785725,27.437805121428028
2023-04-13,Up,193.99620993571443,16.156126064284763
2023-04-14,Up,95.92546119642793,129.68767280357133
2023-04-17,Up,13.451508642856425,134.5713223571438
2023-04-18,Down,126.96976218928648,13.608979810715027
2023-04-19,Up,127.51682202857228,30.52689697142887
2023-04-20,Up,135.7605358142846,68.37926718571543
2023-04-21,Down,52.80087629285845,106.96070770714141
2023-04-24,Up,31.505467192857395,159.4640258071413
2023-04-25,Down,164.80884021785823,17.857630782142223
2023-04-26,Down,65.80758005000098,104.26120394999816
2023-04-27,Up,211.20350594642878,8.110784053571479
2023-04-28,Down,18.801435239285638,143.5369497607153
2023-05-01,Up,36.537384396428024,83.42695960357196
2023-05-02,Down,183.0928706714276,39.94346432857128
2023-05-03,Up,98.17504842857124,155.49657257142826
2023-05-04,Down,59.79095696785589,88.51818403214384
2023-05-05,Up,219.00957369285788,16.05182630714262
2023-05-08,Down,18.494672849999915,111.49055914999917
2023-05-09,Up,7.622009796428756,69.10936020357076
2023-05-10,Up,58.52709830357162,152.77048169642876
2023-05-11,Down,41.11427157142862,83.4310494285728
2023-05-12,Down,146.56775567499972,18.633739324999624
2023-05-15,Down,40.7103686071423,106.45352939285658
2023-05-16,Up,103.28365511785705,14.10388888214402
2023-05-17,Down,24.510274239286446,197.09450476071288
2023-05-18,Up,253.75035581428529,7.07904218571457
2023-05-19,Up,4.07379737500014,127.34298962499997
2023-05-22,Up,81.52708099285701,19.25442000714247
2023-05-23,Up,23.144161203570548,169.25688679642917
2023-05-24,Up,40.462913967858185,119.01235903214183
2023-05-25,Down,86.09272067857091,120.051259321428
2023-05-26,Up,369.42923720714134,26.538991792856905
2023-05-29,Up,3.470498974998918,5.977767025004141
2023-05-30,Down,162.99485487143102,92.10832112856951
2023-05-31,Up,58.90952748214477,125.4748105178569
2023-06-01,Down,16.54775769642947,299.82598930357017
2023-06-02,Up,59.45863246785666,123.2078395321405
2023-06-05,Up,107.19691445357239,66.02129154642898
2023-06-06,Down,26.370273421427555,110.2001135785722
2023-06-07,Up,57.35935728214463,365.808424717854
2023-06-08,Up,173.99329152857172,49.9019764714285
2023-06-09,Up,104.0434036214283,114.98457637857064
2023-06-12,Down,4.37455860357295,244.28821839642842
2023-06-13,Down,110.63455343214446,62.21295056785675
2023-06-14,Down,95.37096182857204,176.20613217142818
2023-06-15,Up,299.17713979642576,6.064198203574051
2023-06-16,Down,190.3224664178597,34.01152858214118
2023-06-20,Up,73.17274963928503,135.31924836071266
2023-06-21,Down,186.55999874285772,19.951749257143092
2023-06-22,Up,225.74934088214286,15.841115117858863
2023-06-23,Up,86.04993085000024,106.31717714999832
2023-06-26,Up,90.05224697499943,229.33373102500263
2023-06-27,Up,207.27119587857305,77.0360741214281
2023-06-28,Up,172.23651566071567,32.86076833928746
2023-06-29,Down,61.40936939642779,70.135785603572
2023-06-30,Up,100.55865278928832,8.6379702107115
2023-07-03,Down,12.905973628570791,53.8567283714292
2023-07-05,Up,120.25369100000171,37.60049499999877
2023-07-06,Down,61.55242251785603,97.43333448214253
2023-07-07,Down,20.078316364284547,192.09128763571425
2023-07-10,Up,16.657335532141587,154.77570546785864
2023-07-11,Up,51.52488386785626,139.99354613214382
2023-07-12,Up,53.60717655714325,131.687611442856
2023-07-13,Up,152.8712310892879,53.074731910714036
2023-07-14,Up,118.79477185357246,101.0129381464285
2023-07-17,Up,140.1501474892866,56.7432455107155
2023-07-18,Down,60.76739523214201,275.0263657678588
2023-07-19,Down,81.34986746071445,90.08317253928544
2023-07-20,Up,36.07994595357013,357.7068390464301
2023-07-21,Down,153.22080555714274,69.69872544285681
2023-07-24,Up,9.555715114289342,143.20639988571202
2023-07-25,Up,129.41234538928256,20.237949610716896
2023-07-26,Down,80.34761962142875,111.45370337857094
2023-07-27,Up,41.39226893214436,403.03232906785706
2023-07-28,Up,139.33076956785953,54.73369543214358
2023-07-31,Up,9.102075967857672,109.43001003214158
2023-08-01,Down,35.93849999285885,100.98161800714297
2023-08-02,Down,246.96339890357194,29.422872096427454
2023-08-03,Up,145.77163238214416,46.59547561785439
2023-08-04,Up,70.0210207892851,239.7466012107143
2023-08-07,Up,12.240164978567918,154.66659002143206
2023-08-08,Down,141.46761991785752,34.49170508214229
2023-08-09,Down,200.45177981071538,7.191539189283503
2023-08-10,Up,119.13828441071382,227.4054025892874
2023-08-11,Down,19.367043882142752,135.65821411785873
2023-08-14,Up,167.30583701428623,37.508554985714
2023-08-15,Down,125.66906769643174,35.57983230357058
2023-08-16,Up,27.91747851071341,193.30469548928522
2023-08-17,Down,228.30560816071375,21.488738839289
2023-08-18,Up,150.7899475857157,68.1690834142828
2023-08-21,Up,189.00775612142752,65.59576987857145
2023-08-22,Down,135.9178691035704,11.469282896428922
2023-08-23,Up,221.89606540356908,27.61538959643076
2023-08-24,Down,496.01212263214256,23.661962367856177
2023-08-25,Up,123.15233101785634,212.92432198214374
2023-08-28,Down,79.07258109285613,64.3540719071425
2023-08-29,Up,351.88834026071345,20.681484739285224
2023-08-30,Up,70.95860839642773,96.23103960357184
2023-08-31,Up,81.76915512500273,46.94707187499807
2023-09-01,Down,155.7587582571432,11.147996742856776
2023-09-04,Down,2.236873035712051,22.374800964287715
2023-09-05,Down,0.2000449250008387,162.74621107499843
2023-09-06,Down,170.85715120714303,59.70048579285867
2023-09-07,Down,6.0619889142872125,168.48287208571492
2023-09-08,Up,90.3872829178581,62.37483208214326
2023-09-11,Down,49.72339408571497,127.64235891428325
2023-09-12,Up,23.58570838214291,171.93559461785844
2023-09-13,Up,90.60201805000179,94.3052719499974
2023-09-14,Down,65.16364904999864,139.85440195000047
2023-09-15,Down,250.63718935714132,18.34426064285799
2023-09-18,Up,82.24815967142786,25.567872328570957
2023-09-19,Down,86.698769760711,91.50493123928754
2023-09-20,Down,240.23763653928836,50.53047146071185
2023-09-21,Up,1.4548017142842582,159.989931285716
2023-09-22,Down,59.216229889287206,136.30507311071415
2023-09-25,Down,9.833159274996433,161.94627072500225
2023-09-26,Down,140.23977439999726,15.618635599999834
2023-09-27,Up,38.13694382142785,224.9788661785733
2023-09-28,Down,3.5711814714304637,319.8769165285703
2023-09-29,Up,26.99859934642518,252.0382306535721
2023-10-02,Up,152.67919351428645,50.38364548571553
2023-10-03,Up,65.5275675785706,295.62821042142787
2023-10-04,Up,184.76663338213984,62.707472617858
2023-10-05,Down,171.11804939643116,42.00017060356913
2023-10-06,Up,430.36932177500057,81.33785922500101
2023-10-09,Down,22.889958396426664,271.2299446035722
2023-10-10,Up,155.85042928928306,6.990884710714454
2023-10-11,Up,22.387188767861517,127.60558223213957
2023-10-12,Up,39.7556660928567,242.35364190714608
2023-10-13,Down,266.94443720714116,48.124176792858634
2023-10-16,Up,132.42179055356974,39.636956446429394
2023-10-17,Down,51.51188300357171,237.85964499642796
2023-10-18,Up,56.53757773928737,216.6336132607139
2023-10-19,Down,215.78269641071893,103.75497558928328
2023-10-20,Down,187.82315050000034,73.89607950000209
2023-10-23,Down,50.68889692142875,328.6224300785707
2023-10-24,Up,64.01626760714498,128.1532413928544
2023-10-25,Down,278.62184607857125,31.139759921428777
2023-10-26,Down,265.4321394749986,57.45732652500192
2023-10-27,Up,66.67176652499984,154.54662147499948
2023-10-30,Up,78.62250851428507,111.59178748571503
2023-10-31,Down,75.6128766357142,139.4605573642857
2023-11-01,Up,221.90969622856937,34.502526771428165
2023-11-02,Down,10.40253139286142,144.8972466071391
2023-11-03,Up,152.30211659285487,45.453715407144045
2023-11-06,Up,13.171751010715525,120.34136698928342
2023-11-07,Down,12.886450546429842,197.43860845356903
2023-11-08,Down,69.072888221428,51.31237077857077
2023-11-09,Down,144.82342647143014,97.62298852856838
2023-11-10,Up,266.9105201285711,48.716725871428935
2023-11-13,Down,28.981045442858886,109.83907955714312
2023-11-14,Up,77.4633448178538,30.632004182145465
2023-11-15,Down,98.10381095000048,63.6202380499999
2023-11-16,Up,22.6116397357182,100.28746426428188
2023-11-17,Down,3.277974307140539,125.20745369285942
2023-11-20,Up,209.94997662856986,7.078669371428987
2023-11-21,Down,68.69182143571379,27.951565564286284
2023-11-22,Up,78.75618032857165,108.94427067142897
2023-11-24,Down,18.393966349998664,30.207043649999832
2023-11-27,Up,67.2852646285719,65.66922137142683
2023-11-28,Up,75.85328747499807,50.397610525000346
2023-11-29,Up,35.964946592855995,181.90164740714317
2023-11-30,Down,164.99304581786055,19.634927182141837
2023-12-01,Down,47.39695761785697,160.4142553821439
2023-12-04,Down,126.96215702142581,56.82786797857261
2023-12-05,Up,159.49550547499894,21.22204152500126
2023-12-06,Down,223.9477065928586,34.699045407141966
2023-12-07,Up,115.7436240714269,83.68810492857301
2023-12-08,Up,148.46351535000213,43.14736164999704
2023-12-11,Up,155.1950342500022,31.94678374999785
2023-12-12,Down,19.969165800001065,175.7757251999974
2023-12-13,Up,184.91805702499914,69.27460397500181
2023-12-14,Up,28.42670421785806,246.4432347821421
2023-12-15,Up,73.67449877142644,63.89831922857411
2023-12-18,Up,104.24704192499848,26.1576530750026
2023-12-19,Up,34.529059728571156,36.049379271426005
2023-12-20,Up,61.1000677107113,260.0869722892894
2023-12-21,Up,11.482676632142102,155.03832936785693
2023-12-22,Up,9.928237678574078,150.52743332142563
2023-12-26,Up,77.47073646428544,20.401709535712143
2023-12-27,Up,5.595995621428301,74.08044637857165
2023-12-28,Down,40.86171826785721,28.062539732141886
2023-12-29,Down,136.30539071785824,7.33276228214163
2024-01-02,Down,234.3839298392886,15.397579160711757
2024-01-03,Up,16.02193576785794,128.99470223214303
2024-01-04,Up,111.82566962499914,51.11127537500215
2024-01-05,Up,110.00508488928608,81.32865411071543
2024-01-08,Up,297.3687861107137,5.070855889283848
2024-01-09,Up,185.45942292857217,43.92050607143028
2024-01-10,Up,122.96678302142755,77.1892599785715
2024-01-11,Up,29.591152942855842,290.76879605714566
2024-01-12,Down,68.87010239643132,73.3895656035711
2024-01-16,Down,33.809318139286916,163.31405886071298
2024-01-17,Down,114.5501473892873,96.35808061071293
2024-01-18,Up,104.01162828571614,98.07429471428259
2024-01-19,Up,243.30952153214093,64.3683634678564
2024-01-22,Up,20.177084253569774,146.3439227464296
2024-01-23,Down,46.742461800000456,95.79290219999893
2024-01-24,Down,59.1074733464302,149.8708756535707
2024-01-25,Down,158.94918451428384,72.6363214857156
2024-01-26,Down,20.663491874998726,121.04478112500146
2024-01-29,Up,149.53609960357062,67.16176539642765
2024-01-30,Down,88.59130243571417,43.19187756428437
2024-01-31,Down,149.316526453571,130.2402615464307
2024-02-01,Down,9.752782314284559,198.94986968571538
2024-02-02,Down,7.0194432285716175,334.84487377142796
2024-02-05,Down,143.623382910715,67.28484508928523
2024-02-06,Down,156.94447221428345,32.45938678571474
2024-02-07,Down,19.54298031428334,153.31905668571562
2024-02-08,Up,26.424575425000512,49.94350157499866
2024-02-09,Down,0.2697891464304121,215.87668285356995
2024-02-12,Up,63.15529713928481,141.1362018607142
2024-02-13,Down,56.08760753213937,219.33372546785904
2024-02-14,Down,67.74565286785582,140.95699913214412
2024-02-15,Down,77.579175078572,90.59601292142906
2024-02-16,Down,190.0822710678549,38.47056693214472
2024-02-20,Up,29.514351185713167,269.89262281428455
2024-02-21,Down,93.93293240357161,80.85898459643067
2024-02-22,Up,170.42408846428953,45.17098953571258
2024-02-23,Up,1.88261716785928,217.29652183214057
2024-02-26,Down,15.027457264284749,88.08323173571625
2024-02-27,Down,80.10081804999936,56.369211950001045
2024-02-28,Down,13.35358285714392,95.8224411428564
2024-02-29,Up,36.24529746071494,185.69081153928346
2024-03-01,Up,263.75737919999665,42.26632380000228
2024-03-04,Down,43.558162128570984,60.37961887142956
2024-03-05,Down,293.0373884142864,23.18710558571547
2024-03-06,Down,113.65610073928474,118.7564952607172
2024-03-07,Up,153.93937490357348,112.10825909642881
2024-03-08,Up,87.02475293571479,380.55741006428434
2024-03-11,Down,46.914772525000444,101.6859264750019
2024-03-12,Down,103.86496330357113,239.10705469642926
2024-03-13,Down,114.37168764643138,22.708326353571465
2024-03-14,Down,189.76892656428754,15.851094435714913
2024-03-15,Down,115.29729265714195,65.02820134285867
2024-03-18,Up,59.65178608928545,107.07449991071553
2024-03-19,Down,49.87448196785408,206.87855903214586
2024-03-20,Down,30.95062287500332,244.2973401249983
2024-03-21,Down,97.77950055714246,70.8506754428563
2024-03-22,Up,49.12175727856811,36.8252347214293
2024-03-25,Down,1.3861178857187042,169.41993111428383
2024-03-26,Down,81.14034113928574,5.622603860712843
2024-03-27,Down,160.93074306786002,14.499035932141851
2024-03-28,Down,15.151873971430177,82.76242202857247
2024-04-01,Up,79.206528535713,130.22127046428795
2024-04-02,Down,56.701896528571524,101.59288147142797
2024-04-03,Up,193.05338100000154,23.71798999999737
2024-04-04,Down,465.1045596714248,64.44858832857426
2024-04-05,Up,254.44408971071243,19.98792128928835
2024-04-08,Down,60.86616805356971,89.81305294643244
2024-04-09,Down,212.83051464285745,50.722130357142305
2024-04-10,Up,64.20477376785493,73.14722423214334
2024-04-11,Down,64.90513288214424,315.0567301178562
2024-04-12,Up,8.155638642856502,234.45422635714203
2024-04-15,Down,492.5963300750009,34.78094492500168
2024-04-16,Down,5.790348400001676,179.15887559999828
2024-04-17,Down,323.0064388749961,6.910340125003131
2024-04-18,Down,114.43344768214229,129.80832231785826
2024-04-19,Down,362.3674023464264,76.88700565357067
2024-04-22,Down,96.80401789285679,229.03299910714122
2024-04-23,Up,192.9309885285693,34.447764471427945
2024-04-24,Up,12.63852109642903,235.68301190357306
2024-04-25,Up,218.1303203857169,68.26899461428548
2024-04-26,Up,165.64709201785445,43.50872198214347
2024-04-29,Down,83.4913650821436,69.09174591785995
2024-04-30,Up,7.010391242856713,326.714165757141
2024-05-01,Down,54.03256618571686,374.6144608142822
2024-05-02,Down,156.99896722142876,168.5660647785735
2024-05-03,Up,44.06920380714291,126.19287719285785
2024-05-06,Up,70.62845658571314,34.357427414288395
2024-05-07,Up,4.829661607142043,103.6920163928553
2024-05-08,Up,119.93335497142834,10.891023028572818
2024-05-09,Down,33.730891907140176,108.24483609285744
2024-05-10,Up,32.644897653572116,140.88099234642868
2024-05-13,Down,59.2993445857137,27.463600414284883
2024-05-14,Up,129.9248868428549,42.785050157144724
2024-05-15,Down,26.022084296429966,257.1134197035717
2024-05-16,Up,49.35735248571291,69.49972251428699
2024-05-17,Down,76.97248752499945,28.557364475000213
2024-05-20,Up,125.84415393571544,14.227685064284742
2024-05-21,Up,93.26725222142704,17.9742667785722
2024-05-22,Up,1.41334629999983,166.67286070000046
2024-05-23,Down,361.5077375321416,17.910156467856723
2024-05-24,Down,1.3890616142853105,209.1266733857119
2024-05-27,Up,52.4618584035743,34.573071596427326
2024-05-28,Down,78.2158430357158,57.776232964282826
2024-05-29,Up,93.27696609999839,35.91550790000474
2024-05-30,Down,205.559795789286,20.731020210714632
2024-05-31,Down,359.6436761107143,23.853980889285594
2024-06-03,Up,9.683606942853658,338.1841260571455
2024-06-04,Down,38.720830703572574,163.09141229642773
2024-06-05,Down,16.441442089286284,285.46096791071614
2024-06-06,Down,53.31375138928706,43.784591610714415
2024-06-07,Down,12.918276396430883,163.8714236035703
2024-06-10,Up,113.47276058571515,12.455903414283966
2024-06-11,Down,28.869175110714423,230.60370788928412
2024-06-12,Up,162.0297030321417,12.312138967859937
2024-06-13,Down,108.17295468571683,21.835470314283157
2024-06-14,Up,69.64834219285694,55.7363528071437
2024-06-17,Down,17.14098519642721,377.1924798035725
2024-06-18,Down,26.335451446429943,83.72358155357142
2024-06-20,Down,268.5636514035723,58.92908359642752
2024-06-21,Down,70.41781150357201,99.77103649642959
2024-06-24,Up,40.22511616785414,208.34723783214577
2024-06-25,Down,1.719196846424893,201.21892415357433
2024-06-26,Up,68.87679926071723,55.67781473928335
2024-06-27,Up,97.70498734285502,77.04728365714254
2024-06-28,Up,179.56292310000208,214.5021048999988
2024-07-01,Down,131.2507089142855,144.9706230857155
2024-07-02,Up,236.2580594678584,18.756775532143365
2024-07-03,Up,195.04733942142775,20.775741578574525
2024-07-05,Up,173.80027935357066,53.028705646429444
2024-07-08,Down,10.001183392858366,97.37348360714168
2024-07-09,Up,14.695948289285298,152.80853271071464
2024-07-10,Down,20.438576214284694,209.07477578571343
2024-07-11,Down,518.8545245785681,39.762181421432615
2024-07-12,Up,278.165579228571,11.209148771427863
2024-07-15,Up,158.05455174999952,154.13729325000168
2024-07-16,Down,155.23021453214096,28.648903467856144
2024-07-17,Down,238.40148088571732,31.645807114284253
2024-07-18,Down,362.77010594285457,25.389316057142423
2024-07-19,Up,67.3354211928563,278.9478808071435
2024-07-22,Down,106.33351598213994,145.99695201785653
2024-07-23,Up,87.07510355357226,107.00460744642987
2024-07-24,Down,457.4074534392894,21.215124560709228
2024-07-25,Down,300.86956894285686,243.78843005714225
2024-07-26,Down,71.67738389642909,204.812384103574
2024-07-29,Down,122.3246726357138,161.1444493642848
2024-07-30,Down,457.16490233928926,26.55797366071056
2024-07-31,Up,148.58736496785787,96.76374903213946
2024-08-01,Up,98.73196571428707,775.029388285715
2024-08-02,Down,209.17064484285584,193.75279315714215
2024-08-05,Up,702.2897628642822,34.56889013571708
2024-08-06,Up,345.7032869964278,209.69217900357398
2024-08-07,Up,24.89941817500221,615.8589078250006
2024-08-08,Down,80.29132465714065,446.91829134285945
2024-08-09,Up,142.15447219285488,113.66567180714264
2024-08-12,Down,29.201115371426567,230.37714262857116
2024-08-13,Up,210.81290190714208,60.845006092858966
2024-08-14,Down,132.98064845357294,165.52092554642877
2024-08-15,Up,178.03103272142835,34.3023712785689
2024-08-16,Up,74.80083609999565,103.17267490000086
2024-08-19,Up,166.39717932499843,19.092558675001783
2024-08-20,Up,24.29735372856885,171.1245402714303
2024-08-21,Up,66.08239737142503,159.67284062857289
2024-08-22,Down,405.37963414642945,15.797497853571258
2024-08-23,Up,84.79818561785578,250.74764938214503
2024-08-26,Down,211.07558683928437,29.712104160713352
2024-08-27,Down,24.663577485713176,246.72589351428542
2024-08-28,Down,314.8762107214279,23.08555427857209
2024-08-29,Up,156.39887203213948,226.39181596785784
2024-08-30,Up,18.095506842859322,259.19957015714317
2024-09-03,Down,556.0234161642838,41.24816983571509
2024-09-04,Up,195.46695342142993,101.4240005785723
2024-09-05,Up,227.45405903928622,103.79678896071346
2024-09-06,Down,479.5803224214287,12.732525578572677
2024-09-09,Up,48.40200683571675,201.51253016428382
2024-09-10,Up,66.85894540357185,243.1854055964286
2024-09-11,Down,318.46846955,457.31350145000033
2024-09-12,Down,12.911803707145737,307.6015772928549
2024-09-13,Up,114.27348971428364,61.82096428571458
2024-09-16,Down,81.77443805356961,94.58845294642742
2024-09-17,Down,170.3198294035683,122.28918259642887
2024-09-18,Down,121.05468262142676,241.85477337857083
2024-09-19,Down,34.13025215714515,219.48191084285645
2024-09-20,Down,122.71770724286034,114.97737475714166
2024-09-24,Down,135.93909383928622,141.81397616071263
2024-09-25,Up,81.1087329607144,62.67556903928562
2024-09-26,Down,278.7875976821415,23.371663317855564
2024-09-27,Down,164.82904544999838,51.112691549999
2024-09-30,Up,55.24932012499994,181.64990787499846
2024-10-01,Down,410.7168186750023,50.613256324999384
2024-10-02,Down,68.859063253567,203.58831274643308
2024-10-03,Up,167.52939016428718,81.57293283571198
2024-10-04,Down,179.61170713571482,57.55280486428455
2024-10-07,Down,152.26393706428644,101.61351093571648
2024-10-08,Up,191.29678959643206,14.033559403567779
2024-10-09,Up,163.2713573857145,22.69320961428457
2024-10-10,Down,14.486439353571768,204.90399864642677
2024-10-11,Up,117.0824505392884,18.212741460713005
2024-10-14,Up,91.41710384999897,73.05940315000043
2024-10-15,Down,354.4468738214273,14.03356017857368
2024-10-16,Down,106.53643706428556,77.0405689357176
2024-10-17,Down,186.05836504285617,12.905151957140333
2024-10-18,Up,19.968358039284794,73.14656796071722
2024-10-21,Up,86.80494059643024,135.5036294035708
2024-10-22,Up,167.44769678214288,20.373864217854134
2024-10-23,Down,333.6836095964318,68.22269540356865
2024-10-24,Down,71.14556447142968,84.57654852857013
2024-10-25,Up,184.5983514392865,77.76820656071504
2024-10-28,Down,101.02609418928841,46.47219281071375
2024-10-29,Down,41.259348560717626,292.2035054392836
2024-10-30,Down,112.68251413571124,83.36287186428672
2024-10-31,Down,334.5448373250001,18.81436867500088
2024-11-01,Up,184.74615263928354,42.868111360716284
2024-11-04,Down,66.45665723214552,160.36175276785434
2024-11-05,Up,188.56056834642732,22.60604465357028
2024-11-06,Up,214.16243476428644,90.38438823571414
2024-11-07,Up,210.82269001428722,23.95425998571227
2024-11-08,Up,31.802897778568877,40.8851072214311
2024-11-11,Down,144.2551814749968,10.671076525002718
2024-11-12,Down,117.45574380714243,47.816617192860576
2024-11-13,Down,59.73547994999899,165.2259360499993
2024-11-14,Down,127.3991831500025,51.93326784999954
2024-11-15,Down,327.00885724285763,34.308889757143334
2024-11-18,Down,6.779918960713985,230.11930903928442
2024-11-19,Up,236.09674112142966,61.552679878572235
2024-11-20,Down,240.59900179285614,64.47839120714343
2024-11-21,Down,332.82996151785846,53.95511548214199
2024-11-22,Up,41.7690745892869,125.62556441071138
2024-11-25,Down,198.8412961071408,120.29618489286077
2024-11-26,Up,39.89407989642859,88.50371010357048
2024-11-27,Down,229.74696348571524,50.92423851428248
2024-11-29,Up,151.95507040714438,23.132824592856196
2024-12-02,Up,184.13599739285928,31.275170607139444
2024-12-03,Up,79.54466743214289,40.62929756785525
2024-12-04,Up,91.67859960714122,49.187571392856626
2024-12-05,Down,31.95543556785924,81.3211264321435
2024-12-06,Up,146.86255192499812,16.0222480750017
2024-12-09,Down,147.70104096071373,18.101890039284626
2024-12-10,Up,37.87033675714338,231.65890724285418
2024-12-11,Up,205.21476060714485,24.521780392853543
2024-12-12,Down,33.847484042857104,93.75445195714201
2024-12-13,Up,80.21735290357174,176.04765709642743
2024-12-16,Up,229.30355780714308,35.450562192854704
2024-12-17,Down,55.74389252500259,90.95854047499961
2024-12-18,Down,836.7240179,115.9133021000016
2024-12-19,Down,283.3841599535699,50.00711104643051
2024-12-20,Up,587.0842628714308,104.13818812856698
2024-12-23,Up,107.43678899999941,210.73234800000137
2024-12-24,Up,176.23922367142586,30.835856328572845
2024-12-26,Down,34.86756613214675,183.60857486785608
2024-12-27,Down,305.1085422750002,24.196515725001518
2024-12-30,Down,99.26881966071232,237.99046533928777
2024-12-31,Down,221.9227927285756,81.92873327142661
2025-01-02,Down,316.3666169249991,171.75786807500117
2025-01-03,Up,210.8525413785719,104.93032762143048
2025-01-06,Up,100.39964553214304,163.68073846785774
2025-01-07,Down,467.3479065035717,79.37272849642613
2025-01-08,Down,124.32043218571198,157.25925381428533
2025-01-10,Down,269.6688182500002,64.93905775000167
2025-01-13,Up,134.16037265357227,123.55662834642862
2025-01-14,Up,1.0700322785705794,376.75581772142687
2025-01-15,Down,6.900292632144556,275.2096753678561
2025-01-16,Down,182.50314238213832,42.86666261786013
2025-01-17,Down,110.4908611357132,91.8116818642884
2025-01-20,Down,44.879840746431,72.57759925357095
2025-01-21,Down,133.74940382856948,127.41442917142922
2025-01-22,Up,127.46556326785867,49.118307732143876
2025-01-23,Up,82.33289306785446,52.62384993214437
2025-01-24,Down,153.7722812392858,49.590825760715234
2025-01-27,Up,256.35436577857035,86.7380202214299
2025-01-28,Down,88.39704498214269,406.35596401785733
2025-01-29,Down,181.22099662500113,66.68578937499842
2025-01-30,Up,36.824289542855695,312.3663384571446
2025-01-31,Up,137.63655996071248,318.6710110392851
2025-02-03,Up,255.67068083928825,175.4485001607136
2025-02-04,Up,219.23463343571348,13.028837564284913
2025-02-05,Up,145.24799810357217,56.52426289642972
2025-02-06,Up,42.97650680357401,138.11476019642578
2025-02-07,Up,21.690423500003817,418.70869149999635
2025-02-10,Up,70.48014558214345,15.160380417859415
2025-02-11,Up,107.59703793571316,57.58577306428924
2025-02-12,Up,238.91661329643102,35.23912670356731
2025-02-13,Up,181.1906952785721,105.69181072142965
2025-02-14,Up,54.22511194285835,30.619991057141306
2025-02-18,Down,109.73899782857552,21.240631171425775
2025-02-19,Down,41.29096855714306,151.46650044285707
2025-02-20,Down,222.46745911785547,13.773125882144086
2025-02-21,Down,505.46091547499964,39.138591524999356
2025-02-24,Up,2.723375549998309,398.96516044999953
2025-02-25,Down,376.2993959857122,55.88034901428546
2025-02-26,Down,134.69728341785594,230.9320835821418
2025-02-27,Down,706.7076285535695,18.18772244642969
2025-02-28,Down,81.07347336428211,394.58938763571496
2025-03-03,Up,12.04876169643103,840.909667303571
2025-03-04,Down,219.9694534500013,477.0860985499967
2025-03-05,Down,151.80360890000156,389.08392509999976
2025-03-06,Down,257.87135039642817,283.2813236035727
2025-03-07,Up,191.1088596357149,361.17973436428656
2025-03-10,Down,566.9480479642843,103.59340903571501
2025-03-11,Up,195.5461842285731,319.62267777142915
2025-03-12,Down,228.50983186785743,124.12762913214465
2025-03-13,Down,336.41556961071547,87.80994738928348
2025-03-14,Up,196.67208547856717,121.49705152142997
2025-03-17,Up,179.99850841428633,170.51782458571324
2025-03-18,Down,216.84731250000186,34.74404549999963
2025-03-19,Up,278.86817504285864,113.60384995714412
2025-03-20,Up,245.31169564642914,79.99934135357034
2025-03-21,Up,205.20043998214533,81.5454980178547
2025-03-24,Up,78.1593205464269,63.2460414535708
2025-03-25,Up,18.51831686071455,79.33734113928585
2025-03-26,Down,336.5249995035738,23.15357449642761
2025-03-27,Down,20.616639357143868,254.58600364285303
2025-03-28,Down,441.5051604035725,104.17786959642763
2025-03-31,Down,130.2189123571443,402.6090836428557
2025-04-01,Up,208.06490171428595,193.5892902857122
2025-04-02,Up,521.8320169035724,49.82342609642728
2025-04-03,Up,84.29705878928871,330.47451321071276
2025-04-04,Up,24.571219710713194,724.4312072892862
2025-04-07,Down,179.3293497928571,1592.0417142071456
2025-04-08,Up,116.21999167857211,1335.8740313214294
2025-04-09,Up,2174.965690964287,114.54190403571192
2025-04-10,Down,778.2794836857138,147.28288531428552
2025-04-11,Up,331.84724006428223,301.4598909357155
2025-04-14,Down,366.0152053321435,111.98214066785658
2025-04-15,Up,9.67125758214388,263.69495241785626
2025-04-16,Up,3.817157749999751,645.4931772499986
2025-04-17,Down,87.77401484642905,189.78975715357228
2025-04-21,Down,292.7387061964291,20.24199280357061
2025-04-22,Up,219.49031722857035,98.21263877143065
2025-04-23,Up,64.05872827857092,393.213156721431
2025-04-24,Up,324.54366977857353,10.998923221428413
2025-04-25,Up,100.45852097143143,88.43175802856786
2025-04-28,Down,151.83461606428318,185.54440993571552
2025-04-29,Up,138.4071036000023,89.83531740000035
2025-04-30,Down,83.05082071785364,537.1389292821441
2025-05-01,Down,13.365673846426944,265.50983515357075
2025-05-02,Up,104.1304508892863,58.262720110717055
2025-05-05,Up,102.54793261428495,88.96582338571534
2025-05-06,Up,157.6409319428567,40.43151405714525
2025-05-07,Down,147.51243968214476,245.74662831785827
2025-05-08,Down,113.07088292857225,262.8732430714299
2025-05-09,Down,96.9336946464282,36.86358635357465
2025-05-12,Down,165.485124742856,100.53535125714188
2025-05-13,Up,281.825983535713,34.040539464287576
2025-05-14,Up,35.98378492499978,116.96487207500104
2025-05-15,Up,171.7524210285701,65.4098179714274
2025-05-16,Down,88.19470745000217,106.72956654999871
2025-05-19,Up,293.73281705000045,15.050319949998084
2025-05-20,Down,54.942147571426176,95.12068542857378
2025-05-21,Up,233.58587970714507,276.1555272928563
2025-05-22,Up,113.16176795714273,66.28399704285766
2025-05-23,Up,186.84115696428853,63.43846303571263
2025-05-27,Down,7.713019825001538,302.64420317499753
2025-05-28,Up,4.205056482140208,225.08675451785894
2025-05-29,Down,332.59211977142695,33.907491228572326
2025-05-30,Down,263.06625540714595,107.89326559285473
2025-06-02,Up,211.3556675607142,112.90597943928515
2025-06-03,Up,167.26534136071132,44.973875639287144
2025-06-04,Up,23.057543535713194,146.94370746428467
2025-06-05,Down,267.96747121428416,184.84450378571637
2025-06-06,Up,20.763876521428756,138.21877447857332
2025-06-09,Up,39.45989085713882,42.130215142860834
2025-06-10,Up,106.3154323392846,155.50748266071605
2025-06-11,Down,182.83286060714454,106.27420639285629
2025-06-12,Up,99.99379202500131,43.51035097500062
2025-06-13,Up,131.3443319214275,135.72553607857117
2025-06-16,Up,162.25731184643155,15.653720153568429
2025-06-17,Up,18.749834725000255,215.5213342749994
2025-06-18,Down,59.83434053571182,164.0478634642859
2025-06-19,Down,87.89809578214044,7.160937217857281
2025-06-20,Up,6.587633067858405,373.1290509321407
2025-06-23,Down,84.91216747142971,279.22106852856814
2025-06-24,Up,115.31352424285797,37.9237157571406
2025-06-25,Down,59.37417358214225,27.113962417857692
2025-06-26,Down,26.820817585714394,199.65862741428646
2025-06-27,Up,71.86791631785673,162.40325268214292
2025-06-30,Down,43.012734282143356,116.71760871785591
2025-07-01,Down,165.32475490714205,31.02669009285819
2025-07-02,Up,156.2142007750008,24.81352122500175
2025-07-03,Up,126.49341184642617,51.15789615357426
2025-07-07,Down,124.74550189643196,65.11284010356758
2025-07-08,Down,53.27313053571561,73.21252346428446
2025-07-09,Up,94.32345773929046,105.4044012607119
2025-07-10,Down,134.64006351428543,19.89579548571419
2025-07-11,Up,69.50959895714186,95.15550204285682
2025-07-14,Up,91.12977755357133,141.84277044642658
2025-07-15,Down,91.15575065000303,34.2910063499985
2025-07-16,Down,211.22621748571328,63.56191651428526
2025-07-17,Up,149.5797674464302,21.57843755356953
2025-07-18,Down,99.29810241785526,32.641758582143666
2025-07-21,Up,138.21869064999555,12.940755350002291
2025-07-22,Down,211.52675481428378,14.692965185713547
2025-07-23,Down,83.68033368928445,100.20435331071712
2025-07-24,Down,43.21067458214384,87.95001241785576
2025-07-25,Up,85.63011920356803,13.584499796430464
2025-07-28,Up,24.708113260712707,71.13009173928731
2025-07-29,Up,25.922324046427093,214.3224999535705
2025-07-30,Down,102.43612607500108,139.626766925001
2025-07-31,Down,424.1925868928556,39.674717107143806
2025-08-01,Down,286.1612685678592,47.06479543213936
2025-08-04,Up,175.19598696071262,7.64980303928678
2025-08-05,Down,198.56373852856996,96.22315447143046
2025-08-06,Up,240.80323088928708,67.48931611071384
2025-08-07,Up,25.265593192856613,330.03702280714424
2025-08-08,Up,139.75848440000118,17.11489259999871
2025-08-11,Up,42.134674642857135,179.41001135714396
2025-08-12,Up,175.8406590785744,164.91740492142708
2025-08-13,Down,114.10516037142952,18.87359562857091
2025-08-14,Up,104.64841868213989,45.7318553178593
2025-08-15,Down,129.59028355714327,29.101162442857458
2025-08-18,Up,5.330837821427849,104.01302317857335
2025-08-19,Down,297.50379266428354,19.61937533571472
2025-08-20,Down,353.4984604321435,28.296016567859624
2025-08-21,Down,95.19167800357172,142.9753529964255
2025-08-22,Down,13.069688803570898,448.7198211964278
2025-08-25,Down,6.1035178535712475,173.62558314642592
2025-08-26,Up,87.21258113214208,92.5165188678584
2025-08-27,Down,10.299917382144486,166.3124936178574
2025-08-28,Up,125.55528465357202,114.68953934642923
2025-08-29,Down,219.52162038214374,28.774651617855852
2025-09-02,Down,33.35136134285494,238.8395316571441
2025-09-03,Down,61.41919273571693,153.63239026428346
2025-09-04,Up,141.0153638142874,121.30601118571212
2025-09-05,Down,335.54595764999976,67.80562334999922
2025-09-08,Up,56.332309867855656,76.64644713214511
2025-09-09,Down,64.2455475928582,106.13348440714253
2025-09-10,Down,175.39170710357212,48.49049589642891
2025-09-11,Down,23.352909803572402,118.19674319642581
2025-09-12,Up,80.14251907857033,10.501203921427077
2025-09-15,Up,76.69112249642785,21.293347503571567
2025-09-16,Down,48.69047403928562,18.689922960715194
2025-09-17,Down,245.34388798214422,72.26981501785485
2025-09-18,Down,41.4948444071415,181.9920445928583
2025-09-19,Up,82.6508199392847,102.51668306071588
2025-09-22,Up,176.23538526785705,35.421357732142496
2025-09-23,Down,187.5571953964245,12.783756603574147
2025-09-24,Down,226.21180881071632,9.876757189285854
2025-09-25,Down,118.87941607500034,163.24384892499802
2025-09-26,Down,99.1495080071436,124.0802039928567
2025-09-29,Up,89.51570581428314,111.08242318571502
2025-09-30,Down,61.63146743928155,135.36618156071563
2025-10-01,Up,242.94481498928508,76.72630501071762
2025-10-02,Down,135.62731449999774,14.30692750000162
2025-10-03,Down,175.5518347607176,63.88003323928206
2025-10-06,Down,67.67431454642792,80.71686545357079
2025-10-07,Down,217.02715236785662,15.975289632144268
2025-10-08,Up,219.3132732749982,11.631751725002687
2025-10-09,Down,130.64871600356855,29.829786996429903
2025-10-10,Up,34.718907535716426,997.0755684642827
2025-10-13,Down,50.21198922857002,197.19236877142976
2025-10-14,Down,165.22709458214376,376.3878524178581
2025-10-15,Down,286.5035421035718,178.21545589642847
2025-10-16,Up,74.72831367499748,476.659362325001
2025-10-17,Up,261.89628718214226,132.35618781785888
2025-10-20,Up,171.1642111035726,16.57506289643061
2025-10-21,Down,26.91817446785717,122.50171353213955
2025-10-22,Down,403.22795616071744,95.18123983928308
2025-10-23,Up,204.97473101071228,25.45593898928564
2025-10-24,Up,31.720957203571743,111.52668079642899
2025-10-27,Up,94.46481819286055,39.26726780713943
2025-10-28,Up,107.03342977500142,53.18789522499719
2025-10-29,Down,145.38955652857112,99.18585447142686
2025-10-30,Down,171.83562616786003,137.54840983214308
2025-10-31,Down,248.29253787142807,54.14771712857328
2025-11-03,Down,159.76942847143073,17.682761528569245
2025-11-04,Down,133.94425649999903,218.90270750000127
2025-11-05,Up,282.90489935357255,14.64899064643032
2025-11-06,Down,424.69765008928516,64.4531709107141
2025-11-07,Down,347.77873894285585,99.96657105714257
2025-11-10,Up,160.40594223571316,156.95058376428642
2025-11-11,Down,58.35440029642632,165.6468437035728
2025-11-12,Down,228.97210943214304,27.433446567854844
2025-11-13,Down,419.4787927142861,88.96031028571451
2025-11-14,Down,26.722536164284975,659.6831108357146
2025-11-17,Up,188.22239963928587,349.02053736071684
2025-11-18,Up,37.87300019642862,430.9608308035713
2025-11-19,Up,305.3803402500016,189.42837575000158
2025-11-20,Up,19.43248387499989,1227.362037125
2025-11-21,Down,192.9002671499984,495.3056198500017
2025-11-24,Up,388.9932036714272,37.40640732856991
2025-11-25,Down,166.15568638214245,382.4030416178575
2025-11-26,Up,62.455455803574296,35.27183719642562
2025-11-28,Up,60.04993177142751,7.0732882285701635
2025-12-01,Up,165.59265235714338,69.21002864285401
2025-12-02,Up,99.58080515714028,163.25417784286037
2025-12-03,Up,112.65274966071593,58.884368339284265
2025-12-04,Down,151.87501034285742,32.263784657141514
2025-12-05,Up,120.28080548928483,102.69172951071232
2025-12-08,Up,2.397257399999944,302.10041360000105
2025-12-09,Up,54.4269390499976,48.701073950000136
2025-12-10,Down,59.76060670357401,292.0576492964283
2025-12-11,Down,208.24088052857405,133.80464647142435
2025-12-12,Up,11.021875414284295,504.87536258571345
2025-12-15,Down,334.78302993571197,21.150059064286324
2025-12-16,Up,166.9533384035749,110.37417559642563
2025-12-17,Down,494.12676564642607,7.049127353573567
2025-12-18,Down,63.92836170356895,192.00749829642882
2025-12-19,Up,184.2968526964287,29.87434930357267
2025-12-22,Down,96.06428153928573,45.273432460711774
2025-12-23,Up,120.12707892142862,74.18044407857087
2025-12-24,Up,41.49569861785858,12.238098382142198
2025-12-26,Down,10.081146196429472,69.11890580357067
2025-12-29,Up,60.54176069285677,113.64742130714512
2025-12-30,Up,49.66227941071702,64.68120358928354
2025-12-31,Down,165.08246228571443,11.398682714287133
2026-01-02,Up,66.90233968571556,481.6407863142813
2026-01-05,Down,53.31126918571681,119.34993681428386
2026-01-06,Up,156.85335601071347,44.83938098928775
2026-01-07,Up,161.9490081285694,27.010601871428662
2026-01-08,Down,175.28059320714237,24.884168792857963
2026-01-09,Down,57.772018310715794,319.1285516892822
2026-01-12,Up,238.34140621785627,43.82469578214295
2026-01-13,Up,52.97708602857165,190.9896339714287
2026-01-14,Down,283.46488111071085,92.9263628892877
2026-01-15,Down,208.47676487500212,72.92534912499832
2026-01-16,Down,233.98940526785736,23.21976673214158
2026-01-19,Down,5.937275603570015,178.183745396429
2026-01-20,Up,137.71786788571626,200.21933211428404
2026-01-21,Down,15.890942971429467,519.9190560285715
2026-01-22,Down,137.7205952821423,52.51232671785692
2026-01-23,Up,187.15241511785644,12.757683882144192
2026-01-26,Up,136.05255597499854,25.912823024998943
2026-01-27,Down,8.928651485715818,191.7454355142836
2026-01-28,Down,96.67535987142764,33.202539128575154
2026-01-29,Down,549.9201226964251,25.362571303572622
2026-01-30,Up,44.74239012857288,333.43149187142626
2026-02-02,Up,350.9177141964283,66.47420080357188
2026-02-03,Down,659.6742236714272,27.15066532857236
2026-02-04,Down,540.4876040214294,77.32373497857043
2026-02-05,Down,154.77752985357074,270.5089241464302
2026-02-06,Up,388.6059509000006,99.07282610000038
2026-02-09,Down,16.789538228571473,465.2866637714287
2026-02-10,Down,79.55930767142854,160.84213632857063
2026-02-11,Down,282.33799909285517,25.549019907142792
2026-02-12,Down,550.1229436142858,41.20349038571658
2026-02-13,Down,76.7480152464268,347.7744507535717
2026-02-16,Down,4.836769099998492,97.02824990000227
2026-02-17,Up,146.2254151535708,302.4899918464289
2026-02-18,Up,235.19632340714452,42.13118959285566
2026-02-19,Up,42.225778707143036,172.2000862928544
2026-02-20,Up,347.88904816071226,24.93692083928545
2026-02-23,Down,237.92848930357286,64.86527969642702
2026-02-24,Down,36.009284378571465,355.40705062143024
2026-02-25,Up,167.88628420000168,23.61995079999906
2026-02-26,Down,419.26368446428387,22.83049753571322
2026-02-27,Up,159.85986668571422,99.64126831428439
2026-03-02,Up,400.9507187749987,24.335735224998643
2026-03-03,Up,252.7189258357139,254.56886716428562
2026-03-04,Up,300.1370923214272,98.91911867857198
2026-03-05,Up,155.0103630821468,290.39443091785506
2026-03-06,Down,14.02826796071895,317.2877050392817
2026-03-09,Up,562.4731674178547,196.4212215821426
2026-03-10,Up,149.03761701428448,182.27835598571255
2026-03-11,Up,66.70885338571316,245.50742861428807
2026-03-12,Down,153.27774923571633,72.60792976428638
2026-03-13,Up,82.2942014500004,380.9369705499994
2026-03-16,Up,81.87219068928607,127.46042331071294
2026-03-17,Up,34.107571878572344,138.34553612142918
2026-03-18,Down,182.84416203214278,85.55650296785825
2026-03-19,Down,20.059617849998176,348.3285001500044
2026-03-20,Down,437.83877146071245,65.8858995392875
2026-03-23,Up,114.75640789285535,270.54878010714674
2026-03-24,Down,33.96742079642718,219.78861620357566
2026-03-25,Up,12.060980114285485,229.82785988571413
2026-03-26,Down,301.6171982357155,168.77832176428274
2026-03-27,Down,306.45580156785945,75.56696943214047
2026-03-30,Down,409.69236180357257,19.294212196426088
2026-03-31,Up,518.3150455285722,86.40705347143012
2026-04-01,Up,174.36884213928715,118.01871186071367
2026-04-02,Up,419.1825303642836,27.22610063571483
2026-04-06,Up,102.68552763571279,149.30305536428568
2026-04-07,Down,217.94523508928614,192.10432191071595
2026-04-08,Down,190.11683674643064,46.974624253569345
2026-04-09,Down,30.64730921071532,281.6872367892829
2026-04-10,Down,6.90389568928731,73.64155331071379
2026-04-13,Up,249.7720491214277,65.3399258785721
2026-04-14,Up,261.40028072856876,33.76470227143
2026-04-15,Up,267.42405566071466,35.31573433928497
2026-04-16,Down,83.90722068571631,207.470359314284
2026-04-17,Up,117.8676052857154,54.08051571428223
2026-04-20,Down,154.8552080535701,82.74124094643048
2026-04-21,Down,191.30085137499918,145.5255706249991
2026-04-22,Down,3.9677557214272383,280.3400032785721
2026-04-23,Up,78.69863817856822,400.0291698214314
2026-04-24,Down,12.815852453568368,322.7481015464291
2026-04-27,Down,45.109779964284826,112.6987010357152
2026-04-28,Down,87.62969665714263,157.28906534285488
2026-04-29,Down,22.264522282141115,195.889922717859
2026-04-30,Down,268.6630775285739,194.66262347142765
2026-05-01,Up,223.02666861428588,38.30417638571453
2026-05-04,Up,26.70209664642971,304.56946635357235
2026-05-05,Up,142.06099798928335,17.262445010714146
2026-05-06,Up,259.9592635500012,64.99996044999716
2026-05-07,Up,132.94507875714407,263.72231924285734
2026-05-08,Up,394.5861287178559,19.503325282144942
2026-05-11,Up,107.71736409999721,127.859135900002
2026-05-12,Down,407.70587549643096,151.81987450356974
2026-05-13,Down,142.3820257571424,353.01035824285646
2026-05-14,Up,237.18253924999954,20.613394749998406
2026-05-15,Down,120.27080270714214,280.6889862928583
2026-05-18,Down,455.0385012250008,43.888792775000184
2026-05-19,Up,203.96069903928583,264.1623789607147
2026-05-20,Up,247.94327511428855,142.91677088571305
2026-05-21,Up,261.4742255464298,169.7847914535705
2026-05-22,Up,91.39906508214335,169.93177891785672
2026-05-26,Up,140.49914518571313,94.57236881428616
2026-05-27,Down,237.03825753928686,41.71464346071298
2026-05-28,Down,56.8435171500023,371.6380708500001
2026-05-29,Up,80.1549848249997,188.49817317500128
2026-06-01,Up,278.41383758928714,126.5858484107157
2026-06-02,Down,62.880817603570904,229.50673539642958
2026-06-03,Down,190.33055497142777,55.59818202857423
2026-06-04,Up,267.38708386428334,189.37378413571423
2026-06-05,Down,1003.2110582321402,42.36481376785741
2026-06-08,Down,116.35534902857398,299.2490659714276
2026-06-09,Down,1439.9419713071438,196.72134669285515
2026-06-10,Up,305.55779898214314,458.99273001785696
2026-06-11,Down,77.0150467928579,899.3775872071419
2026-06-12,Down,156.9599215749986,378.326445425002
2026-06-15,Up,170.96844630714259,72.78155369285741
2026-06-16,Down,358.9390035357137,56.31099646428629
2026-06-17,Down,484.0809903321424,138.6690096678576
2026-06-18,Down,83.78599079285777,308.4640092071422
2026-06-22,Up,21.873756382141437,443.12624361785856
2026-06-23,Up,203.43922289285547,266.31077710714453
2026-06-24,Down,312.7119356607145,330.0380643392855
2026-06-25,Down,719.0379449607135,20.962055039286497
2026-06-26,Down,49.9213231535723,484.5786768464277
2026-06-29,Up,295.5393640500006,500.2106359499994
2026-06-30,Up,432.2991495999995,17.20085040000049
